-0.00042629,0.88214,0.24913,13.95
0.0078388,0.87819,0.2421,13.955
0.01954,0.88214,0.25477,13.96
0.019305,0.89003,0.2626,13.965
0.0031225,0.89398,0.26507,13.97
0.0073667,0.89793,0.25784,13.975
0.022976,0.89003,0.27447,13.979
0.01115,0.90188,0.26595,13.984
0.0072421,0.91373,0.26199,13.989
0.014918,0.93347,0.27461,13.994
0.019032,0.96112,0.27169,13.999
0.023854,0.96112,0.2452,14.004
0.020061,0.97297,0.2374,14.009
0.019944,0.97691,0.24131,14.014
0.0084703,0.97691,0.22105,14.019
0.012029,0.97297,0.23668,14.023
0.0084703,0.97691,0.22105,14.028
0.016843,0.98481,0.21042,14.033
0.004912,0.98086,0.20542,14.038
0.0052525,0.98876,0.19407,14.043
-0.0070218,0.98086,0.2005,14.048
-0.0067987,0.99271,0.19306,14.053
-0.023442,0.99666,0.21088,14.058
-0.041003,0.99666,0.2593,14.062
-0.057646,1.0006,0.27712,14.067
-0.070961,1.0006,0.31823,14.072
-0.079113,1.0085,0.3215,14.077
-0.087493,1.0125,0.33237,14.082
-0.08692,1.0164,0.31327,14.087
-0.069124,1.0085,0.25701,14.092
-0.055107,0.98876,0.19248,14.097
-0.048796,1.0006,0.11636,14.102
-0.035486,1.0085,0.075398,14.106
-0.01931,1.0164,0.073165,14.111
0.008099,1.0401,0.099186,14.116
0.0292,1.048,0.20126,14.121
0.071399,1.0875,0.27124,14.126
0.12186,1.1349,0.33443,14.131
0.17839,1.202,0.32932,14.136
0.23606,1.2928,0.28632,14.141
0.27778,1.3876,0.23811,14.146
0.32342,1.4429,0.19332,14.15
0.33558,1.4548,0.19081,14.155
0.30636,1.3718,0.22498,14.16
0.28555,1.2376,0.24735,14.165
0.26821,1.0717,0.28863,14.17
0.28299,0.90978,0.33289,14.175
0.27207,0.74392,0.29397,14.18
0.27222,0.69258,0.28911,14.185
0.25551,0.62149,0.30926,14.189
0.23568,0.57805,0.29891,14.194
0.20825,0.59385,0.27368,14.199
0.1807,0.6057,0.25221,14.204
0.1613,0.62939,0.22785,14.209
0.14085,0.66888,0.23834,14.214
0.10882,0.69258,0.23209,14.219
0.092738,0.71627,0.23111,14.224
0.080666,0.75576,0.23082,14.229
0.10107,0.79131,0.22182,14.233
0.12548,0.85054,0.21367,14.238
0.1609,0.91373,0.2412,14.243
0.17773,0.98086,0.21713,14.248
0.18183,1.0243,0.21452,14.253
0.19764,1.0717,0.22458,14.258
0.24237,1.1112,0.21017,14.263
0.2427,1.1388,0.19921,14.268
0.25554,1.1546,0.17375,14.272
0.25476,1.127,0.20006,14.277
0.25902,1.0954,0.19211,14.282
0.25066,1.0598,0.20219,14.287
0.24358,1.0164,0.16991,14.292
0.24795,1.0006,0.15845,14.297
0.24406,0.97691,0.15378,14.302
0.24879,0.94532,0.13049,14.307
0.245,0.95322,0.12262,14.312
0.23249,0.94927,0.1368,14.316
0.22882,0.94927,0.12493,14.321
0.21275,0.95717,0.12364,14.326
0.19668,0.95717,0.12219,14.331
0.1688,0.96112,0.11207,14.336
0.16878,0.98481,0.11254,14.341
0.18875,0.97691,0.11803,14.346
0.193,0.98086,0.1108,14.351
0.19299,0.99271,0.11103,14.355
0.19781,1.0006,0.084696,14.36
0.20595,1.0085,0.08174,14.365
0.19344,1.0164,0.096159,14.37
0.19803,1.0125,0.07726,14.375
0.22271,1.0125,0.060247,14.38
0.21501,1.0204,0.048173,14.385
0.21949,1.0243,0.033268,14.39
0.21203,1.0204,0.013285,14.395
0.20824,1.0283,0.005408,14.399
0.21272,1.0322,-0.009497,14.404
0.22478,1.0125,-0.0088064,14.409
0.20825,1.0164,0.0051717,14.414
0.22821,1.0204,0.010894,14.419
0.22466,1.0085,-0.0050489,14.424
0.21261,1.0125,-0.0060545,14.429
0.19574,1.0085,0.019275,14.434
0.1884,1.0204,-0.0042295,14.438
0.18025,1.0243,-0.0010373,14.443
0.15971,1.0164,0.012343,14.448
0.15925,1.0204,0.027767,14.453
0.15936,1.0164,0.023852,14.458
0.16338,1.0085,0.024056,14.463
0.14744,0.99666,0.018537,14.468
0.15547,0.99666,0.01926,14.473
0.13563,0.98876,0.0096229,14.478
0.15168,1.0046,0.011384,14.482
0.16316,1.0006,0.031571,14.487
0.1471,0.98876,0.029889,14.492
0.13539,1.0046,0.017611,14.497
0.15948,1.0125,0.019937,14.502
0.16315,1.0085,0.031729,14.507
0.15534,1.0243,0.023648,14.512
0.14732,1.0125,0.022689,14.517
0.14341,1.0204,0.018649,14.521
0.14388,1.0046,0.0029883,14.526
0.12036,1.0085,-0.018283,14.531
0.12024,1.0125,-0.014368,14.536
0.12002,1.0006,-0.0069319,14.541
0.14377,1.0046,0.0068246,14.546
0.11966,1.0164,0.0048921,14.551
0.11553,1.0164,0.008367,14.556
0.10738,1.0243,0.011638,14.561
0.083394,1.0243,0.0056328,14.565
0.06778,1.0401,-0.010843,14.57
0.060097,1.0322,-0.023233,14.575
0.064111,1.0362,-0.022792,14.58
0.047929,1.0401,-0.020323,14.585
0.064111,1.0362,-0.022792,14.59
0.064113,1.0322,-0.022871,14.595
0.076165,1.0283,-0.021866,14.6
0.07422,1.0283,-0.091281,14.604
0.072834,1.0362,-0.045087,14.609
0.072388,1.0125,-0.030215,14.614
0.076169,1.0204,-0.022023,14.619
0.060219,1.0204,-0.027305,14.624
0.076294,1.0046,-0.026175,14.629
0.093165,1.0046,-0.051583,14.634
0.085597,0.99666,-0.067809,14.639
0.085945,0.99271,-0.079396,14.644
0.077344,0.98086,-0.061174,14.648
0.093651,0.96112,-0.067795,14.653
0.093761,0.96902,-0.071473,14.658
0.093294,0.98086,-0.055892,14.663
0.10121,0.98086,-0.051333,14.668
0.1136,0.99666,-0.061442,14.673
0.126,0.98876,-0.072024,14.678
0.16202,0.99271,-0.064856,14.683
0.18635,0.99666,-0.070281,14.688
0.21423,0.99666,-0.060078,14.692
0.21388,1.0085,-0.048333,14.697
0.22535,1.0085,-0.028067,14.702
0.2256,0.98876,-0.036133,14.707
0.23293,1.0006,-0.012156,14.712
0.22835,0.98876,0.0064277,14.717
0.20036,0.96902,-0.00033275,14.722
0.18832,0.96112,-0.0015747,14.727
0.14414,0.96112,-0.0055508,14.731
0.10397,0.96112,-0.0091655,14.736
0.064151,0.96902,-0.024132,14.741
0.056227,0.98086,-0.028454,14.746
0.048302,0.99271,-0.032777,14.751
0.048647,0.99271,-0.044286,14.756
0.044976,0.99271,-0.056157,14.761
0.065281,1.0046,-0.061786,14.766
0.073194,1.0125,-0.057069,14.771
0.072956,1.0243,-0.04916,14.775
0.073184,1.0283,-0.056754,14.78
0.076517,1.0164,-0.033611,14.785
0.099011,1.0046,0.02203,14.79
0.11818,0.99271,0.054292,14.795
0.14904,1.0006,0.09954,14.8
0.19528,0.98876,0.16886,14.805
0.21031,0.98876,0.20483,14.81
0.24967,0.99271,0.23538,14.814
0.24956,0.98481,0.23906,14.819
0.25782,0.98876,0.23219,14.824
0.26643,0.98481,0.21365,14.829
0.26402,0.99666,0.15982,14.834
0.23705,1.0006,0.119,14.839
0.21743,1.0085,0.10201,14.844
0.17749,1.0204,0.090955,14.849
0.12207,1.0125,0.058883,14.854
0.073421,0.99666,0.069576,14.858
0.025343,0.99271,0.061323,14.863
-0.027427,0.96507,0.075254,14.868
-0.080656,0.93347,0.10445,14.873
-0.11763,0.96507,0.12868,14.878
-0.1569,1.0085,0.095244,14.883
-0.15289,1.0322,0.096078,14.888
-0.1645,1.0598,0.0802,14.893
-0.17631,1.0441,0.071128,14.897
-0.16944,1.0598,0.11053,14.902
-0.13718,1.0519,0.10943,14.907
-0.14546,1.0677,0.11669,14.912
-0.13365,1.0875,0.12584,14.917
-0.099831,1.1309,0.20669,14.922
-0.084713,1.1744,0.23969,14.927
-0.092302,1.202,0.22417,14.932
-0.11767,1.2297,0.13012,14.937
-0.14301,1.2099,0.035129,14.941
-0.13886,1.1704,0.030866,14.946
-0.088694,1.1349,0.10391,14.951
-0.05379,1.0954,0.14857,14.956
-0.049184,1.0717,0.12928,14.961
-0.048822,1.0441,0.11722,14.966
-0.040883,1.0085,0.12107,14.971
-0.057834,0.94927,0.14914,14.976
-0.065943,0.88609,0.15099,14.98
-0.070058,0.85844,0.15391,14.985
-0.077851,0.84264,0.1452,14.99
-0.093559,0.8229,0.13185,14.995
-0.097583,0.83475,0.13173,15
-0.085555,0.87029,0.13352,15.005
-0.11378,0.86634,0.13475,15.01
-0.1255,0.89398,0.12271,15.015
-0.1588,0.92953,0.15889,15.02
-0.17913,0.95322,0.16522,15.024
-0.1711,0.94927,0.16587,15.029
-0.18787,0.98086,0.18807,15.034
-0.18386,0.98876,0.18859,15.039
-0.1842,0.98876,0.2001,15.044
-0.18777,1.0125,0.18486,15.049
-0.17573,1.0164,0.18603,15.054
-0.15978,1.0283,0.19155,15.059
-0.17205,1.0125,0.19782,15.063
-0.18398,1.0006,0.19266,15.068
-0.17593,0.97691,0.19291,15.073
-0.18786,0.96507,0.18776,15.078
-0.1835,0.96112,0.17653,15.083
-0.19612,0.95717,0.19455,15.088
-0.21276,0.95717,0.21228,15.093
-0.2294,0.95322,0.22994,15.098
-0.22997,0.95322,0.24912,15.103
-0.2387,0.96112,0.27157,15.107
-0.21552,0.96112,0.30443,15.112
-0.21564,0.96507,0.30835,15.117
-0.17961,0.96507,0.31544,15.122
-0.15598,0.97691,0.33319,15.127
-0.12787,0.98086,0.3358,15.132
-0.10331,0.98086,0.32262,15.137
-0.10308,0.98876,0.31511,15.142
-0.079447,0.98876,0.33262,15.146
-0.082885,0.98481,0.313,15.151
-0.07129,0.97297,0.32919,15.156
-0.051088,0.96507,0.32701,15.161
-0.04248,0.96507,0.30855,15.166
-0.037889,0.96507,0.28973,15.171
-0.025837,0.96112,0.29073,15.176
-0.0052978,0.96507,0.27727,15.181
0.015127,0.96902,0.26765,15.186
0.019251,0.98086,0.26441,15.19
0.035549,0.97691,0.25811,15.195
0.04771,0.98086,0.25543,15.2
0.052069,0.98481,0.24436,15.205
0.067796,0.97297,0.25708,15.21
0.07147,0.96902,0.26887,15.215
0.067005,0.94927,0.28346,15.22
0.074821,0.92558,0.29139,15.225
0.062315,0.92163,0.30557,15.229
0.054183,0.89398,0.30813,15.234
0.061544,0.86239,0.33124,15.239
0.061657,0.86634,0.32748,15.244
0.037327,0.87029,0.33307,15.249
0.033085,0.86239,0.34022,15.254
0.04042,0.87424,0.3642,15.259
0.028019,0.88609,0.37486,15.264
0.020334,0.88214,0.36255,15.269
0.028813,0.90583,0.3484,15.273
0.0327,0.92953,0.35307,15.278
0.032577,0.94137,0.35714,15.283
0.024423,0.95322,0.36049,15.288
0.024763,0.96112,0.34914,15.293
0.032803,0.94927,0.34963,15.298
0.037049,0.94927,0.34231,15.303
0.049103,0.94137,0.34324,15.308
0.053239,0.93347,0.33961,15.312
0.04922,0.93742,0.33933,15.317
0.065631,0.93742,0.32926,15.322
0.066084,0.94927,0.31415,15.327
0.08559,0.94927,0.33514,15.332
0.0857,0.95717,0.33146,15.337
0.10578,0.96112,0.33335,15.342
0.11416,0.96507,0.32264,15.347
0.13377,0.96902,0.33987,15.352
0.12161,0.96902,0.34263,15.356
0.12538,0.98876,0.35105,15.361
0.12126,0.98086,0.35437,15.366
0.1138,0.98876,0.33463,15.371
0.1092,0.99666,0.3536,15.376
0.10943,0.98876,0.34577,15.381
0.097157,0.98481,0.35228,15.386
0.088784,0.97691,0.36291,15.391
0.068816,0.98086,0.35735,15.396
0.048281,0.96902,0.37065,15.4
0.040138,0.96112,0.3736,15.405
0.035891,0.96112,0.38091,15.41
0.035896,0.95322,0.38076,15.415
0.043926,0.95717,0.38156,15.42
0.03165,0.95322,0.38807,15.425
0.036006,0.96112,0.37708,15.43
0.028317,0.96507,0.36492,15.435
0.02866,0.96902,0.35349,15.439
0.029127,0.95717,0.33791,15.444
0.033024,0.96507,0.34227,15.449
0.028434,0.96112,0.36101,15.454
0.028672,0.94927,0.3531,15.459
0.032801,0.95322,0.3497,15.464
0.032563,0.96507,0.35761,15.469
0.036927,0.96112,0.34639,15.474
0.029355,0.96112,0.33032,15.479
0.046108,0.96507,0.30883,15.483
0.029806,0.97691,0.31529,15.488
0.036915,0.98086,0.34678,15.493
0.036565,0.98876,0.35845,15.498
0.019922,0.99271,0.37626,15.503
0.024751,0.98086,0.34953,15.508
0.013062,0.95717,0.33647,15.513
0.016735,0.95322,0.34826,15.518
0.0056167,0.93742,0.31617,15.522
0.0098702,0.92558,0.30862,15.527
-0.0014763,0.90583,0.28413,15.532
-0.0061807,0.90188,0.3067,15.537
0.0022018,0.89398,0.29576,15.542
0.0025566,0.87819,0.28394,15.547
-0.0056968,0.86239,0.29057,15.552
-0.009363,0.85449,0.27854,15.557
-0.0048888,0.85844,0.26364,15.562
-0.025095,0.87424,0.26598,15.566
-0.033712,0.89003,0.28475,15.571
-0.041639,0.90583,0.28051,15.576
-0.062644,0.90978,0.30947,15.581
-0.070458,0.92953,0.30147,15.586
-0.082624,0.93347,0.3043,15.591
-0.095016,0.92953,0.31465,15.596
-0.099502,0.94532,0.32995,15.601
-0.1065,0.94137,0.29462,15.605
-0.10121,0.93742,0.2527,15.61
-0.093515,0.92163,0.26462,15.615
-0.094079,0.90188,0.28341,15.62
-0.11083,0.89793,0.3049,15.625
-0.10302,0.88609,0.31306,15.63
-0.10704,0.89003,0.31278,15.635
-0.11404,0.88609,0.27745,15.64
-0.10153,0.89003,0.26326,15.645
-0.1091,0.88609,0.24712,15.649
-0.1045,0.87424,0.22806,15.654
-0.10496,0.87424,0.24341,15.659
-0.089252,0.89398,0.25676,15.664
-0.06941,0.90978,0.26655,15.669
-0.08148,0.94532,0.26617,15.674
-0.077838,0.99271,0.27899,15.679
-0.055138,1.0204,0.32775,15.684
-0.020736,1.0519,0.38917,15.688
0.0013718,1.1072,0.45766,15.693
0.013388,1.1625,0.45985,15.698
0.035496,1.2376,0.3941,15.703
0.072175,1.3086,0.37959,15.708
0.092142,1.3086,0.38523,15.713
0.11556,1.2849,0.40995,15.718
0.13625,1.2336,0.39155,15.723
0.11623,1.1349,0.38777,15.728
0.09253,1.0441,0.37228,15.732
0.068686,1.0046,0.36165,15.737
0.056905,0.94137,0.35164,15.742
0.045331,0.91768,0.33474,15.747
0.042015,0.90188,0.31104,15.752
0.038353,0.88609,0.29886,15.757
0.046381,0.89398,0.29974,15.762
0.051884,0.90978,0.25054,15.767
0.067928,0.94532,0.25269,15.771
0.072383,0.98086,0.23842,15.776
0.08408,0.99271,0.25125,15.781
0.095776,1.0046,0.26408,15.786
0.091755,1.0125,0.26388,15.791
0.068226,1.0243,0.24276,15.796
0.076263,1.0164,0.24333,15.801
0.092901,1.0204,0.22567,15.806
0.092904,1.0164,0.22559,15.811
0.12127,0.98481,0.21982,15.815
0.14881,0.96902,0.24122,15.82
0.1759,0.96112,0.27811,15.825
0.19955,0.94137,0.29523,15.83
0.21607,0.93742,0.28126,15.835
0.22399,0.94137,0.28589,15.84
0.23605,0.92163,0.28659,15.845
0.25236,0.90583,0.28004,15.85
0.24031,0.90188,0.27888,15.854
0.22872,0.90188,0.26245,15.859
0.24538,0.87424,0.24416,15.864
0.2416,0.86634,0.23597,15.869
0.23805,0.85449,0.22003,15.874
0.23013,0.85844,0.21555,15.879
0.2377,0.85054,0.23146,15.884
0.22921,0.85449,0.24616,15.889
0.23758,0.87029,0.23569,15.894
0.21061,0.88609,0.19511,15.898
0.21025,0.90583,0.20701,15.903
0.21035,0.92558,0.20357,15.908
0.19863,0.96112,0.19169,15.913
0.20264,0.96902,0.19221,15.918
0.21079,0.96507,0.18901,15.923
0.19139,0.97297,0.16435,15.928
0.204,0.99271,0.14664,15.933
0.20515,1.0006,0.10844,15.938
0.22558,0.98876,0.098499,15.942
0.2265,0.99271,0.067887,15.947
0.21801,0.99271,0.08251,15.952
0.20551,0.97691,0.096456,15.957
0.21366,0.97691,0.093342,15.962
0.22146,0.98481,0.1019,15.967
0.20136,1.0085,0.10056,15.972
0.1978,1.0164,0.085011,15.977
0.18953,1.0243,0.092119,15.981
0.1815,1.0283,0.091474,15.986
0.17393,1.0204,0.075249,15.991
0.16533,1.0125,0.09355,15.996
0.16545,1.0006,0.089477,16.001
0.18141,0.98481,0.094444,16.006
0.17327,0.96507,0.097164,16.011
0.16927,0.94927,0.096487,16.016
0.16961,0.94532,0.0849,16.021
0.18143,0.94927,0.093735,16.025
0.19406,0.93742,0.075402,16.03
0.21012,0.94532,0.077005,16.035
0.21425,0.94532,0.07353,16.04
0.2263,0.94137,0.074536,16.045
0.24649,0.96507,0.07298,16.05
0.25441,0.95717,0.077381,16.055
0.24212,0.96507,0.084127,16.06
0.26151,0.96902,0.10903,16.064
0.27035,0.96507,0.082821,16.069
0.26761,0.96112,0.040181,16.074
0.25557,0.94137,0.038703,16.079
0.26373,0.92558,0.035275,16.084
0.24422,0.92953,0.014365,16.089
0.24445,0.92558,0.0066132,16.094
0.23228,0.94137,0.0096802,16.099
0.22826,0.94532,0.0093975,16.104
0.19601,0.94927,0.010421,16.108
0.17214,0.96112,0.00081576,16.113
0.15583,0.97297,0.0072788,16.118
0.11497,0.98876,0.026997,16.123
0.094088,0.98086,0.051886,16.128
0.065854,0.98876,0.05335,16.133
0.041871,0.98876,0.047345,16.138
0.022032,0.96902,0.037471,16.143
0.0024155,0.96112,0.020161,16.147
-0.0014786,0.94927,0.015727,16.152
-0.0018168,0.93742,0.027,16.157
-0.013758,0.94927,0.022315,16.162
-0.0095183,0.96112,0.01524,16.167
-0.017656,0.94532,0.018039,16.172
-0.0054996,0.95717,0.015523,16.177
-0.0050392,0.95717,0.00017775,16.182
0.023068,0.96902,0.0029443,16.187
0.011005,0.99271,0.0023325,16.191
0.019155,0.98876,-0.00085961,16.196
0.031422,1.0085,-0.007054,16.201
0.067106,1.0125,0.011623,16.206
0.059181,1.0243,0.0073003,16.211
0.063423,1.0322,0.00014667,16.216
0.070882,1.0283,0.019972,16.221
0.079483,1.0401,0.0017501,16.226
0.10795,1.0322,-0.0073861,16.23
0.11966,1.0243,0.0050497,16.235
0.12401,1.0283,-0.0060191,16.24
0.12355,1.0322,0.009405,16.245
0.13123,1.0559,0.022109,16.25
0.13111,1.0519,0.025867,16.255
0.1147,1.0598,0.036088,16.26
0.10311,1.0598,0.019658,16.265
0.11481,1.0598,0.032251,16.27
0.10736,1.0559,0.012268,16.274
0.1193,1.0401,0.016874,16.279
0.11127,1.0441,0.01623,16.284
0.11598,1.0322,-0.0066632,16.289
0.10348,1.0243,0.0074401,16.294
0.099236,1.0125,0.014515,16.299
0.094529,1.0125,0.037171,16.304
0.09063,1.0085,0.032895,16.309
0.086501,1.0046,0.036291,16.313
0.090386,1.0322,0.04104,16.318
0.10267,1.0322,0.034452,16.323
0.094398,1.0401,0.041559,16.328
0.11069,1.048,0.03549,16.333
0.094731,1.0598,0.030444,16.338
0.086351,1.0638,0.041309,16.343
0.086687,1.0796,0.030115,16.348
0.071547,1.0717,-0.002179,16.353
0.079685,1.0875,-0.0049773,16.357
0.072003,1.0796,-0.017367,16.362
0.063972,1.0756,-0.018168,16.367
0.060764,1.0717,-0.045463,16.372
0.040467,1.048,-0.04007,16.377
0.033132,1.0362,-0.064047,16.382
0.025339,1.0204,-0.072758,16.387
0.057366,1.0006,-0.066424,16.392
0.04566,1.0046,-0.078938,16.396
0.057716,0.99271,-0.07809,16.401
0.057371,0.99271,-0.066581,16.406
0.060929,0.98876,-0.050953,16.411
0.081459,1.0085,-0.064097,16.416
0.085926,1.0243,-0.078766,16.421
0.082356,1.048,-0.094,16.426
0.10253,1.0835,-0.09532,16.431
0.10722,1.1191,-0.11727,16.436
0.071521,1.1349,-0.13555,16.44
0.047073,1.1428,-0.12605,16.445
0.0396,1.1704,-0.14541,16.45
0.0079084,1.206,-0.16293,16.455
-0.031789,1.1981,-0.18205,16.46
-0.055408,1.1665,-0.2002,16.465
-0.057435,1.1112,-0.26688,16.47
-0.036289,1.0638,-0.30054,16.475
0.0011354,1.0243,-0.20564,16.479
0.00034157,0.98481,-0.044945,16.484
-0.028698,0.97297,0.11761,16.489
-0.07221,0.99271,0.22564,16.494
-0.12421,1.0204,0.21382,16.499
-0.16643,1.0125,0.14447,16.504
-0.060495,1.1862,0.10363,16.509
-0.043472,1.123,0.073123,16.514
-0.030761,1.1704,0.052135,16.519
-0.046476,1.1625,0.039022,16.523
-0.058072,1.1744,0.022829,16.528
0.01444,1.1941,0.022057,16.533
0.14331,1.1902,0.022036,16.538
0.27163,1.1388,0.040251,16.543
0.31067,1.0875,0.081205,16.548
0.29727,1.048,0.12537,16.553
0.28763,1.0362,0.17812,16.558
0.3022,1.0322,0.22936,16.562
0.34169,1.0046,0.25544,16.567
0.20533,1.0717,0.23681,16.572
0.071076,1.2613,0.14774,16.577
0.067037,1.3007,0.14817,16.582
0.078381,1.3244,0.17274,16.587
0.065364,1.4034,0.20393,16.592
0.058984,1.5061,0.28234,16.597
0.049768,1.5614,0.32108,16.602
0.077534,1.5653,0.3352,16.606
0.083178,1.5377,0.2813,16.611
0.085137,1.5337,0.21601,16.616
0.077574,1.5179,0.19962,16.621
0.074148,1.4943,0.17961,16.626
0.094349,1.4864,0.17742,16.631
0.12213,1.4627,0.19099,16.636
0.16231,1.4311,0.19397,16.641
0.19515,1.3995,0.17321,16.646
0.24293,1.3323,0.19156,16.65
0.27072,1.2968,0.20489,16.655
0.25873,1.1941,0.20176,16.66
0.28771,1.1033,0.17562,16.665
0.34008,1.0243,0.17491,16.67
0.39313,0.97691,0.15181,16.675
0.41761,0.90188,0.14097,16.68
0.35488,0.84659,0.084213,16.685
0.32035,0.83475,0.027015,16.689
0.24131,0.7992,-0.023123,16.694
0.20864,0.73997,-0.0080148,16.699
0.19981,0.73997,0.018116,16.704
0.17539,0.70048,0.026669,16.709
0.10586,0.66888,0.062093,16.714
0.045297,0.62939,0.067393,16.719
0.033046,0.582,0.073036,16.724
0.021345,0.57805,0.060363,16.729
0.021944,0.53856,0.040394,16.733
0.01806,0.51092,0.035645,16.738
0.014055,0.49117,0.03489,16.743
0.017853,0.47143,0.04253,16.748
0.025538,0.47538,0.054841,16.753
0.02508,0.47143,0.070107,16.758
0.036645,0.51092,0.087324,16.763
0.04433,0.51487,0.099635,16.768
0.048348,0.51092,0.099918,16.772
0.056731,0.50302,0.088974,16.777
0.06855,0.50302,0.097731,16.782
0.080018,0.51092,0.11815,16.787
0.091844,0.49907,0.12668,16.792
0.08748,0.50302,0.1379,16.797
0.054638,0.53856,0.15874,16.802
0.053574,0.58595,0.19421,16.807
0.069385,0.62544,0.20412,16.812
0.061691,0.63729,0.19212,16.816
0.050765,0.68468,0.15362,16.821
0.047079,0.70837,0.14222,16.826
0.046485,0.73997,0.16203,16.831
0.021802,0.75576,0.17936,16.836
0.016753,0.75181,0.21345,16.841
-0.0034368,0.73997,0.21524,16.846
-0.020634,0.70837,0.25153,16.851
-0.028204,0.70443,0.23538,16.855
-0.044715,0.68073,0.24881,16.86
-0.056304,0.68073,0.23238,16.865
-0.055843,0.68073,0.21703,16.87
-0.062596,0.65704,0.17364,16.875
-0.089556,0.65309,0.13266,16.88
-0.12456,0.66098,0.091204,16.885
-0.15612,0.68073,0.069525,16.89
-0.21191,0.71232,0.049749,16.895
-0.23971,0.77156,0.036892,16.899
-0.28014,0.82685,0.042052,16.904
-0.28842,0.85054,0.049475,16.909
-0.30955,0.87029,0.082588,16.914
-0.3075,0.88609,0.14848,16.919
-0.31311,0.87029,0.20151,16.924
-0.31025,0.87424,0.24032,16.929
-0.30717,0.89398,0.27176,16.934
-0.2878,0.92558,0.29722,16.938
-0.272,0.98481,0.30752,16.943
-0.23639,1.123,0.32887,16.948
-0.20803,1.2889,0.3232,16.953
-0.17535,1.514,0.30757,16.958
-0.15057,1.7233,0.28706,16.963
-0.12117,1.8931,0.24694,16.968
-0.11217,1.9958,0.21518,16.973
-0.10246,2.0787,0.16001,16.978
-0.10982,2.1182,0.13706,16.982
-0.12577,2.1182,0.13178,16.987
-0.15395,2.0274,0.13127,16.992
-0.21974,1.8892,0.17644,16.997
-0.27035,1.6996,0.25272,17.002
-0.29445,1.4903,0.38485,17.007
-0.30104,1.36,0.47012,17.012
-0.21935,1.1586,0.7004,17.017
0.031923,1.1862,0.9159,17.021
0.42202,1.4745,0.93369,17.026
0.74462,1.8497,0.65096,17.031
1.0714,2.1459,0.22854,17.036
1.356,2.3828,-0.12962,17.041
1.4446,2.5605,-0.26427,17.046
1.1759,2.446,-0.033014,17.051
0.66557,1.8576,0.46705,17.056
0.32819,1.2494,0.70533,17.061
0.18977,0.76366,0.48698,17.065
0.2091,0.34111,0.11099,17.07
0.25171,-0.073552,-0.10119,17.075
0.26777,-0.26311,-0.099688,17.08
0.25533,-0.56324,-0.087577,17.085
0.20453,-0.61458,-0.13934,17.09
0.1631,-0.42502,-0.10081,17.095
0.14054,-0.14069,0.11442,17.1
0.16009,0.12785,0.40235,17.104
0.31057,0.43194,0.48737,17.109
0.3905,0.72812,0.37355,17.114
0.3494,0.96902,0.26696,17.119
0.28764,1.2178,0.1779,17.124
0.29483,1.4824,0.072291,17.129
0.39897,1.7667,0.091197,17.134
0.53448,1.9681,0.13819,17.139
0.59457,2.0432,0.14895,17.144
0.5644,2.0353,0.080683,17.148
0.53243,1.9602,0.072458,17.153
0.43536,1.7391,0.086226,17.158
0.29748,1.4587,0.11822,17.163
0.1952,1.1309,0.17169,17.168
0.1062,0.85844,0.18516,17.173
0.050222,0.62939,0.1717,17.178
-0.0046548,0.48722,0.1216,17.183
-0.023329,0.44378,0.072891,17.188
-0.0308,0.46748,0.053459,17.192
-0.014879,0.51487,0.059686,17.197
-0.043731,0.59385,0.081749,17.202
-0.068446,0.66493,0.10018,17.207
-0.060463,0.74787,0.10256,17.212
-0.065095,0.815,0.12272,17.217
-0.065119,0.85449,0.1235,17.222
-0.029459,0.89793,0.14297,17.227
0.038339,0.92953,0.16509,17.231
0.085259,0.94532,0.21194,17.236
0.12555,0.92953,0.2114,17.241
0.15483,0.90583,0.1751,17.246
0.16299,0.87424,0.17136,17.251
0.18334,0.815,0.16431,17.256
0.21184,0.75181,0.15407,17.261
0.20867,0.68468,0.12551,17.266
0.20458,0.60965,0.12749,17.271
0.1687,0.55436,0.11546,17.275
0.14013,0.53461,0.12789,17.28
0.17191,0.54646,0.14252,17.285
0.1788,0.54251,0.18153,17.29
0.13507,0.55041,0.16237,17.295
0.099827,0.582,0.12905,17.3
0.084218,0.5899,0.11242,17.305
0.091886,0.62149,0.12528,17.31
0.09566,0.64124,0.13371,17.314
0.075689,0.64914,0.12822,17.319
0.07304,0.67283,0.082298,17.324
0.069575,0.71232,0.063543,17.329
0.10238,0.74392,0.044047,17.334
0.11442,0.74787,0.04521,17.339
0.11809,0.75576,0.057238,17.344
0.13368,0.77551,0.074423,17.349
0.11715,0.78736,0.088559,17.354
0.10809,0.77946,0.12221,17.358
0.096263,0.78736,0.11361,17.363
0.064586,0.7992,0.095605,17.368
0.060345,0.79131,0.10276,17.373
0.052298,0.815,0.10251,17.378
0.06457,0.82685,0.096156,17.383
0.10497,0.8229,0.09202,17.388
0.11289,0.81895,0.0965,17.393
0.092797,0.8308,0.094929,17.397
0.073732,0.86239,0.059225,17.402
0.043192,0.89793,0.0033338,17.407
0.031817,0.92558,-0.020217,17.412
0.03168,0.96112,-0.015672,17.417
0.018906,1.0204,0.0074432,17.422
0.030123,1.0638,0.036248,17.427
0.033547,1.0914,0.056343,17.432
0.049248,1.123,0.069928,17.437
0.049133,1.123,0.073764,17.441
0.05717,1.1151,0.074329,17.446
0.048804,1.0954,0.084721,17.451
0.02081,1.0875,0.078197,17.456
0.0086461,1.0875,0.080949,17.461
-0.027165,1.1033,0.066502,17.466
-0.07836,1.1349,0.027907,17.471
-0.12174,1.1467,-0.0026875,17.476
-0.17765,1.1862,-0.018469,17.48
-0.19074,1.206,0.015367,17.485
-0.26409,1.2376,0.044018,17.49
-0.30496,1.2613,0.063893,17.495
-0.36129,1.2376,0.062197,17.5
-0.39445,1.2297,0.093674,17.505
-0.41141,1.1862,0.12205,17.51
-0.3425,1.0914,0.10713,17.515
-0.22541,1.0204,0.097008,17.52
-0.12464,0.98876,0.093906,17.524
-0.034013,1.0283,0.16055,17.529
0.01554,1.048,0.25388,17.534
-0.017434,1.1112,0.2791,17.539
-0.17438,1.2415,0.27528,17.544
-0.27419,1.4034,0.24645,17.549
-0.23332,1.5653,0.22644,17.554
-0.051231,1.6088,0.19754,17.559
0.12941,1.5653,0.21678,17.563
0.22133,1.5614,0.24036,17.568
0.25403,1.5653,0.22414,17.573
0.35584,1.5377,0.18659,17.578
0.53049,1.5416,0.137,17.583
0.67207,1.5811,0.11591,17.588
0.73514,1.6483,0.1614,17.593
0.77754,1.7351,0.22465,17.598
0.76749,1.8378,0.29119,17.603
0.69481,1.9208,0.29785,17.607
0.64924,1.9326,0.34015,17.612
0.62849,1.8971,0.36065,17.617
0.58358,1.7667,0.38093,17.622
0.49084,1.6088,0.38481,17.627
0.38685,1.4627,0.36098,17.632
0.27848,1.3442,0.34886,17.637
0.19912,1.2731,0.30952,17.642
0.16379,1.2494,0.27894,17.646
0.093237,1.2297,0.2145,17.651
0.037812,1.2336,0.18266,17.656
-0.0011955,1.2257,0.14053,17.661
-0.016894,1.1902,0.12686,17.666
-0.025244,1.1428,0.13671,17.671
0.0029035,1.0875,0.13813,17.676
0.018203,1.0204,0.16509,17.681
0.034064,0.97691,0.17335,17.686
0.046472,0.95322,0.16245,17.69
0.054073,0.90583,0.17757,17.695
0.074406,0.87029,0.171,17.7
0.06227,0.8229,0.1728,17.705
0.082721,0.78341,0.16231,17.71
0.082841,0.77551,0.15832,17.715
0.094347,0.72022,0.17748,17.72
0.10735,0.65704,0.14662,17.725
0.13137,0.5978,0.15144,17.729
0.16743,0.55041,0.15759,17.734
0.1639,0.50302,0.14093,17.739
0.17953,0.47143,0.15709,17.744
0.16439,0.45958,0.12472,17.749
0.12861,0.42404,0.10925,17.754
0.10143,0.40824,0.075715,17.759
0.10237,0.3727,0.044315,17.764
0.098835,0.33716,0.0279,17.769
0.083376,0.28582,0.0062481,17.773
0.0679,0.26212,-0.014852,17.778
0.075825,0.25028,-0.010529,17.783
0.06425,0.22658,-0.027431,17.788
0.048324,0.18709,-0.033501,17.793
0.068419,0.1634,-0.032166,17.798
0.076924,0.14365,-0.047183,17.803
0.080696,0.16734,-0.038676,17.808
0.060382,0.17129,-0.032732,17.812
0.055675,0.17129,-0.010075,17.817
0.063118,0.19499,0.010302,17.822
0.062526,0.22263,0.030035,17.827
0.065944,0.26212,0.050365,17.832
0.048699,0.30951,0.088228,17.837
0.023659,0.34505,0.11746,17.842
0.010544,0.39639,0.15192,17.847
-0.013704,0.45563,0.15477,17.852
-0.021643,0.49117,0.15092,17.856
-0.091217,0.54251,0.188,17.861
-0.15083,0.61754,0.29569,17.866
-0.19025,0.70443,0.40159,17.871
-0.21982,0.8308,0.44761,17.876
-0.25935,0.92953,0.42295,17.881
-0.28499,1.0243,0.33791,17.886
-0.31843,1.1151,0.2444,17.891
-0.32396,1.1704,0.16038,17.896
-0.26982,1.2099,0.10065,17.9
-0.22025,1.2218,0.059188,17.905
-0.18844,1.1902,0.072958,17.91
-0.11005,1.1467,0.14454,17.915
-0.029248,1.1033,0.27019,17.92
0.0044391,1.1744,0.35542,17.925
0.0031258,1.2534,0.3992,17.93
0.025024,1.4666,0.47467,17.935
0.0054704,1.7391,0.45528,17.939
0.053287,2.0076,0.33802,17.944
0.12269,2.2643,0.17245,17.949
0.18252,2.3986,0.057427,17.954
0.17139,2.4025,0.02573,17.959
0.10988,2.2051,0.062406,17.964
-0.0011676,1.9484,0.1396,17.969
-0.14729,1.6325,0.17783,17.974
-0.3174,1.3126,0.20997,17.979
-0.50574,0.98876,0.17885,17.983
-0.5826,0.5741,0.19057,17.988
-0.26848,0.25817,0.45871,17.993
0.012768,0.25422,0.61473,17.998
0.64358,0.5741,0.79715,18.003
1.2089,1.1507,0.748,18.008
1.7034,1.8102,0.64029,18.013
1.97,2.6513,0.61187,18.018
1.8554,3.2951,0.54134,18.022
1.6779,3.6979,0.14875,18.027
1.3167,3.1055,-0.29565,18.032
0.81953,2.0234,-0.2351,18.037
0.38796,1.0164,-0.078668,18.042
0.25508,0.24238,-0.079181,18.047
0.23315,-0.33419,-0.019599,18.052
0.20115,-0.55929,0.10765,18.057
0.13454,-0.29075,0.18011,18.062
0.055147,0.05282,0.27601,18.066
0.040345,0.23053,0.3667,18.071
-0.12916,0.62149,0.51313,18.076
-0.26072,0.90978,0.46859,18.081
-0.23279,1.048,0.34308,18.086
-0.15647,1.0204,0.3494,18.091
-0.075177,0.94927,0.32452,18.096
-0.050808,0.90188,0.18344,18.101
-0.011815,0.95322,0.091809,18.105
0.061128,1.0204,0.076637,18.11
0.10456,1.123,0.10568,18.115
0.14788,1.206,0.13816,18.12
0.20361,1.2731,0.15991,18.125
0.28598,1.3007,0.23327,18.13
0.36919,1.2613,0.27843,18.135
0.42166,1.2139,0.27451,18.14
0.47153,1.1072,0.22302,18.145
0.47758,0.97297,0.15548,18.149
0.4834,0.85054,0.095858,18.154
0.46993,0.73997,0.0078079,18.159
0.3883,0.62939,-0.090224,18.164
0.30056,0.57015,-0.11854,18.169
0.21908,0.5741,-0.087326,18.174
0.1362,0.60965,-0.0094479,18.179
0.060876,0.67283,0.08505,18.184
0.0064136,0.77946,0.15537,18.188
0.0085388,0.86239,0.21876,18.193
-0.00022211,0.92558,0.24232,18.198
0.0043602,0.94137,0.22381,18.203
0.0005717,0.94532,0.21586,18.208
0.048443,0.90978,0.231,18.213
0.093109,0.86634,0.21876,18.218
0.1021,0.8071,0.18761,18.223
0.10797,0.78341,0.12612,18.228
0.10834,0.73602,0.11367,18.232
0.076572,0.71232,0.098793,18.237
0.048153,0.64519,0.10643,18.242
0.035574,0.57015,0.12303,18.247
0.05031,0.48327,0.16878,18.252
0.08233,0.47538,0.17535,18.257
0.085768,0.47933,0.19497,18.262
0.10652,0.51487,0.17447,18.267
0.11083,0.6057,0.16514,18.271
0.10756,0.70048,0.13981,18.276
0.09216,0.73997,0.11614,18.281
0.10462,0.815,0.10337,18.286
0.12892,0.86239,0.098812,18.291
0.15243,0.89793,0.12087,18.296
0.18846,0.89398,0.12788,18.301
0.21592,0.8387,0.15233,18.306
0.19575,0.78736,0.15333,18.311
0.16296,0.73997,0.17251,18.315
0.1117,0.68468,0.13602,18.32
0.051587,0.65704,0.12621,18.325
0.011527,0.67678,0.11915,18.33
0.011863,0.69258,0.10796,18.335
0.031681,0.74787,0.11854,18.34
0.038983,0.815,0.14362,18.345
0.046532,0.85449,0.16048,18.35
0.05889,0.91373,0.15124,18.354
0.075167,0.94532,0.14564,18.359
0.087901,0.95322,0.12386,18.364
0.10925,0.94927,0.083393,18.369
0.1182,0.96112,0.053661,18.374
0.12302,0.96507,0.027247,18.379
0.12761,0.96507,0.0084273,18.384
0.12749,0.97691,0.0125,18.389
0.12805,0.98876,-0.0064453,18.394
0.10395,1.0085,-0.0082202,18.398
0.071451,1.0401,0.0010271,18.403
0.023244,1.0598,-0.0029166,18.408
-0.040573,1.0875,-0.023494,18.413
-0.15291,1.0835,-0.03753,18.418
-0.20477,1.0717,-0.053974,18.423
-0.26146,1.0796,-0.043532,18.428
-0.29899,1.0756,-0.0008283,18.433
-0.34869,1.0914,0.045021,18.437
-0.39747,1.1072,0.06018,18.442
-0.39288,1.1112,0.041439,18.447
-0.31929,1.0519,0.0045644,18.452
-0.15284,0.96902,-0.039814,18.457
0.031615,0.87819,-0.01349,18.462
0.12206,0.83475,0.059175,18.467
0.10185,0.84264,0.19599,18.472
0.028474,0.89398,0.35967,18.477
-0.063382,0.96902,0.4683,18.481
-0.12933,1.0914,0.51867,18.486
-0.12891,1.1665,0.50482,18.491
-0.14668,1.3402,0.42592,18.496
-0.092052,1.5337,0.35008,18.501
0.043487,1.7115,0.26197,18.506
0.21222,1.8457,0.14136,18.511
0.32657,1.9523,0.088393,18.516
0.33715,2.0906,0.13827,18.521
0.37001,2.2169,0.11683,18.525
0.51057,2.2327,0.12979,18.53
0.66162,2.1735,0.19606,18.535
0.69496,2.0511,0.29278,18.54
0.63249,1.9168,0.3614,18.545
0.55603,1.7707,0.49392,18.55
0.46807,1.6601,0.60689,18.555
0.36944,1.5614,0.67297,18.56
0.29657,1.5614,0.68565,18.564
0.14903,1.514,0.6368,18.569
0.074131,1.4627,0.58287,18.574
0.023587,1.3679,0.52258,18.579
0.005836,1.3205,0.4431,18.584
0.024344,1.277,0.36311,18.589
0.033553,1.2336,0.32461,18.594
0.010496,1.2257,0.28775,18.599
-0.0076216,1.2139,0.22049,18.604
-0.017937,1.202,0.16163,18.608
-0.048684,1.1981,0.11262,18.613
-0.066459,1.1704,0.16817,18.618
-0.059662,1.1191,0.21007,18.623
-0.045949,1.0322,0.15571,18.628
-0.036517,1.0006,0.10977,18.633
-0.035312,0.90978,0.069592,18.638
-0.018978,0.84659,0.062105,18.643
-0.034888,0.77946,0.055484,18.647
-0.051259,0.71232,0.064208,18.652
-0.040196,0.62939,0.098165,18.657
-0.00091594,0.56621,0.13121,18.662
0.011617,0.52671,0.11616,18.667
0.0071686,0.47933,0.1302,18.672
-0.023898,0.43194,0.091836,18.677
-0.015388,0.40429,0.076662,18.682
0.0085079,0.3569,0.085558,18.687
0.04527,0.28977,0.068291,18.691
0.061472,0.25422,0.065192,18.696
0.065953,0.24633,0.05005,18.701
0.073887,0.21868,0.054058,18.706
0.090081,0.19499,0.051195,18.711
0.10649,0.19894,0.041211,18.716
0.1307,0.19499,0.039464,18.721
0.15054,0.21868,0.049417,18.726
0.14194,0.21078,0.067718,18.73
0.13023,0.22263,0.055361,18.735
0.15396,0.25422,0.069669,18.74
0.16176,0.25422,0.078065,18.745
0.14558,0.25817,0.080534,18.75
0.11712,0.26212,0.089591,18.755
0.10495,0.27397,0.092579,18.76
0.080505,0.27397,0.10192,18.765
0.09266,0.28977,0.099483,18.77
0.096324,0.30161,0.11159,18.774
0.068311,0.32531,0.1057,18.779
0.048565,0.34111,0.092694,18.784
0.012493,0.40824,0.086944,18.789
-0.015999,0.46353,0.097025,18.794
-0.076053,0.53066,0.08527,18.799
-0.1406,0.61754,0.088892,18.804
-0.18436,0.68468,0.07091,18.809
-0.24535,0.78736,0.090554,18.813
-0.26837,0.89003,0.1867,18.818
-0.2946,0.98481,0.25548,18.823
-0.28652,1.0954,0.25457,18.828
-0.29105,1.1941,0.27152,18.833
-0.29031,1.2928,0.24664,18.838
-0.27816,1.3284,0.24459,18.843
-0.23794,1.4153,0.24611,18.848
-0.20043,1.4469,0.20395,18.853
-0.11389,1.439,0.1385,18.857
-0.020343,1.3955,0.10758,18.862
0.047845,1.3521,0.1167,18.867
0.13996,1.3797,0.26787,18.872
0.1525,1.4864,0.52116,18.877
0.20687,1.6957,0.58794,18.882
0.33569,1.9997,0.45559,18.887
0.4557,2.2564,0.2138,18.892
0.45608,2.4025,0.06674,18.896
0.26497,2.3078,-0.0062095,18.901
0.046992,2.0274,0.010878,18.906
-0.070635,1.8418,0.038893,18.911
-0.29647,1.4666,0.049531,18.916
-0.51512,1.1428,0.08877,18.921
-0.71614,0.90978,0.077558,18.926
-0.82982,0.68073,-0.025728,18.931
-0.83927,0.349,0.020641,18.936
-0.37246,0.084413,0.56897,18.94
0.35917,0.25817,1.0153,18.945
0.86132,0.8387,1.0567,18.95
1.3321,1.5693,0.80208,18.955
1.5979,2.4025,0.66573,18.96
1.5472,3.3029,0.74457,18.965
1.4076,3.7887,0.43398,18.97
1.2982,3.457,-0.2172,18.975
1.0819,2.5131,-0.39018,18.979
0.9264,1.9642,-0.30745,18.984
0.64344,0.95322,-0.13772,18.989
0.52752,0.21868,-0.16669,18.994
0.4478,-0.23942,-0.059932,18.999
0.27344,-0.37369,0.11402,19.004
0.14607,-0.19203,0.19851,19.009
0.12766,0.076514,0.27531,19.014
0.18903,0.45563,0.51153,19.019
0.17912,0.88609,0.70773,19.023
0.02468,1.2534,0.6204,19.028
-0.052377,1.3876,0.36996,19.033
-0.012313,1.3797,0.24262,19.038
0.048327,1.2968,0.23488,19.043
0.072817,1.2178,0.22396,19.048
0.085578,1.1823,0.20132,19.053
0.14252,1.1507,0.18273,19.058
0.20172,1.1546,0.22276,19.062
0.30003,1.1941,0.30164,19.067
0.39103,1.1902,0.35591,19.072
0.51498,1.1625,0.38575,19.077
0.56544,1.0322,0.31459,19.082
0.56047,0.90188,0.21153,19.087
0.51214,0.75971,0.077395,19.092
0.45175,0.64124,-0.05735,19.097
0.43449,0.54646,-0.15312,19.102
0.38287,0.51092,-0.17771,19.106
0.28512,0.47933,-0.14098,19.111
0.17771,0.47538,-0.050711,19.116
0.11125,0.49117,0.016711,19.121
0.021803,0.582,0.045097,19.126
0.0037034,0.71232,0.11147,19.131
-0.0093299,0.81895,0.1432,19.136
0.03849,0.87029,0.16007,19.141
0.10214,0.92163,0.18606,19.146
0.14965,0.91768,0.21334,19.15
0.14197,0.90583,0.20087,19.155
0.086539,0.92163,0.16927,19.16
0.050764,0.87819,0.15364,19.165
0.05141,0.75971,0.1321,19.17
0.03966,0.64519,0.12105,19.175
0.032405,0.49907,0.094399,19.18
0.032584,0.39244,0.088436,19.185
0.075897,0.30161,0.12129,19.189
0.10332,0.29767,0.14676,19.194
0.15095,0.28582,0.17004,19.199
0.17132,0.3727,0.16207,19.204
0.16772,0.44773,0.14786,19.209
0.17454,0.55041,0.189,19.214
0.16199,0.62149,0.20468,19.219
0.15829,0.67283,0.19383,19.224
0.13165,0.70837,0.14214,19.229
0.10973,0.73207,0.067551,19.233
0.1033,0.74392,0.013356,19.238
0.099049,0.74787,0.020746,19.243
0.077784,0.80315,0.058405,19.248
0.076823,0.87029,0.090434,19.253
0.05672,0.90583,0.089336,19.258
0.033087,0.89793,0.071665,19.263
0.009227,0.88609,0.061587,19.268
-0.0018893,0.86634,0.029418,19.272
-0.027009,0.84264,0.061303,19.277
-0.059482,0.8387,0.069842,19.282
-0.083141,0.87424,0.053037,19.287
-0.12758,0.92953,0.057836,19.292
-0.12784,0.98086,0.066533,19.297
-0.098715,1.0164,0.035245,19.302
-0.062139,1.0677,0.024177,19.307
-0.041156,1.0993,-0.004076,19.312
-0.028316,1.123,-0.029373,19.316
-0.0087015,1.1349,-0.011984,19.321
-0.024532,1.127,-0.02126,19.326
-0.029584,1.127,0.012905,19.331
-0.025802,1.1349,0.021097,19.336
-0.038432,1.1428,0.039351,19.341
-0.047063,1.1823,0.058598,19.346
-0.075887,1.2139,0.079715,19.351
-0.128,1.2455,0.07181,19.355
-0.20936,1.2415,0.099029,19.36
-0.29393,1.2376,0.099032,19.365
-0.36702,1.2218,0.11906,19.37
-0.40223,1.1981,0.084648,19.375
-0.44616,1.1586,0.072212,19.38
-0.4629,1.1309,0.093233,19.385
-0.43419,1.1033,0.07603,19.39
-0.40102,1.0875,0.04408,19.395
-0.32673,1.0322,-0.015734,19.399
-0.25314,0.98481,-0.052372,19.404
-0.058582,0.89398,-0.094378,19.409
0.065622,0.81895,-0.073161,19.414
0.1151,0.77551,0.022744,19.419
0.12624,0.73997,0.18844,19.424
0.073324,0.73602,0.34131,19.429
0.034633,0.75576,0.42285,19.434
0.025745,0.8387,0.45064,19.438
0.038064,0.96507,0.44274,19.443
0.10329,1.0875,0.41643,19.448
0.15954,1.2336,0.42057,19.453
0.20008,1.3758,0.41168,19.458
0.22788,1.51,0.42456,19.463
0.24941,1.6009,0.37831,19.468
0.28365,1.7194,0.31067,19.473
0.46506,1.7549,0.30463,19.478
0.64135,1.8813,0.33456,19.482
0.6843,2.0116,0.3795,19.487
0.68033,2.1261,0.37759,19.492
0.6896,2.1735,0.33706,19.497
0.70271,2.1301,0.30275,19.502
0.69485,2.0432,0.29645,19.507
0.67275,1.9445,0.36173,19.512
0.60248,1.826,0.42228,19.517
0.5003,1.6996,0.4721,19.521
0.37645,1.5732,0.43919,19.526
0.29275,1.4666,0.41029,19.531
0.17805,1.3797,0.34053,19.536
0.055173,1.356,0.27515,19.541
0.023867,1.3244,0.24477,19.546
-0.018898,1.2692,0.19366,19.551
-0.074395,1.202,0.16424,19.556
-0.10696,1.1586,0.17583,19.561
-0.15086,1.0835,0.16268,19.565
-0.18709,1.0204,0.162,19.57
-0.18752,0.96902,0.17633,19.575
-0.17546,0.94927,0.17702,19.58
-0.19884,0.91373,0.15112,19.585
-0.18954,0.90583,0.10949,19.59
-0.17714,0.89003,0.098746,19.595
-0.14866,0.86239,0.089216,19.6
-0.101,0.79131,0.11132,19.604
-0.064935,0.73997,0.11738,19.609
-0.04506,0.70048,0.12608,19.614
-0.016223,0.64519,0.10449,19.619
-0.00047449,0.5978,0.11649,19.624
0.016674,0.51882,0.081838,19.629
0.025094,0.44773,0.069634,19.634
0.040943,0.42404,0.07828,19.639
0.069302,0.40034,0.072665,19.644
0.086424,0.3648,0.038875,19.648
0.078633,0.34505,0.030086,19.653
0.09976,0.32926,-0.0029485,19.658
0.11206,0.30161,-0.010088,19.663
0.12846,0.31346,-0.019915,19.668
0.15635,0.29767,-0.010027,19.673
0.18033,0.29767,-0.004022,19.678
0.1964,0.29767,-0.0025761,19.683
0.20008,0.28977,0.0091367,19.687
0.1684,0.30556,-0.0087852,19.692
0.13248,0.30556,-0.019711,19.697
0.11641,0.30951,-0.021078,19.702
0.10803,0.30951,-0.010292,19.707
0.096453,0.29767,-0.026958,19.712
0.096336,0.30161,-0.023043,19.717
0.11218,0.28977,-0.014161,19.722
0.099892,0.30161,-0.0073362,19.727
0.079571,0.31741,-0.0011559,19.731
0.06705,0.33716,0.013499,19.736
0.058648,0.37665,0.025073,19.741
0.042674,0.41614,0.020578,19.746
0.00226,0.45168,0.025345,19.751
-0.018291,0.46748,0.039198,19.756
-0.059852,0.49512,0.08217,19.761
-0.11934,0.56226,0.18587,19.766
-0.1785,0.64914,0.27845,19.771
-0.22069,0.77551,0.34257,19.775
-0.28652,0.89398,0.38902,19.78
-0.34351,1.0164,0.40942,19.785
-0.36205,1.123,0.35603,19.79
-0.33029,1.1823,0.23698,19.795
-0.27431,1.2415,0.11626,19.8
-0.14865,1.2297,0.088869,19.805
-0.013132,1.2297,0.13569,19.81
0.073268,1.2336,0.20893,19.814
0.063652,1.36,0.39524,19.819
0.029964,1.4429,0.5785,19.824
0.0050478,1.6562,0.60361,19.829
0.074893,1.9405,0.42325,19.834
0.2339,2.2288,0.22406,19.839
0.28713,2.4697,0.06057,19.844
0.22823,2.5289,0.010294,19.849
0.08982,2.3631,0.059913,19.854
-0.074793,2.059,0.1775,19.858
-0.25028,1.7075,0.25469,19.863
-0.4275,1.3955,0.25558,19.868
-0.63157,1.0954,0.21197,19.873
-0.76221,0.7992,0.13659,19.878
-0.86551,0.46353,0.08981,19.883
-0.65972,0.16734,0.34475,19.888
-0.1104,0.33321,0.55906,19.893
0.1457,0.56226,0.61362,19.897
0.5846,1.1586,0.74967,19.902
0.94923,1.8141,0.81099,19.907
1.2859,2.5763,0.86423,19.912
1.5543,3.4688,0.77929,19.917
1.5917,3.9032,0.2028,19.922
1.5073,3.6465,-0.4754,19.927
1.1154,2.525,-0.43309,19.932
0.555,1.2652,-0.0086518,19.937
0.27434,0.24238,0.084113,19.941
0.2817,-0.34209,-0.026928,19.946
0.24934,-0.5356,-0.02217,19.951
0.15127,-0.42502,0.025069,19.956
0.047855,-0.20387,0.11635,19.961
0.020333,-0.057756,0.22835,19.966
-0.046809,0.31346,0.45284,19.971
-0.19325,0.71232,0.50149,19.976
-0.30307,0.92953,0.40363,19.98
-0.18317,0.96902,0.29981,19.985
-0.015851,0.96507,0.22632,19.99
0.053594,0.93742,0.19355,19.995
0.084214,0.98086,0.11254,20
0.184,1.0835,0.0081783,20.005
0.26766,1.2573,0.038417,20.01
0.36911,1.4232,0.14703,20.015
0.43042,1.5456,0.25116,20.02
0.53756,1.589,0.30399,20.024
0.61324,1.4943,0.33198,20.029
0.6267,1.2573,0.28614,20.034
0.62368,1.1309,0.25257,20.039
0.64644,0.87819,0.16494,20.044
0.66265,0.66493,0.027498,20.049
0.60914,0.53461,-0.068397,20.054
0.53348,0.42009,-0.096731,20.059
0.42483,0.3885,-0.099448,20.063
0.30307,0.39244,-0.068014,20.068
0.16888,0.45563,-0.024973,20.073
0.090209,0.55831,0.046933,20.078
0.044336,0.69653,0.099422,20.083
0.042522,0.84264,0.15988,20.088
0.061732,0.95322,0.19075,20.093
0.057426,1.0519,0.20003,20.098
0.069663,1.123,0.19486,20.103
0.093423,1.1112,0.2083,20.107
0.13337,1.0835,0.21904,20.112
0.14992,1.0441,0.20435,20.117
0.11118,0.98086,0.15344,20.122
0.059928,0.90978,0.11663,20.127
0.040019,0.815,0.1091,20.132
0.023994,0.74787,0.10631,20.137
0.015642,0.70443,0.11623,20.142
-0.012458,0.68073,0.11323,20.146
-0.025543,0.68073,0.14667,20.151
-0.023041,0.71232,0.19753,20.156
-0.003801,0.77156,0.22738,20.161
-0.016214,0.80315,0.23843,20.166
-0.019302,0.79131,0.20714,20.171
-0.022631,0.79526,0.18384,20.176
-0.04143,0.76761,0.13928,20.181
-0.064026,0.75971,0.087087,20.186
-0.095579,0.75576,0.064935,20.19
-0.091325,0.74392,0.057387,20.195
-0.092124,0.73207,0.084005,20.2
-0.06847,0.70443,0.10097,20.205
-0.065489,0.70443,0.13586,20.21
-0.041852,0.70443,0.15337,20.215
-0.017066,0.70837,0.1326,20.22
0.015973,0.72812,0.10519,20.225
0.0074801,0.72812,0.11982,20.229
0.023411,0.75971,0.12573,20.234
0.0072216,0.77551,0.12843,20.239
-0.037204,0.80315,0.13268,20.244
-0.061422,0.81105,0.13451,20.249
-0.061673,0.84659,0.14289,20.254
-0.074089,0.88214,0.15402,20.259
-0.074671,0.89398,0.17344,20.264
-0.041522,0.92163,0.14236,20.269
-0.028454,0.94927,0.10947,20.273
-0.0075807,0.97297,0.084892,20.278
0.020994,0.97297,0.072077,20.283
0.029139,0.97691,0.069042,20.288
0.045777,0.98086,0.051385,20.293
0.073781,0.97297,0.057594,20.298
0.08272,0.99666,0.028099,20.303
0.074913,1.0046,0.019861,20.308
0.070772,1.0204,0.023651,20.312
0.075244,1.0283,0.0088249,20.317
0.07833,1.0441,0.040192,20.322
0.037949,1.0243,0.043856,20.327
-0.014949,1.0164,0.062017,20.332
-0.083108,1.0125,0.051957,20.337
-0.13153,1.0085,0.055214,20.342
-0.15527,0.98876,0.041142,20.347
-0.18787,0.99666,0.053753,20.352
-0.18786,0.98481,0.053517,20.356
-0.15963,0.98086,0.052132,20.361
-0.07893,0.93347,0.046907,20.366
0.054127,0.83475,0.041521,20.371
0.12944,0.76761,0.081577,20.376
0.13074,0.69653,0.17259,20.381
0.11895,0.61754,0.29689,20.386
0.14177,0.64914,0.34189,20.391
0.13143,0.64914,0.41789,20.396
0.13885,0.72417,0.43929,20.4
0.15621,0.85844,0.39738,20.405
0.13903,1.0204,0.29906,20.41
0.11388,1.2455,0.19744,20.415
0.18528,1.4192,0.099634,20.42
0.32326,1.5416,0.064494,20.425
0.43483,1.672,0.10407,20.43
0.41341,1.7865,0.14674,20.435
0.35105,1.8694,0.21203,20.439
0.31691,1.9523,0.27601,20.444
0.36335,2.0037,0.33892,20.449
0.41313,2.0195,0.42449,20.454
0.43939,2.0511,0.48903,20.459
0.52808,2.059,0.62027,20.464
0.5897,2.0471,0.71405,20.469
0.61062,1.9918,0.6879,20.474
0.57133,1.8655,0.65491,20.479
0.51637,1.6799,0.60779,20.483
0.46911,1.4666,0.57234,20.488
0.36122,1.3086,0.54408,20.493
0.21613,1.1981,0.54805,20.498
0.041511,1.1467,0.46207,20.503
-0.049161,1.1862,0.39699,20.508
-0.12883,1.2415,0.36785,20.513
-0.14056,1.2928,0.35628,20.518
-0.11748,1.2652,0.39243,20.522
-0.098305,1.2336,0.42429,20.527
-0.1025,1.1546,0.43003,20.532
-0.10153,1.0598,0.39745,20.537
-0.11125,1.0125,0.31869,20.542
-0.15747,0.98481,0.24859,20.547
-0.2085,0.93742,0.20458,20.552
-0.26,0.90188,0.17615,20.557
-0.29084,0.85844,0.13019,20.562
-0.29438,0.83475,0.11402,20.566
-0.29781,0.81895,0.094157,20.571
-0.24112,0.8071,0.083636,20.576
-0.20932,0.77946,0.097486,20.581
-0.18358,0.72022,0.1794,20.586
-0.18172,0.67283,0.2517,20.591
-0.1706,0.67283,0.28348,20.596
-0.16266,0.64124,0.28741,20.601
-0.12097,0.59385,0.2402,20.605
-0.078372,0.55831,0.16255,20.61
-0.043381,0.58595,0.070083,20.615
-0.0044884,0.6136,-0.018184,20.62
0.028776,0.64124,-0.053104,20.625
0.037476,0.68073,-0.074611,20.63
0.017289,0.66493,-0.072898,20.635
0.012934,0.65309,-0.061986,20.64
0.0081147,0.64914,-0.035572,20.645
0.011563,0.63729,-0.016266,20.649
0.02293,0.62149,0.0075215,20.654
0.054265,0.6057,0.036952,20.659
0.074254,0.56621,0.041808,20.664
0.070593,0.55041,0.029623,20.669
0.082534,0.53856,0.034307,20.674
0.082778,0.51487,0.026162,20.679
0.058704,0.47538,0.023205,20.684
0.043001,0.44773,0.0096993,20.688
0.034632,0.43194,0.02017,20.693
0.013877,0.40429,0.040829,20.698
0.0053816,0.40824,0.05553,20.703
-0.029854,0.42404,0.021902,20.708
-0.06807,0.43983,-0.046615,20.713
-0.096661,0.46748,-0.033249,20.718
-0.1154,0.51487,0.054486,20.723
-0.165,0.54646,0.096814,20.728
-0.20885,0.5741,0.081881,20.732
-0.24397,0.59385,0.044494,20.737
-0.24765,0.60175,0.032782,20.742
-0.27589,0.63334,0.034718,20.747
-0.28372,0.67678,0.027189,20.752
-0.29065,0.75181,-0.010401,20.757
-0.27452,0.84659,-0.010901,20.762
-0.25874,0.93347,-4.9349e-05,20.767
-0.2271,0.97297,0.018975,20.771
-0.16757,1.0164,0.048282,20.776
-0.14097,1.0519,0.10139,20.781
-0.15938,1.123,0.17809,20.786
-0.1793,1.2099,0.30498,20.791
-0.18475,1.277,0.48662,20.796
-0.1763,1.3402,0.60789,20.801
-0.13684,1.3521,0.63476,20.806
-0.10712,1.3639,0.58382,20.811
-0.013626,1.439,0.42063,20.815
0.1335,1.6404,0.2148,20.82
0.20199,1.8813,0.079606,20.825
0.10911,1.9484,0.087976,20.83
-0.062022,1.8141,0.15452,20.835
-0.17905,1.589,0.16256,20.84
-0.26543,1.3679,0.088816,20.845
-0.35193,1.1467,0.018908,20.85
-0.45312,0.92953,-0.098403,20.854
-0.56735,0.64914,-0.18353,20.859
-0.42564,0.43194,0.059526,20.864
-0.13048,0.53461,0.4228,20.869
0.06913,0.99271,0.61534,20.874
0.18165,1.6285,0.75743,20.879
0.46165,1.9997,0.82083,20.884
0.77617,2.5921,0.94176,20.889
0.92076,2.991,0.82042,20.894
1.0832,3.1055,0.37189,20.898
1.2242,2.8212,-0.032703,20.903
1.0546,2.0866,-0.15113,20.908
0.7728,1.2455,0.11442,20.913
0.54479,0.43983,0.33166,20.918
0.42981,-0.14859,0.40571,20.923
0.50622,-0.34999,0.5432,20.928
0.63474,-0.14859,0.55494,20.933
0.5337,0.3727,0.29855,20.937
0.3295,0.87819,0.12487,20.942
0.2742,1.2494,0.088854,20.947
0.30646,1.4232,0.087539,20.952
0.34648,1.6522,0.095722,20.957
0.25394,1.7351,0.092899,20.962
0.13403,1.7312,0.062795,20.967
0.039072,1.6483,0.0064297,20.972
0.011263,1.5219,-0.0062939,20.977
0.014547,1.3995,0.01848,20.981
0.042061,1.2494,0.041035,20.986
0.077372,1.1072,0.072143,20.991
0.1698,1.0125,0.078566,20.996
0.2377,0.87029,0.097221,21.001
0.33405,0.75971,0.10753,21.006
0.41927,0.64124,0.0859,21.011
0.49608,0.55831,0.075768,21.016
0.5465,0.50697,0.006192,21.021
0.61846,0.48722,0.023813,21.025
0.63498,0.49907,0.01015,21.03
0.6345,0.52277,0.025968,21.035
0.63721,0.58595,0.06979,21.04
0.63131,0.65704,0.13223,21.045
0.61509,0.72417,0.13596,21.05
0.57489,0.79526,0.13376,21.055
0.54593,0.86634,0.1595,21.06
0.55783,0.91373,0.16537,21.064
0.55746,0.94927,0.17759,21.069
0.52097,0.94927,0.18584,21.074
0.42503,0.96902,0.16221,21.079
0.32886,0.97691,0.14602,21.084
0.26483,0.98481,0.13273,21.089
0.22478,0.98876,0.12535,21.094
0.16844,0.98876,0.12413,21.099
0.15627,0.98481,0.1268,21.104
0.15193,0.95717,0.1374,21.108
0.10801,0.91373,0.12488,21.113
0.076001,0.89793,0.11784,21.118
0.071529,0.89003,0.13267,21.123
0.079916,0.87424,0.12157,21.128
0.076482,0.86239,0.10179,21.133
0.061216,0.87424,0.073722,21.138
0.04136,0.88214,0.0644,21.143
0.038257,0.89398,0.033584,21.147
0.030783,0.92163,0.014231,21.152
0.018497,0.93347,0.021055,21.157
0.0025377,0.94927,0.016088,21.162
-0.025814,0.96112,0.021467,21.167
-0.050501,0.98481,0.038952,21.172
-0.070364,1.0046,0.029866,21.177
-0.087124,1.0125,0.051596,21.182
-0.10732,1.0125,0.053625,21.187
-0.14324,1.0164,0.042778,21.191
-0.15954,1.0243,0.049162,21.196
-0.18389,1.0598,0.055375,21.201
-0.18046,1.0717,0.075154,21.206
-0.17735,1.0559,0.10589,21.211
-0.18929,1.0638,0.10113,21.216
-0.1739,1.048,0.12528,21.221
-0.15392,1.0243,0.13045,21.226
-0.14233,1.0204,0.1468,21.23
-0.12672,1.0085,0.16335,21.235
-0.11053,0.99666,0.16073,21.24
-0.086314,0.98481,0.15882,21.245
-0.073575,0.98481,0.13689,21.25
-0.06542,0.97297,0.13354,21.255
-0.053014,0.95322,0.12272,21.26
-0.017102,0.96112,0.1338,21.265
0.01135,0.97297,0.12506,21.27
0.044053,0.97691,0.10885,21.274
0.080085,0.97691,0.11594,21.279
0.13229,0.98481,0.1208,21.284
0.18117,0.99666,0.10235,21.289
0.21376,0.99271,0.089821,21.294
0.25003,0.98481,0.08908,21.299
0.25427,0.98876,0.081848,21.304
0.26666,1.0085,0.071817,21.309
0.28295,1.0085,0.06559,21.313
0.25059,1.0085,0.070371,21.318
0.24739,0.99271,0.042841,21.323
0.23878,1.0046,0.061536,21.328
0.23017,1.0046,0.079994,21.333
0.19023,1.0046,0.068707,21.338
0.1698,1.0125,0.078566,21.343
0.14951,0.98481,0.08388,21.348
0.12898,0.96902,0.097103,21.353
0.084449,0.97297,0.10471,21.357
0.064142,0.96507,0.11042,21.362
0.052208,0.96507,0.1055,21.367
0.035678,0.97297,0.11956,21.372
0.023638,0.95717,0.11816,21.377
-0.0083698,0.94532,0.11119,21.382
0.0040291,0.93742,0.10061,21.387
0.0039235,0.92163,0.10413,21.392
0.0034655,0.91768,0.1194,21.396
0.0032306,0.92558,0.12723,21.401
0.007254,0.91373,0.12736,21.406
0.022741,0.91768,0.14806,21.411
0.045582,0.90188,0.19211,21.416
0.085184,0.87819,0.21444,21.421
0.095166,0.87029,0.28442,21.426
0.12638,0.86634,0.31792,21.431
0.14255,0.87819,0.31577,21.436
0.15918,0.89398,0.29835,21.44
0.17191,0.90583,0.27665,21.445
0.18924,0.90978,0.23598,21.45
0.21011,0.94137,0.21156,21.455
0.22215,0.96112,0.21304,21.46
0.2017,1.0046,0.22361,21.465
0.15313,1.0441,0.23156,21.47
0.11649,1.0993,0.24476,21.475
0.10027,1.1704,0.24857,21.479
0.068103,1.2297,0.24686,21.484
0.032614,1.2849,0.22169,21.489
0.0089529,1.3244,0.20496,21.494
0.028917,1.3284,0.21069,21.499
0.024797,1.3086,0.21377,21.504
0.060958,1.2849,0.21655,21.509
0.069,1.2692,0.21695,21.514
0.12516,1.1902,0.22428,21.519
0.15721,1.127,0.22974,21.523
0.22129,1.0441,0.24155,21.528
0.28546,1.0006,0.2503,21.533
0.31739,0.96112,0.26008,21.538
0.33405,0.92163,0.24155,21.543
0.37436,0.87819,0.24046,21.548
0.40213,0.86634,0.25427,21.553
0.41453,0.85844,0.24368,21.558
0.42637,0.81895,0.25165,21.562
0.44658,0.79526,0.24915,21.567
0.42296,0.76761,0.23109,21.572
0.40278,0.74787,0.23272,21.577
0.31076,0.72417,0.21243,21.582
0.33452,0.71627,0.22595,21.587
0.29,0.71232,0.2334,21.592
0.24582,0.71627,0.2295,21.597
0.22125,0.72812,0.24292,21.602
0.20093,0.73997,0.24902,21.606
0.16387,0.73997,0.27646,21.611
0.14295,0.78341,0.30237,21.616
0.13078,0.8071,0.30559,21.621
0.11469,0.84659,0.30494,21.626
0.090008,0.85449,0.32211,21.631
0.077128,0.89793,0.34874,21.636
0.061269,0.93742,0.34041,21.641
0.065262,0.97691,0.34156,21.646
0.085202,1.0204,0.34807,21.65
0.077156,1.0441,0.34782,21.655
0.076681,1.0677,0.36364,21.66
0.088378,1.0796,0.37647,21.665
0.084378,1.0519,0.37555,21.67
0.083932,1.0283,0.39043,21.675
0.087725,1.0164,0.39823,21.68
0.063054,1.0125,0.41516,21.685
0.082675,1.0125,0.43231,21.689
0.077856,1.0085,0.45873,21.694
0.082217,1.0085,0.44758,21.699
0.070274,1.0243,0.44297,21.704
0.04651,1.0441,0.42969,21.709
0.039851,1.0559,0.38317,21.714
0.028685,1.1191,0.35265,21.719
0.015133,1.1507,0.26744,21.724
0.014297,1.202,0.29532,21.729
0.0064823,1.2218,0.28731,21.733
-0.0057896,1.2099,0.29367,21.738
-0.018743,1.1823,0.32272,21.743
-0.0065645,1.1586,0.3195,21.748
0.0042467,1.1112,0.36183,21.753
0.019654,1.0559,0.3852,21.758
0.0078523,1.0283,0.37589,21.763
0.020026,1.0125,0.37282,21.768
0.012115,1.0006,0.36802,21.772
0.017179,0.98086,0.33347,21.777
0.014093,0.96507,0.3021,21.782
0.018342,0.96112,0.29471,21.787
-0.0020848,0.96112,0.30441,21.792
-0.022157,0.94532,0.30229,21.797
-0.033153,0.91768,0.26612,21.802
-0.044164,0.91373,0.23043,21.807
-0.063665,0.90583,0.20929,21.812
-0.086605,0.89398,0.16852,21.816
-0.1341,0.87029,0.14069,21.821
-0.15026,0.8387,0.14245,21.826
-0.15506,0.7992,0.16816,21.831
-0.1757,0.77156,0.18498,21.836
-0.18382,0.73997,0.18746,21.841
-0.17567,0.72022,0.18396,21.846
-0.15913,0.69653,0.16958,21.851
-0.12308,0.68073,0.17636,21.855
-0.12719,0.64519,0.17912,21.86
-0.10769,0.64124,0.20003,21.865
-0.10412,0.62149,0.21535,21.87
-0.1172,0.6136,0.24863,21.875
-0.12249,0.62149,0.29063,21.88
-0.13831,0.60175,0.28112,21.885
-0.14197,0.59385,0.26909,21.89
-0.13728,0.6057,0.24667,21.895
-0.12879,0.6136,0.2322,21.899
-0.12351,0.61754,0.19044,21.904
-0.13017,0.62939,0.14392,21.909
-0.1374,0.64124,0.11658,21.914
-0.13365,0.69653,0.12572,21.919
-0.053831,0.77946,0.14995,21.924
0.01907,0.89793,0.27043,21.929
0.13018,1.0204,0.45982,21.934
0.19529,1.1072,0.57128,21.938
0.34443,1.3402,0.70092,21.943
0.46837,1.7194,0.7312,21.948
0.55854,2.1538,0.67876,21.953
0.58332,2.5763,0.52403,21.958
0.5566,2.7777,0.20638,21.963
0.53271,2.6592,-0.07125,21.968
0.5045,2.2604,-0.20486,21.973
0.44952,1.6957,-0.11724,21.978
0.36011,1.123,0.044052,21.982
0.26401,0.61754,0.15993,21.987
0.14978,0.32531,0.20919,21.992
0.073873,0.22263,0.18877,21.997
0.026694,0.25422,0.15054,22.002
0.0026832,0.30161,0.14548,22.007
-0.036839,0.38455,0.1205,22.012
-0.049175,0.47933,0.12898,22.017
-0.050495,0.57015,0.17299,22.021
-0.03117,0.68073,0.20002,22.026
0.00066622,0.78736,0.21271,22.031
-0.0039822,0.88214,0.23342,22.036
0.0037658,0.97297,0.24363,22.041
0.031492,1.0441,0.25908,22.046
0.068632,1.1151,0.22923,22.051
0.09707,1.1507,0.22096,22.056
0.14675,1.1744,0.1759,22.061
0.15926,1.1625,0.1614,22.065
0.17937,1.1191,0.16234,22.07
0.17949,1.1112,0.15835,22.075
0.17895,1.0598,0.1765,22.08
0.19068,1.0164,0.18823,22.085
0.20334,0.94532,0.16872,22.09
0.18352,0.89398,0.15821,22.095
0.1722,0.8387,0.13301,22.1
0.19287,0.815,0.11516,22.104
0.21306,0.815,0.11313,22.109
0.21351,0.83475,0.098179,22.114
0.22543,0.86239,0.10365,22.119
0.22173,0.90978,0.092726,22.124
0.21344,0.95717,0.10062,22.129
0.2094,0.99271,0.10097,22.134
0.18942,1.0125,0.095719,22.139
0.19733,1.0362,0.10075,22.144
0.20511,1.0638,0.1097,22.148
0.20866,1.0717,0.12556,22.153
0.21267,1.0835,0.12616,22.158
0.22437,1.0875,0.13883,22.163
0.22093,1.0993,0.11952,22.168
0.22519,1.0677,0.11158,22.173
0.21281,1.0401,0.12146,22.178
0.20927,1.0204,0.10536,22.183
0.19274,1.0283,0.11941,22.187
0.18058,1.0164,0.12193,22.192
0.17244,1.0164,0.12504,22.197
0.14444,1.0085,0.11852,22.202
0.11633,1.0046,0.11591,22.207
0.088456,0.98876,0.10539,22.212
0.07216,0.98876,0.11162,22.217
0.051973,0.97297,0.11333,22.222
0.028571,0.96507,0.087987,22.227
0.019855,0.95322,0.11005,22.231
0.0073454,0.95322,0.12431,22.236
-0.012727,0.93742,0.12218,22.241
-0.016851,0.92558,0.12542,22.246
-0.017779,0.93742,0.15635,22.251
-0.013405,0.91768,0.14481,22.256
-0.013633,0.91373,0.1524,22.261
-0.0022748,0.91373,0.1765,22.266
-0.0026177,0.90978,0.18793,22.271
0.017342,0.92163,0.19381,22.275
0.02171,0.90978,0.18243,22.28
0.028937,0.90978,0.21001,22.285
0.041219,0.90583,0.20334,22.29
0.045928,0.90188,0.18061,22.295
0.05808,0.92163,0.17825,22.3
0.07838,0.94137,0.17278,22.305
0.10694,0.96507,0.16043,22.31
0.12323,0.97297,0.15436,22.314
0.13919,0.96507,0.15949,22.319
0.15581,0.98876,0.14223,22.324
0.19264,1.0006,0.1227,22.329
0.2204,1.0125,0.13697,22.334
0.24863,1.0243,0.1359,22.339
0.2648,1.0283,0.13359,22.344
0.29728,1.0283,0.12497,22.349
0.32091,1.0441,0.1428,22.354
0.33272,1.048,0.15164,22.358
0.34489,1.0441,0.14881,22.363
0.34844,1.0559,0.16475,22.368
0.3326,1.0559,0.15563,22.373
0.34064,1.0441,0.15612,22.378
0.31608,1.0559,0.16953,22.383
0.29945,1.0362,0.18687,22.388
0.27593,1.0283,0.16537,22.393
0.26802,1.0164,0.16057,22.397
0.22821,1.0006,0.14513,22.402
0.21973,0.98876,0.15952,22.407
0.17912,0.96902,0.17086,22.412
0.15123,0.96507,0.16057,22.417
0.11509,0.95717,0.15716,22.422
0.098802,0.94927,0.16323,22.427
0.070798,0.95717,0.15702,22.432
0.034304,0.96112,0.16536,22.437
0.034191,0.95717,0.16912,22.441
0.022145,0.95322,0.16795,22.446
0.026039,0.96507,0.17239,22.451
0.0061827,0.97297,0.16306,22.456
0.01755,0.95717,0.18685,22.461
-0.010798,0.96507,0.19215,22.466
-0.0070171,0.97297,0.20034,22.471
0.013525,0.97297,0.1868,22.476
0.017658,0.96902,0.18325,22.48
-0.0066765,0.98086,0.18899,22.485
0.021658,0.99666,0.18416,22.49
0.029698,0.98481,0.18465,22.495
0.037615,0.98481,0.18921,22.5
0.046228,0.97691,0.17059,22.505
0.054597,0.99271,0.16012,22.51
0.070086,0.99271,0.18075,22.515
0.082706,1.0006,0.16281,22.52
0.090853,1.0006,0.1597,22.524
0.10691,1.0085,0.1613,22.529
0.1192,0.99666,0.15448,22.534
0.13538,1.0046,0.15224,22.539
0.1394,0.99666,0.15245,22.544
0.15157,0.98481,0.14946,22.549
0.13917,0.98481,0.15988,22.554
0.14732,0.98876,0.15685,22.559
0.1589,0.99271,0.17336,22.563
0.15477,0.99271,0.17683,22.568
0.1472,0.98876,0.16068,22.573
0.13872,0.98086,0.17515,22.578
0.13516,0.98086,0.15944,22.583
0.14686,0.98086,0.17204,22.588
0.1549,0.97297,0.1726,22.593
0.15491,0.96507,0.17244,22.598
0.1549,0.96902,0.17252,22.603
0.16672,0.96507,0.1812,22.607
0.16317,0.96902,0.16557,22.612
0.15422,0.95717,0.1953,22.617
0.17017,0.96112,0.20067,22.622
0.17016,0.96507,0.20074,22.627
0.1619,0.96507,0.20769,22.632
0.16224,0.97297,0.19634,22.637
0.17417,0.97691,0.20134,22.642
0.16603,0.96902,0.2043,22.646
0.17796,0.98481,0.20953,22.651
0.17808,0.96902,0.20538,22.656
0.17429,0.97297,0.19743,22.661
0.16281,0.98086,0.17732,22.666
0.1549,0.97691,0.17268,22.671
0.15431,0.99271,0.19218,22.676
0.15088,0.97691,0.17232,22.681
0.1269,0.97297,0.16624,22.686
0.12632,0.98481,0.18565,22.69
0.13056,0.99666,0.17858,22.695
0.12218,0.99271,0.18929,22.7
0.11839,0.99666,0.18133,22.705
0.11828,0.99271,0.18509,22.71
0.11461,0.99271,0.17322,22.715
0.11451,0.97297,0.17666,22.72
0.11438,0.99271,0.18089,22.725
0.086497,0.99271,0.17069,22.729
0.0904,0.98876,0.17481,22.734
0.085921,0.99271,0.18987,22.739
0.1099,0.99271,0.19587,22.744
0.093947,1.0046,0.19083,22.749
0.090511,0.99666,0.17113,22.754
0.08994,0.98876,0.19015,22.759
0.089707,0.99271,0.1979,22.764
0.078234,0.99271,0.17764,22.769
0.081795,0.98481,0.19319,22.773
0.073992,0.98481,0.18479,22.778
0.069866,0.97691,0.18811,22.783
0.081914,0.97691,0.18919,22.788
0.089952,0.96902,0.18976,22.793
0.10188,0.98086,0.19491,22.798
0.089714,0.98086,0.19767,22.803
0.090062,0.97691,0.18608,22.808
0.10188,0.97297,0.19476,22.812
0.10578,0.98086,0.19911,22.817
0.11405,0.96902,0.19193,22.822
0.11796,0.95717,0.19589,22.827
0.11841,0.96507,0.1807,22.832
0.12254,0.97297,0.17738,22.837
0.13034,0.97297,0.18578,22.842
0.14629,0.97297,0.19106,22.847
0.13791,0.97691,0.20193,22.852
0.13389,0.99271,0.20188,22.856
0.1425,0.98481,0.18326,22.861
0.14617,0.98876,0.19521,22.866
0.13791,0.98481,0.20208,22.871
0.14618,0.97297,0.1949,22.876
0.15031,0.97691,0.1915,22.881
0.15053,0.98086,0.18391,22.886
0.14996,0.97691,0.20301,22.891
0.14583,0.98481,0.20664,22.896
0.15432,0.98481,0.19202,22.9
0.14216,0.98086,0.19469,22.905
0.14158,0.98086,0.21387,22.91
0.12976,0.98086,0.20512,22.915
0.12576,0.96112,0.20436,22.92
0.13826,0.97297,0.19034,22.925
0.13057,0.97691,0.17818,22.93
0.11405,0.96507,0.19185,22.935
0.11806,0.98086,0.19252,22.939
0.12609,0.97691,0.19317,22.944
0.12185,0.97297,0.2004,22.949
0.12597,0.99271,0.19732,22.954
0.10199,0.99271,0.19131,22.959
0.12964,0.99271,0.20919,22.964
0.12528,0.99271,0.22034,22.969
0.13377,0.99271,0.20572,22.974
0.13423,0.99271,0.19037,22.979
0.13859,0.99271,0.17922,22.983
0.13446,0.99666,0.18278,22.988
0.13515,0.99666,0.15976,22.993
0.12631,0.99271,0.18581,22.998
0.14629,0.98086,0.19122,23.003
0.12988,0.98086,0.20128,23.008
0.13011,0.97297,0.19345,23.013
0.1144,0.96507,0.18034,23.018
0.1183,0.96902,0.18462,23.022
0.12197,0.96902,0.19649,23.027
0.11818,0.97691,0.18861,23.032
0.11026,0.97691,0.18405,23.037
0.11783,0.97297,0.20004,23.042
0.093855,0.96507,0.19388,23.047
0.094078,0.97691,0.18644,23.052
0.086048,0.97297,0.18564,23.057
0.090064,0.97297,0.186,23.062
0.11026,0.96902,0.18389,23.066
0.097975,0.98481,0.1908,23.071
0.10223,0.97691,0.18333,23.076
0.11014,0.97691,0.18789,23.081
0.11003,0.97691,0.19172,23.086
0.11749,0.97297,0.21155,23.091
0.09362,0.97297,0.20171,23.096
0.11783,0.98086,0.2002,23.101
0.10578,0.98086,0.19911,23.105
0.1176,0.97691,0.20779,23.11
0.1059,0.97297,0.19512,23.115
0.11382,0.96902,0.1996,23.12
0.11427,0.97691,0.18441,23.125
0.12609,0.98086,0.19325,23.13
0.1262,0.98481,0.18949,23.135
0.12643,0.98481,0.18182,23.14
0.13011,0.98481,0.19369,23.145
0.12631,0.99271,0.18581,23.149
0.11851,0.98876,0.17734,23.154
0.12666,0.98481,0.17414,23.159
0.12219,0.98481,0.18913,23.164
0.12597,0.98876,0.19724,23.169
0.11404,0.98481,0.19224,23.174
0.11806,0.98481,0.1926,23.179
0.13814,0.98086,0.19433,23.184
0.12253,0.98481,0.17762,23.188
0.11829,0.98086,0.18485,23.193
0.12219,0.98481,0.18913,23.198
0.12999,0.98086,0.19744,23.203
0.13045,0.98876,0.18226,23.208
0.1301,0.99271,0.19384,23.213
0.12196,0.98481,0.1968,23.218
0.13412,0.98086,0.19397,23.223
0.11806,0.97297,0.19237,23.228
0.13458,0.98481,0.1787,23.232
0.12621,0.97691,0.18933,23.237
0.12587,0.96902,0.20068,23.242
0.12609,0.98086,0.19325,23.247
0.14273,0.97691,0.17543,23.252
0.13849,0.97297,0.18266,23.257
0.14251,0.97297,0.18303,23.262
0.13459,0.97297,0.17847,23.267
0.12242,0.97691,0.1813,23.271
0.1262,0.99271,0.18965,23.276
0.13011,0.97297,0.19345,23.281
0.13045,0.98876,0.18226,23.286
0.13044,0.99666,0.18241,23.291
0.13045,0.98876,0.18226,23.296
0.14674,0.98876,0.17603,23.301
0.13848,0.98876,0.18298,23.306
0.12609,0.97691,0.19317,23.311
0.14262,0.97297,0.17919,23.315
0.13814,0.98086,0.19433,23.32
0.14629,0.97691,0.19114,23.325
0.15845,0.98876,0.18862,23.33
0.14227,0.98481,0.19094,23.335
0.1425,0.97691,0.18311,23.34
0.15088,0.97297,0.17224,23.345
0.15535,0.98481,0.15749,23.35
0.15454,0.99271,0.1845,23.354
0.15041,0.99666,0.18806,23.359
0.14238,0.99271,0.18726,23.364
0.14261,0.99271,0.17958,23.369
0.14227,0.98876,0.19101,23.374
0.14284,0.98481,0.17175,23.379
0.13791,0.98086,0.202,23.384
0.11783,0.98086,0.2002,23.389
0.14215,0.98876,0.19485,23.394
0.1503,0.98876,0.19174,23.398
0.13034,0.98481,0.18601,23.403
0.13906,0.98086,0.16364,23.408
0.13011,0.98481,0.19369,23.413
0.13848,0.98481,0.1829,23.418
0.11852,0.98086,0.17718,23.423
0.13367,0.97691,0.20924,23.428
0.12208,0.96507,0.19257,23.433
0.13011,0.96902,0.19337,23.437
0.12668,0.96507,0.17375,23.442
0.12208,0.96902,0.19265,23.447
0.13436,0.97297,0.18614,23.452
0.13447,0.98086,0.18246,23.457
0.12633,0.97297,0.18542,23.462
0.13022,0.98086,0.18977,23.467
0.13413,0.97691,0.19389,23.472
0.13,0.96902,0.19721,23.477
0.14181,0.97691,0.20612,23.481
0.13848,0.98481,0.1829,23.486
0.11806,0.97297,0.19237,23.491
0.13057,0.96902,0.17803,23.496
0.12633,0.97297,0.18542,23.501
0.11818,0.97297,0.18853,23.506
0.12254,0.97691,0.17746,23.511
0.13871,0.98481,0.17523,23.516
0.13401,0.98086,0.19781,23.521
0.12998,1.0006,0.19784,23.525
0.13413,0.97691,0.19389,23.53
0.13034,0.98086,0.18594,23.535
0.12666,0.99271,0.1743,23.54
0.14226,0.99271,0.19109,23.545
0.13435,0.98876,0.18645,23.55
0.13068,0.98876,0.17458,23.555
0.11048,0.98481,0.17653,23.56
0.13057,0.97691,0.17818,23.564
0.13481,0.98086,0.17095,23.569
0.1347,0.98086,0.17479,23.574
0.12632,0.98086,0.18557,23.579
0.13033,0.98876,0.18609,23.584
0.1106,0.98481,0.1727,23.589
0.12264,0.99271,0.17394,23.594
0.13837,0.98481,0.18674,23.599
0.13435,0.98086,0.1863,23.604
0.12241,0.99271,0.18161,23.608
0.12276,0.99271,0.1701,23.613
0.12643,0.98876,0.1819,23.618
0.13081,0.96902,0.17035,23.623
0.13035,0.96507,0.18562,23.628
0.14274,0.97297,0.17535,23.633
0.15502,0.96902,0.16869,23.638
0.1425,0.97691,0.18311,23.643
0.13021,1.0046,0.19024,23.647
0.12242,0.97691,0.1813,23.652
0.1463,0.96507,0.1909,23.657
0.14217,0.96507,0.19438,23.662
0.12621,0.97297,0.18925,23.667
0.13034,0.97691,0.18586,23.672
0.14652,0.97297,0.18339,23.677
0.14618,0.97297,0.1949,23.682
0.13401,0.98086,0.19781,23.687
0.14147,0.98086,0.21771,23.691
0.11818,0.97691,0.18861,23.696
0.12989,0.96112,0.20089,23.701
0.13401,0.97297,0.19765,23.706
0.14193,0.98086,0.20237,23.711
0.13814,0.97691,0.19425,23.716
0.14583,0.98086,0.20656,23.721
0.15788,0.97691,0.20757,23.726
0.17004,0.97297,0.20474,23.73
0.1542,0.98481,0.19586,23.735
0.16224,0.96902,0.19626,23.74
0.15374,0.98086,0.21112,23.745
0.158,0.97297,0.20365,23.75
0.15754,0.96902,0.21892,23.755
0.15364,0.96902,0.21472,23.76
0.16167,0.96902,0.21545,23.765
0.1581,0.98876,0.20013,23.77
0.15019,0.98086,0.19542,23.774
0.14617,0.98876,0.19521,23.779
0.15891,0.97691,0.17304,23.784
0.15846,0.96902,0.18823,23.789
0.14618,0.96902,0.19482,23.794
0.15444,0.97691,0.18803,23.799
0.14216,0.97691,0.19461,23.804
0.16259,0.97691,0.18491,23.809
0.15868,0.98086,0.18079,23.813
0.1705,0.98876,0.18971,23.818
0.15018,0.99271,0.19565,23.823
0.14227,0.98086,0.19086,23.828
0.12196,0.98481,0.1968,23.833
0.12218,0.99271,0.18929,23.838
0.11783,0.98086,0.2002,23.843
0.1176,0.97297,0.20771,23.848
0.10899,0.97691,0.22625,23.853
0.11761,0.96507,0.20755,23.857
0.12115,0.98086,0.22358,23.862
0.10509,0.97297,0.22197,23.867
0.11266,0.97691,0.23812,23.872
0.10899,0.98086,0.22633,23.877
0.11244,0.96902,0.24563,23.882
0.10499,0.96112,0.22557,23.887
0.11738,0.95717,0.21507,23.892
0.12954,0.96507,0.21247,23.896
0.14124,0.96902,0.22515,23.901
0.15329,0.97691,0.22639,23.906
0.13699,0.98481,0.23277,23.911
0.1331,0.96902,0.22826,23.916
0.14147,0.97297,0.21755,23.921
0.14147,0.97691,0.21763,23.926
0.13366,0.98481,0.20939,23.931
0.13768,0.97297,0.20952,23.936
0.14559,0.98481,0.21431,23.94
0.14939,0.97297,0.22211,23.945
0.14193,0.98086,0.20237,23.95
0.14583,0.98481,0.20664,23.955
0.15375,0.97297,0.21096,23.96
0.14549,0.97297,0.21791,23.965
0.13791,0.97297,0.20185,23.97
0.14136,0.96902,0.22131,23.975
0.14939,0.97691,0.22219,23.979
