0.094428,0.96902,0.17477,124
0.12671,0.90583,0.17257,124
0.14671,0.84659,0.17703,124.01
0.17406,0.77551,0.205,124.01
0.16937,0.75181,0.22718,124.02
0.18132,0.72022,0.23147,124.02
0.17824,0.70443,0.2001,124.03
0.20649,0.66493,0.19801,124.03
0.16792,0.68073,0.27564,124.04
0.15628,0.56621,0.26076,124.04
0.19876,0.349,0.18715,124.05
0.1711,0.36085,0.16951,124.05
0.16241,0.49512,0.19065,124.06
0.16556,0.5978,0.21991,124.06
0.19149,0.78736,0.29528,124.07
0.19797,0.89003,0.34792,124.07
0.19878,0.87029,0.32067,124.08
0.20764,0.84659,0.29407,124.08
0.16105,0.85054,0.2361,124.09
0.1489,0.8229,0.2383,124.09
0.15259,0.80315,0.24978,124.1
0.099225,0.7992,0.28336,124.1
0.087056,0.8071,0.28627,124.11
0.070984,0.81895,0.28506,124.11
0.098424,0.79131,0.31006,124.12
0.085555,0.815,0.3363,124.12
0.069605,0.815,0.33102,124.13
0.073969,0.81105,0.31979,124.13
0.070185,0.8071,0.31168,124.14
0.062489,0.8229,0.29976,124.14
0.034137,0.83475,0.30514,124.15
0.03748,0.8071,0.32797,124.15
0.02944,0.81895,0.32748,124.16
-0.014861,0.8308,0.32758,124.16
-0.022323,0.8387,0.30783,124.17
-0.026126,0.86634,0.30035,124.17
0.0022042,0.89003,0.29568,124.17
-0.010098,0.92953,0.30306,124.18
-0.0023079,0.94927,0.31185,124.18
0.0090528,0.94532,0.33587,124.19
-0.018857,0.98876,0.32653,124.19
-0.0066954,0.99271,0.32386,124.2
-0.0065874,1.0046,0.32026,124.2
0.0095857,1.0164,0.31811,124.21
-0.023007,1.0204,0.33064,124.21
0.017165,1.0046,0.33394,124.22
0.012468,0.98876,0.35628,124.22
0.012707,0.97297,0.34829,124.23
0.020157,0.98481,0.36843,124.23
0.024174,0.98481,0.36879,124.24
0.024411,0.97297,0.36088,124.24
-0.0040437,0.96507,0.36971,124.25
-0.036651,0.99271,0.38271,124.25
-0.049155,0.98481,0.39681,124.26
-0.04513,0.96902,0.39686,124.26
-0.073579,0.95322,0.40552,124.27
-0.073464,0.95322,0.40169,124.27
-0.065777,0.95322,0.41392,124.28
-0.04214,0.95322,0.43143,124.28
-0.010014,0.96112,0.43448,124.29
0.0068614,0.95322,0.40892,124.29
0.051618,0.94927,0.39363,124.3
0.11221,0.94137,0.38739,124.3
0.12953,0.95717,0.34695,124.31
0.13057,0.96112,0.3125,124.31
0.17866,0.94532,0.32036,124.32
0.21067,0.94927,0.32717,124.32
0.24233,0.96112,0.34564,124.33
0.21777,0.97691,0.35913,124.33
0.2134,0.97691,0.37028,124.34
0.21318,0.97297,0.37787,124.34
0.19711,0.97297,0.37643,124.35
0.20457,0.96902,0.39625,124.35
0.18439,0.94137,0.39773,124.36
0.17958,0.92163,0.42383,124.36
0.15102,0.89398,0.43609,124.37
0.094431,0.92558,0.44317,124.37
0.10626,0.90583,0.45154,124.38
0.078157,0.89003,0.44869,124.38
0.062005,0.84264,0.45014,124.38
0.022293,0.85844,0.43149,124.39
0.018157,0.86634,0.43512,124.39
0.029973,0.87029,0.44396,124.4
0.042137,0.87029,0.44121,124.4
0.05086,0.87029,0.41891,124.41
0.087692,0.87819,0.3993,124.41
0.10821,0.92163,0.38663,124.42
0.15248,0.95717,0.38748,124.42
0.20582,1.0006,0.35468,124.43
0.25525,1.048,0.31777,124.43
0.26097,1.0875,0.26137,124.44
0.29023,1.0914,0.22562,124.44
0.33843,1.0954,0.23003,124.45
0.38133,1.1072,0.27645,124.45
0.34034,1.1428,0.30039,124.46
0.38086,1.127,0.29219,124.46
0.36927,1.127,0.27576,124.47
0.35297,1.1428,0.2823,124.47
0.31236,1.1151,0.29348,124.48
0.31224,1.123,0.29747,124.48
0.2677,1.1428,0.3054,124.49
0.24668,1.1783,0.33499,124.49
0.23038,1.1902,0.34145,124.5
0.21046,1.1112,0.33423,124.5
0.17208,1.0164,0.27118,124.51
0.073349,0.90583,0.20623,124.51
0.086361,0.83475,0.17521,124.52
0.065967,0.77946,0.18381,124.52
0.037659,0.72022,0.18777,124.53
0.017831,0.68073,0.1775,124.53
-0.0064969,0.68073,0.183,124.54
0.01692,0.66493,0.20788,124.54
0.069345,0.69258,0.20545,124.55
0.10606,0.70837,0.18984,124.55
0.1439,0.76366,0.13665,124.56
0.2176,0.90188,0.096043,124.56
0.31425,1.0519,0.096203,124.57
0.35779,1.1665,0.12164,124.57
0.39885,1.206,0.095357,124.58
0.39493,1.2376,0.091789,124.58
0.42683,1.2376,0.10235,124.58
0.43061,1.2376,0.11039,124.59
0.42949,1.1862,0.14773,124.59
0.41608,1.1507,0.19197,124.6
0.37125,1.0914,0.20983,124.6
0.31698,1.0677,0.27371,124.61
0.26433,1.0362,0.28373,124.61
0.17954,1.0046,0.29085,124.62
0.17967,0.98086,0.28654,124.62
0.14674,0.97297,0.31035,124.63
0.13436,0.94532,0.32022,124.63
0.10717,0.94927,0.28708,124.64
0.047614,0.94927,0.25864,124.64
0.023958,0.98086,0.24176,124.65
0.0054709,1.0085,0.18679,124.65
-0.018507,1.0006,0.18063,124.66
0.014201,0.99666,0.16426,124.66
0.018227,0.98086,0.16431,124.67
0.010887,0.97691,0.14049,124.67
0.011242,0.96112,0.12866,124.68
0.015493,0.95322,0.12119,124.68
0.0271,0.92163,0.13699,124.69
0.03996,0.91373,0.11107,124.69
0.035246,0.92558,0.13396,124.7
0.035105,0.96902,0.13866,124.7
0.018215,1.0006,0.1647,124.71
0.0020253,1.0164,0.16741,124.71
0.02982,0.97297,0.18058,124.72
0.022967,0.92558,0.14055,124.72
0.0024368,0.90583,0.15369,124.73
0.026213,0.86634,0.16658,124.73
-0.0066222,0.89003,0.18718,124.74
-0.055877,0.92953,0.21816,124.74
-0.083435,0.96112,0.19707,124.75
-0.066693,0.98481,0.17598,124.75
-0.067266,0.98086,0.19508,124.76
-0.051328,1.0006,0.20075,124.76
-0.050527,1.0085,0.17406,124.77
-0.038478,1.0085,0.17514,124.77
-0.02173,1.0204,0.15381,124.78
-0.017131,1.0085,0.13475,124.78
-0.029064,1.0085,0.12983,124.79
0.0068638,0.98876,0.14036,124.79
0.014093,0.98481,0.16786,124.79
0.037958,0.98876,0.17778,124.8
0.033825,0.99271,0.18133,124.8
0.03393,1.0085,0.17781,124.81
0.045526,0.99666,0.19401,124.81
0.041282,0.99271,0.20124,124.82
0.052992,0.98086,0.21359,124.82
0.040835,0.96902,0.21611,124.83
0.045075,0.98086,0.20904,124.83
0.053347,0.96507,0.20177,124.84
0.037399,0.96112,0.19641,124.84
0.036826,0.95717,0.21551,124.85
0.036479,0.96112,0.2271,124.85
0.040502,0.94927,0.22723,124.86
0.044648,0.92558,0.22328,124.86
0.028235,0.92953,0.23342,124.87
0.036385,0.92558,0.23023,124.87
0.03614,0.94927,0.23837,124.88
0.040387,0.94927,0.23106,124.88
0.065288,0.95322,0.20646,124.89
0.048889,0.93347,0.21612,124.89
0.036728,0.92953,0.2188,124.9
0.036963,0.92163,0.21097,124.9
0.033404,0.92558,0.19534,124.91
0.029273,0.92558,0.19881,124.91
0.013776,0.93742,0.17842,124.92
0.016642,0.93742,0.21715,124.92
0.016975,0.95717,0.20603,124.93
0.004696,0.95717,0.21262,124.93
-0.0078392,1.0006,0.22775,124.94
-0.024609,1.0243,0.24979,124.94
-0.013025,1.0322,0.26638,124.95
-0.023005,1.0164,0.33056,124.95
-0.019456,1.0283,0.3465,124.96
0.0014357,1.0204,0.3213,124.96
0.019577,1.0125,0.25353,124.97
0.031978,1.0006,0.24287,124.97
0.063672,0.96112,0.26032,124.98
0.094647,0.96902,0.30173,124.98
0.12218,0.98086,0.32368,124.99
0.15488,0.98876,0.30755,124.99
0.20434,0.99271,0.26977,125
0.22625,1.0125,0.21059,125
0.26309,1.0006,0.19059,125
0.29213,0.99271,0.16227,125.01
0.30933,1.0243,0.12598,125.01
0.29757,1.1151,0.1152,125.02
0.28546,1.2178,0.11616,125.02
0.25304,1.3244,0.12307,125.03
0.24954,1.4113,0.10526,125.03
0.22162,1.4824,0.096475,125.04
0.22195,1.4982,0.085281,125.04
0.23514,1.5258,0.048554,125.05
0.23915,1.5337,0.049073,125.05
0.27222,1.4982,0.020565,125.06
0.27269,1.4864,0.0049835,125.06
0.27605,1.4271,0.027181,125.07
0.29124,1.3481,0.057742,125.07
0.31483,1.2336,0.076808,125.08
0.30261,1.1309,0.081349,125.08
0.29532,1.0441,0.055875,125.09
0.22251,0.94927,0.06666,125.09
0.17346,0.84659,0.090964,125.1
0.13219,0.76366,0.12406,125.1
0.098854,0.66888,0.16148,125.11
0.057912,0.62544,0.18385,125.11
0.025134,0.55436,0.20256,125.12
-0.00021125,0.52277,0.24196,125.12
-0.033711,0.50302,0.28471,125.13
-0.046798,0.50697,0.31823,125.13
-0.010241,0.5899,0.30779,125.14
0.030004,0.64519,0.30867,125.14
0.054088,0.66888,0.31131,125.15
0.07838,0.72812,0.30699,125.15
0.095103,0.78341,0.28652,125.16
0.10286,0.85844,0.29641,125.16
0.12266,0.94532,0.30763,125.17
0.12996,1.0204,0.33286,125.17
0.14974,1.127,0.34447,125.18
0.22681,1.2178,0.3263,125.18
0.18259,1.281,0.32358,125.19
0.19835,1.4074,0.33522,125.19
0.19474,1.4864,0.32109,125.2
0.17921,1.5574,0.30188,125.2
0.17222,1.5574,0.26663,125.21
0.18868,1.4627,0.25468,125.21
0.2006,1.2968,0.26012,125.21
0.18048,1.1665,0.25955,125.22
0.17239,1.0677,0.2607,125.22
0.18356,1.0085,0.29129,125.23
0.19058,0.95717,0.32552,125.23
0.16985,0.90188,0.34563,125.24
0.14578,0.85054,0.34243,125.24
0.11389,0.83475,0.33155,125.25
0.11413,0.8229,0.32364,125.25
0.089337,0.8229,0.34449,125.26
0.064776,0.82685,0.35775,125.26
0.064422,0.84264,0.36957,125.27
0.068543,0.85844,0.36641,125.27
0.037912,0.85449,0.31357,125.28
0.03483,0.8308,0.28205,125.28
0.022798,0.80315,0.28041,125.29
0.010524,0.79526,0.28684,125.29
0.010509,0.81895,0.28731,125.3
0.010383,0.8387,0.29154,125.3
0.0062512,0.8387,0.29502,125.31
-0.0015347,0.81105,0.28607,125.31
0.018652,0.82685,0.28436,125.32
0.014873,0.815,0.27609,125.32
0.026918,0.8229,0.27733,125.33
0.038053,0.81105,0.30887,125.33
0.050095,0.8229,0.31019,125.34
0.062376,0.81895,0.30352,125.34
0.065568,0.85054,0.33137,125.35
0.080238,0.87424,0.37932,125.35
0.07586,0.90188,0.39102,125.36
0.07252,0.92558,0.36811,125.36
0.07779,0.94532,0.32667,125.37
0.081797,0.96112,0.32735,125.37
0.10565,0.98086,0.33758,125.38
0.11759,0.97691,0.34242,125.38
0.12229,0.98086,0.31985,125.39
0.13329,1.0006,0.35585,125.39
0.13673,1.0046,0.37547,125.4
0.17253,1.0085,0.39031,125.4
0.17301,0.98086,0.37442,125.41
0.16671,0.96112,0.31575,125.41
0.14789,0.97297,0.27198,125.42
0.1589,0.98086,0.30775,125.42
0.1542,0.96902,0.33017,125.42
0.1502,0.94532,0.32934,125.43
0.13026,0.90188,0.32283,125.43
0.13038,0.88609,0.31868,125.44
0.097679,0.88214,0.33489,125.44
0.080684,0.89793,0.36445,125.45
0.097317,0.90978,0.34695,125.45
0.070826,0.89003,0.29032,125.46
0.070831,0.88214,0.29016,125.46
0.05901,0.88609,0.28148,125.47
0.053958,0.88609,0.31565,125.47
0.037195,0.89793,0.33745,125.48
0.032606,0.89398,0.3562,125.48
0.03662,0.89793,0.35664,125.49
0.056591,0.89003,0.36212,125.49
0.05718,0.86634,0.34247,125.5
0.060976,0.85054,0.35019,125.5
0.08886,0.85054,0.36039,125.51
0.10171,0.85844,0.33478,125.51
0.1016,0.85054,0.33846,125.52
0.11732,0.84659,0.35133,125.52
0.11732,0.84659,0.35133,125.53
0.10942,0.82685,0.34638,125.53
0.11354,0.8308,0.34298,125.54
0.13788,0.81895,0.33724,125.54
0.14615,0.81105,0.33014,125.55
0.15797,0.81105,0.33889,125.55
0.17402,0.83475,0.34081,125.56
0.18525,0.84659,0.36899,125.56
0.19684,0.84659,0.38542,125.57
0.2136,0.83475,0.36361,125.57
0.23817,0.81895,0.35012,125.58
0.24987,0.8229,0.36279,125.58
0.25791,0.8229,0.36351,125.59
0.26147,0.81105,0.37898,125.59
0.26941,0.77551,0.38283,125.6
0.28996,0.75576,0.3689,125.6
0.2863,0.74392,0.35679,125.61
0.28573,0.73602,0.37582,125.61
0.29801,0.72417,0.36899,125.62
0.28666,0.71627,0.34473,125.62
0.28298,0.73602,0.33326,125.62
0.27114,0.76761,0.32513,125.63
0.28754,0.78736,0.31546,125.63
0.29141,0.82685,0.32045,125.64
0.2954,0.87819,0.32183,125.64
0.30353,0.90188,0.31919,125.65
0.28779,0.93742,0.30694,125.65
0.30774,0.97297,0.3133,125.66
0.32873,0.99271,0.28481,125.66
0.32931,0.98876,0.26555,125.67
0.34605,1.0006,0.24421,125.67
0.37795,1.0046,0.25486,125.68
0.39413,1.0085,0.25254,125.68
0.4142,1.0243,0.25467,125.69
0.4556,1.0717,0.21703,125.69
0.51239,1.1033,0.20354,125.7
0.52498,1.1507,0.18638,125.7
0.51704,1.1981,0.18277,125.71
0.52445,1.2692,0.20409,125.71
0.49872,1.3086,0.25642,125.72
0.45028,1.3244,0.26007,125.72
0.37986,1.2849,0.19139,125.73
0.25806,1.1862,0.089984,125.73
0.17847,1.0993,0.058004,125.74
0.15854,1.048,0.051336,125.74
0.14216,1.0006,0.060454,125.75
0.14148,0.98086,0.083078,125.75
0.10844,0.95322,0.11033,125.76
0.11969,0.94137,0.13803,125.76
0.11511,0.92558,0.15653,125.77
0.10292,0.97297,0.16023,125.77
0.11105,1.0046,0.15775,125.78
0.091058,1.0441,0.15289,125.78
0.1227,1.0914,0.17207,125.79
0.11831,1.1349,0.18409,125.79
0.11211,1.1507,0.1223,125.8
0.098031,1.1033,0.05469,125.8
0.090379,1.0441,0.041276,125.81
0.082828,1.0085,0.024499,125.81
0.074932,0.97297,0.019231,125.82
0.083906,0.93742,-0.011445,125.82
0.10435,0.91373,-0.02162,125.83
0.13637,0.90583,-0.015049,125.83
0.16057,0.92163,-0.016402,125.83
0.18086,0.96112,-0.021479,125.84
0.1968,0.98086,-0.015803,125.84
0.20849,1.0046,-0.0027372,125.85
0.21652,1.0085,-0.0019355,125.85
0.20585,1.0046,-0.049134,125.86
0.19002,0.99271,-0.058489,125.86
0.20194,1.0164,-0.053096,125.87
0.19781,1.0204,-0.049542,125.87
0.18956,1.0046,-0.042908,125.88
0.19713,1.0085,-0.026761,125.88
0.20952,1.0085,-0.037185,125.89
0.19333,1.0283,-0.034401,125.89
0.19342,1.0598,-0.037607,125.9
0.1731,1.0756,-0.031427,125.9
0.1801,1.0717,0.0037443,125.91
0.18823,1.1033,0.001261,125.91
0.21198,1.1112,0.015096,125.92
0.17561,1.0914,0.019122,125.92
0.20421,1.048,0.0054404,125.93
0.20331,1.0243,0.035658,125.93
0.17509,1.0125,0.036728,125.94
0.19116,0.99666,0.037859,125.94
0.18326,0.97297,0.032827,125.95
0.16295,0.95717,0.038377,125.95
0.14678,0.94532,0.040531,125.96
0.15459,0.94137,0.048848,125.96
0.16215,0.94927,0.065074,125.97
0.1671,0.92558,0.034272,125.97
0.16378,0.91768,0.010735,125.98
0.15575,0.91768,0.010012,125.98
0.1717,0.91373,0.015216,125.99
0.14795,0.91373,0.001538,125.99
0.17158,0.92163,0.01921,126
0.17938,0.93742,0.02792,126
0.17454,0.95717,0.054807,126.01
0.17442,0.96507,0.058801,126.01
0.17086,0.97691,0.04333,126.02
0.17108,0.99271,0.035973,126.02
0.17511,0.97691,0.036019,126.03
0.12382,0.97297,0.0005508,126.03
0.11578,0.97691,-9.3366e-05,126.04
0.11612,0.99271,-0.011287,126.04
0.10383,1.0046,-0.0044627,126.04
0.11897,1.0204,0.027989,126.05
0.13044,1.0283,0.048412,126.05
0.12228,1.0401,0.051762,126.06
0.11884,1.0441,0.032298,126.06
0.14351,1.048,0.015364,126.07
0.15981,1.0362,0.0089006,126.07
0.1721,1.0283,0.0021549,126.08
0.21272,1.0204,-0.0097333,126.08
0.23235,1.0085,0.007183,126.09
0.25668,1.0046,0.0016004,126.09
0.26057,1.0243,0.006192,126.1
0.2654,1.0085,-0.020616,126.1
0.2934,1.0085,-0.014249,126.11
0.30121,0.99666,-0.00609,126.11
0.30901,0.99666,0.0023056,126.12
0.32474,0.97691,0.014867,126.12
0.32083,0.99271,0.010984,126.13
0.30443,0.98086,0.020811,126.13
0.31706,0.98086,0.0027134,126.14
0.30443,0.98481,0.020889,126.14
0.28803,0.96902,0.030637,126.15
0.27977,0.96112,0.03743,126.15
0.27553,0.95322,0.044583,126.16
0.26302,0.94532,0.058686,126.16
0.23893,0.94137,0.056439,126.17
0.23077,0.95322,0.059789,126.17
0.23857,0.95717,0.068263,126.18
0.22606,0.95717,0.082524,126.18
0.22617,0.96507,0.078845,126.19
0.21411,0.98481,0.078154,126.19
0.21813,0.98876,0.078595,126.2
0.22627,1.0006,0.075718,126.2
0.21858,1.0006,0.063486,126.21
0.21928,0.98876,0.040232,126.21
0.2234,1.0046,0.037072,126.22
0.21904,1.0085,0.048298,126.22
0.2227,1.0164,0.060326,126.23
0.21043,1.0046,0.066678,126.23
0.21078,0.99271,0.054933,126.24
0.21193,0.99271,0.01657,126.24
0.20757,0.99666,0.027796,126.25
0.2063,1.0085,0.070232,126.25
0.21377,0.98876,0.089742,126.25
0.2257,0.98876,0.094663,126.26
0.23798,0.98876,0.088075,126.26
0.22627,1.0006,0.075718,126.27
0.2304,1.0046,0.072322,126.27
0.25345,1.0283,0.10949,126.28
0.25367,1.0362,0.10197,126.28
0.25389,1.048,0.094538,126.29
0.23736,1.0638,0.10875,126.29
0.23758,1.0717,0.10124,126.3
0.22175,1.0717,0.092119,126.3
0.23735,1.0717,0.10891,126.31
0.26157,1.0717,0.10724,126.31
0.27329,1.0401,0.11921,126.32
0.28994,1.0243,0.10116,126.32
0.30991,1.0164,0.10664,126.33
0.33805,0.98086,0.10846,126.33
0.33887,0.94927,0.080978,126.34
0.35862,0.93347,0.09398,126.34
0.37057,0.89398,0.098113,126.35
0.3994,0.85054,0.076758,126.35
0.40663,0.84659,0.10426,126.36
0.43004,0.84264,0.12936,126.36
0.44199,0.82685,0.13397,126.37
0.45392,0.81895,0.13873,126.37
0.46196,0.81895,0.13946,126.38
0.4492,0.84264,0.16186,126.38
0.43657,0.85449,0.1802,126.39
0.43231,0.87424,0.1879,126.39
0.41269,0.87819,0.17083,126.4
0.40845,0.87029,0.17798,126.4
0.34362,0.85449,0.19106,126.41
0.28693,0.86239,0.20151,126.41
0.25743,0.86239,0.24501,126.42
0.20784,0.89003,0.28726,126.42
0.12257,0.89793,0.31052,126.43
0.10696,0.90978,0.29396,126.43
0.11178,0.91768,0.26763,126.44
0.088366,0.92558,0.2426,126.44
0.059552,0.94137,0.2634,126.45
0.022819,0.96112,0.27972,126.45
-0.0058875,0.98876,0.29693,126.46
-0.033893,1.0006,0.2908,126.46
-0.063288,1.0243,0.33094,126.46
-0.053097,1.0519,0.39396,126.47
-0.060434,1.0441,0.37006,126.47
-0.045393,1.0441,0.2714,126.48
-0.048129,1.0204,0.22836,126.48
-0.020609,1.0519,0.25071,126.49
0.015173,1.0835,0.2661,126.49
-0.03163,1.0638,0.21533,126.5
0.021522,1.0322,0.18871,126.5
0.019333,1.0362,0.26168,126.51
0.0017668,1.0441,0.31026,126.51
-0.0063738,1.0322,0.31314,126.52
-0.010127,0.97691,0.304,126.52
-0.0017088,0.90978,0.29188,126.53
0.010361,0.87424,0.29225,126.53
0.021854,0.84264,0.31189,126.54
0.029783,0.8229,0.31605,126.54
0.049876,0.80315,0.31747,126.55
0.07799,0.80315,0.32,126.55
0.10657,0.79526,0.30702,126.56
0.13446,0.78341,0.31699,126.56
0.18265,0.79131,0.32149,126.57
0.21443,0.80315,0.33612,126.57
0.25446,0.82685,0.34405,126.58
0.29036,0.86634,0.35576,126.58
0.30228,0.87819,0.36092,126.59
0.35505,0.90978,0.34707,126.59
0.37535,0.92953,0.34159,126.6
0.38327,0.93347,0.34623,126.6
0.37924,0.94532,0.34611,126.61
0.39543,0.93742,0.34356,126.61
0.40748,0.93742,0.34464,126.62
0.42367,0.90978,0.3417,126.62
0.41932,0.89398,0.35253,126.63
0.39441,0.89793,0.3773,126.63
0.36893,0.90188,0.42124,126.64
0.33174,0.92163,0.45291,126.64
0.31979,0.94532,0.44846,126.65
0.28835,0.94927,0.42263,126.65
0.2653,0.92953,0.38554,126.66
0.25855,0.89793,0.34199,126.66
0.25937,0.87819,0.31474,126.67
0.2572,0.87424,0.25292,126.67
0.25352,0.89003,0.24137,126.67
0.25304,0.91768,0.25726,126.68
0.22835,0.94532,0.27483,126.68
0.18772,0.95322,0.28671,126.69
0.17165,0.96507,0.2855,126.69
0.14021,0.96902,0.25967,126.7
0.12012,0.98086,0.2581,126.7
0.1161,0.98876,0.2579,126.71
0.1169,0.98876,0.23104,126.71
0.12552,0.97297,0.21227,126.72
0.1339,0.96902,0.20141,126.72
0.14606,0.98086,0.19889,126.73
0.1745,1.0164,0.19062,126.73
0.1676,1.0401,0.15201,126.74
0.15965,1.0914,0.14847,126.74
0.15929,1.123,0.16061,126.75
0.16664,1.0993,0.18388,126.75
0.15908,1.0796,0.16742,126.76
0.16312,1.048,0.16715,126.76
0.16371,1.0283,0.14757,126.77
0.1434,1.0243,0.15336,126.77
0.15465,1.0125,0.18106,126.78
0.1791,0.99271,0.17133,126.78
0.19071,0.96112,0.18713,126.79
0.21022,0.94927,0.20788,126.79
0.19772,0.93742,0.2219,126.8
0.20553,0.92558,0.23006,126.8
0.18295,0.89398,0.17739,126.81
0.17584,0.88214,0.14574,126.81
0.18767,0.85844,0.15403,126.82
0.19994,0.88214,0.14791,126.82
0.19592,0.89398,0.14779,126.83
0.1919,0.90188,0.14758,126.83
0.19718,0.90583,0.10582,126.84
0.21024,0.93347,0.072933,126.84
0.21861,0.94532,0.062383,126.85
0.21448,0.95322,0.066015,126.85
0.22296,0.96507,0.051629,126.86
0.23145,0.97297,0.037165,126.86
0.20746,0.98086,0.031317,126.87
0.21491,0.99271,0.051458,126.87
0.20756,1.0085,0.028032,126.88
0.19953,1.0164,0.027467,126.88
0.19597,1.0085,0.011602,126.88
0.18805,1.0164,0.0072007,126.89
0.18415,1.0204,0.0030817,126.89
0.1838,1.0243,0.014669,126.9
0.19195,1.0204,0.011477,126.9
0.1837,1.0085,0.018191,126.91
0.16407,1.0164,0.0011956,126.91
0.18025,1.0125,-0.0012736,126.92
0.17601,1.0125,0.0060376,126.92
0.18691,1.0085,0.045406,126.93
0.18266,1.0085,0.052717,126.93
0.23131,1.0164,0.041867,126.94
0.22329,0.99666,0.040751,126.94
0.19507,0.98876,0.041899,126.95
0.19105,0.99271,0.041616,126.95
0.19129,0.97691,0.033629,126.96
0.2155,0.98086,0.03204,126.96
0.24372,0.98481,0.030813,126.97
0.23971,0.98086,0.030372,126.97
0.23535,0.98086,0.04152,126.98
0.25187,0.98086,0.027621,126.98
0.25589,0.98876,0.02814,126.99
0.2639,1.0125,0.029335,126.99
0.27653,1.0085,0.011159,127
0.30498,1.0204,0.0024167,127
0.26047,1.0085,0.0097133,127.01
0.2328,1.0204,-0.007926,127.01
0.24415,1.0362,0.016491,127.02
0.24038,1.0125,0.0079847,127.02
0.23614,1.0006,0.01506,127.03
0.22788,0.99666,0.02193,127.03
0.27171,1.0085,0.037652,127.04
0.21113,0.99271,0.043424,127.04
0.20309,0.99666,0.04278,127.05
0.16648,1.0046,0.055029,127.05
0.16626,0.98876,0.062387,127.06
0.13803,0.99666,0.06385,127.06
0.12597,1.0046,0.062923,127.07
0.10658,1.0046,0.038098,127.07
0.10624,0.99271,0.049371,127.08
0.10245,1.0006,0.041494,127.08
0.086612,1.0125,0.032612,127.08
0.075019,1.0204,0.01634,127.09
0.054939,1.0164,0.014454,127.09
0.059061,1.0322,0.011294,127.1
0.062505,1.0283,0.030758,127.1
0.062509,1.0204,0.030601,127.11
0.09005,1.0164,0.052234,127.11
0.11735,1.0283,0.081855,127.12
0.14501,1.0204,0.099573,127.12
0.15305,1.0046,0.099981,127.13
0.15707,0.99666,0.10018,127.13
0.1923,0.99666,0.13413,127.14
0.1962,1.0046,0.13848,127.14
0.21663,0.98481,0.12839,127.15
0.22089,0.97297,0.12084,127.15
0.22492,0.95322,0.12081,127.16
0.2536,0.95717,0.10424,127.16
0.24121,0.96112,0.11474,127.17
0.24075,0.95717,0.13001,127.17
0.221,0.97297,0.117,127.18
0.21377,0.97691,0.089506,127.18
0.20975,0.98876,0.089381,127.19
0.20963,1.0046,0.093532,127.19
0.2062,0.97691,0.073438,127.2
0.19003,0.96902,0.075671,127.2
0.21826,0.96507,0.074286,127.21
0.21459,0.96112,0.062337,127.21
0.2147,0.96112,0.0585,127.22
0.24694,0.96902,0.057713,127.22
0.259,0.95717,0.058561,127.23
0.25969,0.95717,0.035543,127.23
0.26382,0.95717,0.032069,127.24
0.26796,0.94927,0.028436,127.24
0.24386,0.94927,0.026267,127.25
0.22344,0.94137,0.035811,127.25
0.22229,0.94137,0.074175,127.26
0.21036,0.93742,0.069175,127.26
0.19428,0.96112,0.068202,127.27
0.18119,0.96902,0.1018,127.27
0.19277,0.97297,0.11831,127.28
0.19633,0.97691,0.1341,127.28
0.16454,0.97297,0.11962,127.29
0.16476,0.99271,0.11234,127.29
0.14801,0.99271,0.13391,127.29
0.14468,0.99271,0.11053,127.3
0.14847,0.99271,0.11856,127.3
0.15661,0.99666,0.11553,127.31
0.18461,0.99271,0.12182,127.31
0.18874,0.99666,0.11842,127.32
0.20517,0.97297,0.10789,127.32
0.21698,0.98876,0.11696,127.33
0.22524,0.98086,0.10985,127.33
0.23339,0.98481,0.10682,127.34
0.23269,0.99271,0.12999,127.34
0.22489,0.98876,0.12152,127.35
0.22501,0.98876,0.11768,127.35
0.22892,0.97297,0.12156,127.36
0.21699,0.96507,0.11649,127.36
0.2054,0.96902,0.10013,127.37
0.21343,0.97297,0.10094,127.37
0.18945,0.97297,0.094931,127.38
0.16925,0.96902,0.096881,127.38
0.15732,0.97297,0.092039,127.39
0.14469,0.97691,0.11022,127.39
0.11658,0.97691,0.10768,127.4
0.088463,0.97691,0.10515,127.4
0.092237,0.99666,0.11358,127.41
0.083977,0.99271,0.12045,127.41
0.075939,1.0006,0.11989,127.42
0.076167,1.0046,0.11229,127.42
0.080411,1.0085,0.10506,127.43
0.080416,1.0006,0.1049,127.43
0.096368,0.99666,0.11011,127.44
0.11598,1.0046,0.12742,127.44
0.1324,1.0006,0.11728,127.45
0.13263,1.0006,0.1096,127.45
0.1409,0.98086,0.10226,127.46
0.15697,0.98086,0.10371,127.46
0.1728,0.98876,0.11298,127.47
0.17291,0.99666,0.1093,127.47
0.18461,1.0006,0.12198,127.48
0.18451,0.98086,0.12542,127.48
0.19265,0.98086,0.1223,127.49
0.20482,0.97691,0.11947,127.49
0.20058,0.96902,0.12663,127.5
0.19668,0.95717,0.12219,127.5
0.20058,0.96507,0.12655,127.5
0.20081,0.96112,0.1188,127.51
0.20874,0.95322,0.1232,127.51
0.20448,0.96507,0.13075,127.52
0.2046,0.95322,0.12667,127.52
0.20896,0.96112,0.11568,127.53
0.19703,0.95322,0.11061,127.53
0.2007,0.96112,0.12263,127.54
0.21297,0.97691,0.11636,127.54
0.20505,0.96902,0.11164,127.55
0.20872,0.97297,0.12359,127.55
0.19656,0.97691,0.12642,127.56
0.19254,0.97691,0.12606,127.56
0.17658,1.0006,0.12125,127.57
0.17302,1.0006,0.10555,127.57
0.17693,0.99271,0.10959,127.58
0.16453,0.98876,0.11993,127.58
0.15674,0.98086,0.11138,127.59
0.13964,0.97297,0.1443,127.59
0.1479,0.98481,0.13759,127.6
0.14424,0.96902,0.1254,127.6
0.12393,0.95717,0.13103,127.61
0.13632,0.96902,0.12084,127.61
0.13196,0.96902,0.13199,127.62
0.11554,0.97691,0.14221,127.62
0.12794,0.97297,0.13171,127.63
0.12381,0.97297,0.13518,127.63
0.10808,0.98086,0.12239,127.64
0.13137,0.99271,0.15165,127.64
0.15052,1.0085,0.18446,127.65
0.13562,0.98086,0.1441,127.65
0.12071,0.96902,0.10405,127.66
0.12909,0.97691,0.093424,127.66
0.11541,1.0046,0.1466,127.67
0.11542,0.99271,0.14636,127.67
0.11898,0.97297,0.16168,127.68
0.1549,0.97691,0.17268,127.68
0.172,0.96902,0.13944,127.69
0.16855,0.98876,0.12029,127.69
0.14835,1.0046,0.12264,127.7
0.14363,1.0164,0.14553,127.7
0.13526,1.0046,0.15608,127.71
0.10417,0.99666,0.1185,127.71
0.099452,1.0164,0.14155,127.71
0.09429,1.0085,0.1794,127.72
0.082234,1.0204,0.17855,127.72
0.075138,0.99271,0.14658,127.73
0.071702,0.98481,0.12688,127.73
0.055522,0.98481,0.12927,127.74
0.059186,0.99666,0.14138,127.74
0.051731,0.99271,0.1214,127.75
0.096018,1.0046,0.12177,127.75
0.12058,1.0046,0.1086,127.76
0.13697,1.0322,0.099086,127.76
0.15682,1.0362,0.10864,127.77
0.17299,1.0519,0.10657,127.77
0.18917,1.0441,0.10402,127.78
0.19307,1.048,0.1083,127.78
0.18906,1.0362,0.1077,127.79
0.19343,1.0322,0.096474,127.79
0.20537,1.0164,0.10108,127.8
0.20125,1.0006,0.10424,127.8
0.20483,0.96507,0.11924,127.81
0.20505,0.97297,0.11172,127.81
0.18463,0.96112,0.12119,127.82
0.16433,0.94532,0.12674,127.82
0.17237,0.93742,0.1273,127.83
0.15574,0.92163,0.14472,127.83
0.14346,0.92558,0.15139,127.84
0.14391,0.92953,0.13612,127.84
0.14426,0.92163,0.12446,127.85
0.11605,0.89793,0.12529,127.85
0.12775,0.90188,0.13796,127.86
0.12763,0.90583,0.14188,127.86
0.13152,0.92953,0.14655,127.87
0.1353,0.93742,0.15474,127.87
0.15583,0.95717,0.1416,127.88
0.17614,0.95717,0.13573,127.88
0.16788,0.95717,0.14268,127.89
0.16019,0.96902,0.13069,127.89
0.15674,0.98086,0.11138,127.9
0.16098,0.99271,0.1043,127.9
0.16075,0.98481,0.11182,127.91
0.15318,0.98876,0.095829,127.91
0.15272,0.98876,0.11117,127.92
0.13676,1.0046,0.10621,127.92
0.12437,0.99271,0.1164,127.92
0.12815,0.99666,0.12451,127.93
0.14008,1.0046,0.12959,127.93
0.12403,0.98876,0.12783,127.94
0.11965,1.0125,0.13945,127.94
0.11116,1.0164,0.15415,127.95
0.099454,1.0125,0.14147,127.95
0.11942,1.0085,0.14704,127.96
0.11104,1.0164,0.15798,127.96
0.094642,0.99666,0.16765,127.97
0.12321,1.0006,0.15492,127.97
0.11908,0.99666,0.15831,127.98
0.1309,1.0046,0.16723,127.98
0.14318,1.0006,0.16056,127.99
0.13906,0.98876,0.1638,127.99
0.1316,0.98086,0.14374,128
0.13195,0.97691,0.13215,128
0.13207,0.97297,0.12823,128.01
0.12013,0.97691,0.12339,128.01
0.1238,0.97691,0.13526,128.02
0.11956,0.97691,0.14257,128.02
0.13183,0.98876,0.13622,128.03
0.13206,0.98086,0.12839,128.03
0.12345,0.98876,0.14701,128.04
0.14033,0.98086,0.12144,128.04
0.14423,0.98481,0.12572,128.05
0.12817,0.97297,0.12404,128.05
0.14377,0.97297,0.14083,128.06
0.1277,0.97691,0.13946,128.06
0.11944,0.97691,0.14641,128.07
0.13527,0.98086,0.15561,128.07
0.13527,0.98481,0.15569,128.08
0.13952,0.97691,0.14822,128.08
0.13574,0.98086,0.14026,128.09
0.15535,0.98481,0.15749,128.09
0.1433,0.99271,0.15657,128.1
0.14273,0.98086,0.17551,128.1
0.15122,0.99666,0.1612,128.11
0.15569,0.99271,0.14614,128.11
0.16385,0.98481,0.14287,128.12
0.1635,0.99271,0.15454,128.12
0.16326,0.99666,0.16229,128.12
0.16302,1.0125,0.17028,128.13
0.15144,1.0046,0.15369,128.13
0.13929,0.97691,0.15589,128.14
0.13149,0.97691,0.14749,128.14
0.13183,0.98086,0.13606,128.15
0.12804,0.99271,0.12827,128.15
0.12782,0.98086,0.1357,128.16
0.1238,0.97691,0.13526,128.16
0.11496,0.98481,0.16155,128.17
0.11497,0.97691,0.16139,128.17
0.10739,0.98481,0.14548,128.18
0.095337,0.98876,0.14448,128.18
0.10716,0.98481,0.15316,128.19
0.11105,0.99666,0.15759,128.19
0.098778,0.98876,0.16402,128.2
0.11117,0.99271,0.15367,128.2
0.10268,0.98481,0.16814,128.21
0.12276,0.98481,0.16995,128.21
0.098898,0.98086,0.16003,128.22
0.11084,0.97297,0.16479,128.22
0.10693,0.98086,0.16075,128.23
0.12357,0.98876,0.14317,128.23
0.11967,0.98086,0.13882,128.24
0.13195,0.98481,0.13231,128.24
0.13172,0.97691,0.13982,128.25
0.10797,0.98086,0.12622,128.25
0.1199,0.98481,0.13122,128.26
0.12369,0.98086,0.13918,128.26
0.13952,0.98086,0.1483,128.27
0.12747,0.98876,0.14737,128.27
0.12012,0.99271,0.12371,128.28
0.1082,0.97691,0.11847,128.28
0.11979,0.97297,0.13482,128.29
0.11176,0.96902,0.13402,128.29
0.12749,0.95717,0.14674,128.3
0.13575,0.96112,0.13987,128.3
0.15169,0.97297,0.14539,128.31
0.14767,0.97297,0.14502,128.31
0.13551,0.97691,0.14786,128.32
0.16385,0.98481,0.14287,128.32
0.16855,0.99271,0.12037,128.33
0.16477,0.98086,0.1121,128.33
0.16097,1.0006,0.10446,128.33
0.1767,0.98481,0.1171,128.34
0.19265,0.98876,0.12246,128.34
0.18921,0.98876,0.10292,128.35
0.19667,0.98481,0.12274,128.35
0.18899,0.97297,0.11028,128.36
0.1969,0.97297,0.11484,128.36
0.19289,0.97297,0.11447,128.37
0.20105,0.95322,0.11097,128.37
0.22136,0.95322,0.1051,128.38
0.22893,0.95322,0.12117,128.38
0.20471,0.96507,0.12307,128.39
0.20838,0.97297,0.1351,128.39
0.20436,0.96902,0.13466,128.4
0.21641,0.97297,0.13582,128.4
0.20861,0.96902,0.12735,128.41
0.19989,0.96507,0.14957,128.41
0.19977,0.97297,0.15356,128.42
0.20045,0.98481,0.13078,128.42
0.17636,0.98086,0.12853,128.43
0.1635,0.98481,0.15438,128.43
0.17969,0.97691,0.15183,128.44
0.17945,0.98481,0.15966,128.44
0.15134,0.98876,0.15721,128.45
0.14308,0.98086,0.164,128.45
0.13917,0.99666,0.16012,128.46
0.11553,0.99271,0.14253,128.46
0.12287,0.99666,0.16635,128.47
0.10668,1.0085,0.16897,128.47
0.10302,0.99666,0.15687,128.48
0.098541,1.0006,0.17193,128.48
0.098315,0.99271,0.17944,128.49
0.094877,0.98876,0.15982,128.49
0.090868,0.97691,0.15922,128.5
0.094306,0.98086,0.17885,128.5
0.078349,0.99271,0.1738,128.51
0.082715,0.98481,0.1625,128.51
0.083178,0.98086,0.14707,128.52
0.099128,0.98086,0.15235,128.52
0.11485,0.98086,0.16531,128.53
0.11507,0.98876,0.15779,128.53
0.17547,0.93347,0.15828,128.54
0.12346,0.98086,0.14685,128.54
0.11944,0.97691,0.14641,128.54
0.11117,0.98876,0.1536,128.55
0.099478,0.97297,0.14069,128.55
0.07938,1.0006,0.13943,128.56
0.11978,0.98876,0.13514,128.56
0.092014,0.98481,0.12102,128.57
0.075721,0.98086,0.12717,128.57
0.091889,1.0006,0.12517,128.58
0.091997,1.0125,0.12157,128.58
0.083735,1.0125,0.12852,128.59
0.075697,1.0204,0.12795,128.59
0.063651,1.0164,0.12679,128.6
0.071343,1.0085,0.13887,128.6
0.079725,1.0006,0.12792,128.61
0.067803,0.98086,0.12261,128.61
0.099358,0.98086,0.14468,128.62
0.079852,0.98086,0.12369,128.62
0.0958,0.98481,0.12905,128.63
0.095908,0.99666,0.12545,128.63
0.12013,0.98481,0.12355,128.64
0.12414,0.98481,0.12391,128.64
0.12449,0.98876,0.11248,128.65
0.15226,0.98876,0.12652,128.65
0.15593,0.98086,0.13823,128.66
0.15627,0.99271,0.12696,128.66
0.14756,0.97691,0.14894,128.67
0.16752,0.97691,0.15458,128.67
0.15961,0.97297,0.14995,128.68
0.15582,0.96902,0.14183,128.68
0.15995,0.96902,0.13836,128.69
0.13608,0.98086,0.12875,128.69
0.12794,0.96112,0.13147,128.7
0.12002,0.97691,0.12723,128.7
0.12793,0.98086,0.13187,128.71
0.099128,0.98086,0.15235,128.71
0.092011,0.98876,0.1211,128.72
0.10005,0.98481,0.12174,128.72
0.088333,1.0006,0.10946,128.73
0.087756,1.0046,0.12872,128.73
0.10842,0.99666,0.11119,128.74
0.091885,1.0085,0.12533,128.74
0.083739,1.0046,0.12836,128.75
0.10049,1.0085,0.10687,128.75
0.11645,0.99666,0.11192,128.75
0.11575,1.0046,0.13509,128.76
0.10773,0.98876,0.13405,128.76
0.11164,0.97691,0.13801,128.77
0.11163,0.98481,0.13817,128.77
0.10005,0.97691,0.12158,128.78
0.083758,0.97297,0.12773,128.78
0.099823,0.97297,0.12918,128.79
0.1075,0.98481,0.14165,128.79
0.10384,0.97297,0.12954,128.8
0.087767,0.98481,0.12833,128.8
0.091558,0.97691,0.13621,128.81
0.087887,0.97691,0.12434,128.81
0.059541,0.98086,0.12956,128.82
0.063782,0.98876,0.1224,128.82
0.10831,0.98481,0.11479,128.83
0.080306,0.99271,0.10858,128.83
0.080536,0.99271,0.10091,128.84
0.092582,0.99666,0.10207,128.84
0.11667,1.0085,0.10448,128.85
0.13263,1.0046,0.10968,128.85
0.11656,1.0125,0.10839,128.86
0.11667,1.0085,0.10448,128.86
0.13641,1.0006,0.11764,128.87
0.12839,0.98086,0.11652,128.87
0.12472,0.98876,0.10481,128.88
0.13631,0.97691,0.121,128.88
0.14056,0.97691,0.11369,128.89
0.13241,0.97297,0.11672,128.89
0.14824,0.98086,0.126,128.9
0.14389,0.96902,0.13691,128.9
0.14836,0.98086,0.12216,128.91
0.14894,0.97297,0.10283,128.91
0.14836,0.97691,0.12209,128.92
0.15296,0.97297,0.10319,128.92
0.14871,0.97691,0.11058,128.93
0.14102,0.97691,0.098345,128.93
0.14102,0.97691,0.098345,128.94
0.15249,0.97691,0.11861,128.94
0.14882,0.98086,0.10682,128.95
0.1409,0.98876,0.10242,128.95
0.13669,0.92953,0.10855,128.96
0.13689,0.97691,0.10182,128.96
0.1292,0.98086,0.089666,128.96
0.12541,0.98876,0.08179,128.97
0.14513,1.0046,0.095421,128.97
0.137,0.98481,0.098141,128.98
0.14515,0.98481,0.095027,128.98
0.14125,0.97297,0.090593,128.99
0.14893,0.98086,0.10298,128.99
0.16443,0.96507,0.1233,129
0.17648,0.96902,0.12446,129
0.15698,0.96507,0.10339,129.01
0.15687,0.95322,0.10699,129.01
0.15698,0.96112,0.10331,129.02
0.15698,0.96507,0.10339,129.02
0.15295,0.97691,0.10327,129.03
0.14481,0.97691,0.10638,129.03
0.1486,0.96507,0.11418,129.04
0.12863,0.96507,0.10853,129.04
0.11624,0.96507,0.11896,129.05
0.10419,0.96112,0.11779,129.05
0.091683,0.96112,0.13206,129.06
0.10063,0.96507,0.10217,129.06
0.12037,0.96902,0.11556,129.07
0.095932,0.95717,0.12467,129.07
0.10006,0.96507,0.12135,129.08
0.092033,0.95322,0.12039,129.08
0.096286,0.94137,0.11284,129.09
0.091467,0.93742,0.13926,129.09
0.099845,0.93742,0.12847,129.1
0.096296,0.92558,0.11253,129.1
0.083902,0.92558,0.12295,129.11
0.095948,0.92953,0.12411,129.11
0.10008,0.92953,0.12064,129.12
0.1041,0.92953,0.121,129.12
0.087913,0.93347,0.12347,129.13
0.095828,0.93742,0.12811,129.13
0.088021,0.94532,0.11987,129.14
0.087556,0.95322,0.13537,129.14
0.083653,0.95717,0.13125,129.15
0.091918,0.95322,0.12423,129.15
0.091687,0.95322,0.1319,129.16
0.11211,0.95322,0.1222,129.16
0.11637,0.94532,0.11473,129.17
0.13255,0.94137,0.11226,129.17
0.12463,0.93742,0.10762,129.17
0.10443,0.94137,0.10973,129.18
0.092719,0.96112,0.097528,129.18
0.088806,0.98086,0.093724,129.19
0.064581,1.0006,0.095786,129.19
0.064456,1.0164,0.099937,129.2
0.084545,1.0046,0.10151,129.2
0.0764,1.0006,0.10454,129.21
0.075958,0.96902,0.11926,129.21
0.063343,0.95322,0.13704,129.22
0.067132,0.94927,0.145,129.22
0.087096,0.95322,0.15072,129.23
0.075052,0.94532,0.14948,129.23
0.087211,0.95322,0.14688,129.24
0.095358,0.95322,0.14377,129.24
0.091453,0.96112,0.13973,129.25
0.075975,0.94137,0.11871,129.25
0.067367,0.94137,0.13717,129.26
0.059332,0.94532,0.13652,129.26
0.047283,0.94532,0.13544,129.27
0.051067,0.94927,0.14355,129.27
0.046132,0.94532,0.1738,129.28
0.03833,0.94532,0.1654,129.28
0.03052,0.95717,0.15724,129.29
0.018603,0.92953,0.15177,129.29
-0.0049124,0.91768,0.13019,129.3
-0.00089608,0.91768,0.13055,129.3
-0.0096145,0.90978,0.15269,129.31
-0.013746,0.90978,0.15616,129.31
0.0071436,0.90583,0.13103,129.32
0.026769,0.89793,0.14803,129.32
0.039053,0.89003,0.14128,129.33
0.050874,0.88609,0.14996,129.33
0.070852,0.86634,0.15521,129.34
0.083012,0.87424,0.15262,129.34
0.11091,0.84659,0.16227,129.35
0.11551,0.8387,0.14329,129.35
0.13467,0.8308,0.17563,129.36
0.14684,0.8229,0.17272,129.36
0.13963,0.7992,0.14467,129.37
0.13494,0.76761,0.1667,129.37
0.11888,0.76366,0.16517,129.38
0.10672,0.75971,0.16785,129.38
0.1392,0.74392,0.15891,129.38
0.13932,0.74392,0.15508,129.39
0.15183,0.73602,0.14066,129.39
0.16366,0.72417,0.14918,129.4
0.18019,0.71627,0.13512,129.4
0.18089,0.69258,0.11163,129.41
0.19777,0.68863,0.086146,129.41
0.21028,0.68073,0.071728,129.42
0.23817,0.67283,0.081773,129.42
0.24586,0.66493,0.093847,129.43
0.2701,0.62149,0.091313,129.43
0.28677,0.57805,0.072711,129.44
0.28693,0.49512,0.067221,129.44
0.29071,0.49907,0.075334,129.45
0.30302,0.44773,0.067721,129.45
0.26655,0.41614,0.075347,129.46
0.23845,0.3885,0.072265,129.46
0.24674,0.34111,0.06437,129.47
0.202,0.32926,0.07934,129.47
0.18583,0.31346,0.081415,129.48
0.20972,0.27397,0.090469,129.48
0.18975,0.27002,0.084746,129.49
0.1458,0.27792,0.073255,129.49
0.10564,0.27002,0.069483,129.5
0.11758,0.26212,0.074246,129.5
0.088756,0.29372,0.095364,129.51
0.060276,0.32926,0.10505,129.51
0.064297,0.32136,0.10526,129.52
0.092747,0.33716,0.096592,129.52
0.097113,0.32926,0.085287,129.53
0.10952,0.30951,0.074468,129.53
0.15488,0.26212,0.039136,129.54
0.18012,0.26607,0.0030205,129.54
0.18724,0.25817,0.034276,129.55
0.17473,0.26607,0.048695,129.55
0.13458,0.24633,0.044686,129.56
0.11948,0.16734,0.010974,129.56
0.10449,0.09626,-0.026416,129.57
0.089035,0.040972,-0.048146,129.57
0.08965,-0.026163,-0.068667,129.58
0.058471,-0.077502,-0.10327,129.58
0.082926,-0.097247,-0.11301,129.58
0.086841,-0.12094,-0.10928,129.59
0.078835,-0.16438,-0.11087,129.59
0.051198,-0.19203,-0.1293,129.6
0.017928,-0.21177,-0.094221,129.6
0.0011727,-0.21177,-0.072649,129.61
-0.027975,-0.21572,-0.040731,129.61
-0.12943,-0.19598,-0.014847,129.62
-0.19026,-0.18413,-0.00085103,129.62
-0.20644,-0.18413,0.0015394,129.63
-0.18236,-0.15253,0.0043384,129.63
-0.18684,-0.14069,0.019558,129.64
-0.19076,-0.10515,0.01607,129.64
-0.21878,-0.073552,0.010333,129.65
-0.21942,0.037023,0.03172,129.65
-0.24401,0.088362,0.045921,129.66
-0.26429,0.23053,0.050785,129.66
-0.30409,0.3885,0.034976,129.67
-0.37955,0.50302,-0.00029767,129.67
-0.48421,0.51487,-0.0017869,129.68
-0.53719,0.45563,0.019187,129.68
-0.56997,0.39244,0.038053,129.69
-0.63194,0.3885,0.090097,129.69
-0.70734,0.40034,0.052774,129.7
-0.75863,0.40429,0.017464,129.7
-0.77703,0.45168,0.093689,129.71
-0.7363,0.64914,0.21286,129.71
-0.62856,0.85844,0.24597,129.72
-0.46176,0.94927,0.18971,129.72
-0.37329,0.95322,0.19391,129.73
-0.24764,0.96112,0.16691,129.73
-0.11287,0.87424,0.10421,129.74
-0.01157,0.73602,0.08364,129.74
0.073637,0.63729,0.062408,129.75
0.047806,0.47538,-0.016242,129.75
0.038135,0.349,-0.096573,129.76
0.04757,0.31346,-0.1426,129.76
-0.011,0.40034,-0.20383,129.77
-0.27391,0.59385,-0.031287,129.77
-1.0134,0.95322,0.18631,129.78
-1.7958,1.6443,0.76057,129.78
-2.4933,2.5645,1.7279,129.79
-2.8855,2.5171,2.184,129.79
-3.3636,2.2051,3.0849,129.79
-4.8292,2.3789,3.4796,129.8
-5.4444,1.1625,3.046,129.8
-7.4025,0.91373,0.526,129.81
-7.6548,2.2959,-1.804,129.81
-6.4837,3.5596,-3.3889,129.82
-5.1523,2.991,-3.7382,129.82
-5.6333,1.1546,-1.9334,129.83
-6.0948,-0.13279,-1.8545,129.83
-5.8028,-1.0411,-1.2501,129.84
-4.502,-1.5466,0.49166,129.84
-2.4857,-1.3373,0.93888,129.85
-0.41947,-0.62248,0.92757,129.85
0.61993,0.040972,0.64588,129.86
0.32767,0.084413,0.18577,129.86
-0.018017,0.0093792,0.030061,129.87
-0.60314,0.033074,-0.06444,129.87
-0.77165,0.10021,0.048677,129.88
-0.59712,0.080463,0.27171,129.88
-0.55918,0.13575,0.34932,129.89
-0.86003,0.28977,0.30993,129.89
-1.0822,0.51487,0.19827,129.9
-1.1282,0.66493,-0.014429,129.9
-1.2239,0.60965,-0.31265,129.91
-1.3826,0.582,-0.66215,129.91
-1.5158,0.5978,-0.92001,129.92
-1.683,0.57015,-1.1202,129.92
-1.8156,0.5741,-0.99362,129.93
-1.897,0.5741,-0.69706,129.93
-1.9045,0.54646,-0.58289,129.94
-1.8726,0.54251,-0.43777,129.94
-1.7008,0.47933,-0.39279,129.95
-1.5101,0.46353,-0.4375,129.95
-1.3253,0.49512,-0.55871,129.96
-1.1755,0.51882,-0.71786,129.96
-1.2513,0.5899,-0.74249,129.97
-1.291,0.67678,-0.62892,129.97
-1.2667,0.73997,-0.49853,129.98
-1.2246,0.72417,-0.29119,129.98
-1.111,0.5978,-0.18348,129.99
-1.0305,0.32531,-0.18169,129.99
-0.83904,-0.014316,-0.12124,130
-0.71562,-0.3105,-0.073742,130
-0.72015,-0.41713,-0.057048,130
-0.91837,-0.54745,-0.027487,130.01
-1.2024,-0.66197,0.04467,130.01
-1.3289,-0.68172,0.098288,130.02
-1.2971,-0.65012,0.11332,130.02
-1.1675,-0.61853,0.087153,130.03
-0.98455,-0.59879,0.030922,130.03
-0.75024,-0.57509,0.0063243,130.04
-0.56849,-0.5435,-0.011306,130.04
-0.23789,-0.5435,-0.023866,130.05
0.038086,-0.5514,0.039281,130.05
0.22686,-0.55929,0.056112,130.06
0.2566,-0.59484,0.0042254,130.06
0.28961,-0.70936,-0.022021,130.07
0.20981,-0.81599,-0.046723,130.07
0.23026,-0.85548,-0.057212,130.08
0.20357,-0.93051,-0.10727,130.08
0.12099,-1.0016,-0.17383,130.09
0.017986,-1.0569,-0.23036,130.09
-0.10228,-1.0411,-0.24857,130.1
-0.29606,-0.91472,-0.23271,130.1
-0.49592,-0.79624,-0.14831,130.11
-0.69267,-0.70541,-0.033414,130.11
-0.89284,-0.65407,0.061151,130.12
-1.06,-0.60274,0.12792,130.12
-1.2341,-0.56324,0.1592,130.13
-1.3868,-0.50006,0.15056,130.13
-1.4755,-0.43687,0.15154,130.14
-1.5192,-0.40133,0.13293,130.14
-1.5075,-0.39738,0.1456,130.15
-1.4515,-0.36184,0.15904,130.15
-1.362,-0.30655,0.12973,130.16
-1.2643,-0.18413,0.094815,130.16
-1.1871,-0.073552,0.069361,130.17
-1.102,0.037023,0.052303,130.17
-1.0333,0.14365,0.04523,130.18
-0.96804,0.19499,0.017511,130.18
-0.94213,0.23053,-0.040993,130.19
-0.9514,0.21473,-0.13446,130.19
-0.99199,0.17919,-0.25807,130.2
-1.0072,0.11995,-0.28756,130.2
-0.97726,0.088362,-0.2124,130.21
-1.0297,0.040972,-0.075744,130.21
-1.0594,0.0093792,-0.025196,130.21
-1.1151,-0.077502,0.087298,130.22
-1.1294,-0.21177,0.16026,130.22
-1.1539,-0.36579,0.17037,130.23
-1.1522,-0.47636,0.11445,130.23
-1.1055,-0.53165,0.036763,130.24
-1.0671,-0.49611,-0.036001,130.24
-1.0907,-0.36974,-0.054831,130.25
-1.0699,-0.23942,-0.077279,130.25
-1.034,-0.14069,-0.064383,130.26
-0.96959,-0.081451,-0.065091,130.26
-0.91624,-0.057756,-0.098283,130.27
-0.87894,-0.065654,-0.13355,130.27
-0.87837,-0.065654,-0.15273,130.28
-0.90274,0.017277,-0.14557,130.28
-0.93923,0.013328,-0.1374,130.29
-0.98445,0.017277,-0.10677,130.29
-1.0044,0.021227,-0.11233,130.3
-1.0244,0.0093792,-0.11821,130.3
-1.0164,-0.026163,-0.11436,130.31
-1.0122,-0.03801,-0.12191,130.31
-1.0274,-0.049858,-0.15045,130.32
-1.0266,-0.073552,-0.17777,130.32
-1.0335,-0.069603,-0.21678,130.33
-1.0581,-0.077502,-0.20376,130.33
-1.0298,-0.053807,-0.20459,130.34
-1.0058,-0.014316,-0.20164,130.34
-0.96562,0.017277,-0.19739,130.35
-0.93317,0.056769,-0.20522,130.35
-0.92504,0.076514,-0.20794,130.36
-0.91644,0.092311,-0.22609,130.36
-0.93099,0.072565,-0.2778,130.37
-0.97825,0.033074,-0.31361,130.37
-1.0668,-0.0024682,-0.3146,130.38
-1.1321,-0.041959,-0.28665,130.38
-1.1695,-0.065654,-0.24817,130.39
-1.1868,-0.077502,-0.20766,130.39
-1.1553,-0.065654,-0.18535,130.4
-1.1234,-0.053807,-0.17454,130.4
-1.055,-0.049858,-0.17216,130.41
-1.0263,-0.065654,-0.18912,130.41
-1.0022,-0.069603,-0.18703,130.42
-0.99013,-0.061705,-0.18579,130.42
-0.96604,-0.049858,-0.18339,130.42
-0.90273,-0.014316,-0.1462,130.43
-0.84779,0.029125,-0.098077,130.43
-0.81259,0.068616,-0.063346,130.44
-0.80972,0.072565,-0.024543,130.44
-0.80674,0.060718,0.010109,130.45
-0.84241,0.037023,-0.0089617,130.45
-0.86167,0.013328,-0.038096,130.46
-0.88495,-0.010366,-0.067591,130.46
-0.8994,-0.014316,-0.12282,130.47
-0.95437,0.0014809,-0.16977,130.47
-1.0111,-0.0024682,-0.15956,130.48
-1.0522,-0.018265,-0.12897,130.48
-1.0534,-0.014316,-0.090524,130.49
-1.0422,-0.018265,-0.062665,130.49
-1.0503,-0.022214,-0.05963,130.5
-1.0659,-0.03801,-0.076736,130.5
-1.0661,-0.053807,-0.069379,130.51
-1.0505,-0.049858,-0.052509,130.51
-0.98625,-0.053807,-0.046804,130.52
-0.95436,-0.041959,-0.036003,130.52
-0.92223,-0.034061,-0.032954,130.53
-0.89033,-0.030112,-0.022311,130.53
-0.88197,-0.014316,-0.032782,130.54
-0.88507,0.0014809,-0.063519,130.54
-0.90836,0.00543,-0.092463,130.55
-0.94486,0.0093792,-0.084128,130.55
-0.98571,0.0093792,-0.064725,130.56
-1.018,0.013328,-0.063702,130.56
-1.0422,0.013328,-0.062034,130.57
-1.0616,-0.0024682,-0.087175,130.57
-1.0843,-0.022214,-0.13577,130.58
-1.0856,-0.034061,-0.22461,130.58
-1.0635,-0.022214,-0.29162,130.59
-1.0587,0.0014809,-0.31764,130.59
-1.0146,0.04887,-0.30888,130.6
-0.99241,0.10021,-0.2443,130.6
-0.94941,0.15155,-0.20094,130.61
-0.95366,0.1634,-0.19339,130.61
-0.99785,0.17129,-0.19721,130.62
-1.0137,0.12785,-0.2072,130.62
-1.0135,0.09626,-0.21166,130.62
-1.0297,0.068616,-0.20982,130.63
-1.0463,0.04887,-0.19248,130.63
-1.0311,0.044921,-0.16426,130.64
-1.0357,0.021227,-0.14208,130.64
-1.0195,0.040972,-0.14791,130.65
-0.99032,0.056769,-0.17959,130.65
-0.9684,0.060718,-0.23909,130.66
-0.93422,0.10021,-0.30446,130.66
-0.92483,0.1318,-0.34914,130.67
-0.95226,0.15155,-0.3743,130.67
-0.95962,0.17919,-0.39749,130.68
-0.97582,0.20684,-0.39455,130.68
-1.0008,0.21078,-0.36595,130.69
-1.0049,0.20684,-0.36639,130.69
-1.0087,0.17919,-0.37113,130.7
-1.0134,0.18314,-0.3484,130.7
-1.0204,0.17919,-0.38373,130.71
-1.0218,0.15945,-0.33809,130.71
-1.0194,0.22263,-0.28276,130.72
-1.0406,0.28977,-0.2487,130.72
-1.0788,0.25028,-0.31832,130.73
-1.1088,0.1634,-0.392,130.73
-1.0456,0.11206,-0.34887,130.74
-0.96512,0.1397,-0.21413,130.74
-0.94749,0.18709,-0.13082,130.75
-0.96736,0.21868,-0.13967,130.75
-1.0188,0.24238,-0.17075,130.76
-1.042,0.32531,-0.20195,130.76
-1.0341,0.3806,-0.19629,130.77
-1.0583,0.40429,-0.19415,130.77
-1.0542,0.37665,-0.19818,130.78
-1.0379,0.32926,-0.20535,130.78
-0.99047,0.30161,-0.17471,130.79
-0.98634,0.30951,-0.17803,130.79
-0.97474,0.29372,-0.16191,130.8
-0.95867,0.28582,-0.16062,130.8
-0.94261,0.28977,-0.1591,130.81
-0.93045,0.29767,-0.16169,130.81
-0.92701,0.30556,-0.14199,130.82
-0.87045,0.31346,-0.14828,130.82
-0.85839,0.30556,-0.14736,130.83
-0.86641,0.27792,-0.14863,130.83
-0.87869,0.28582,-0.14188,130.83
-0.89028,0.28977,-0.15824,130.84
-0.89475,0.27792,-0.14349,130.84
-0.88614,0.27792,-0.16195,130.85
-0.89026,0.25422,-0.15894,130.85
-0.9062,0.23843,-0.16454,130.86
-0.90975,0.22263,-0.18056,130.86
-0.93386,0.24238,-0.18234,130.87
-0.98159,0.23843,-0.2021,130.87
-0.98527,0.25817,-0.21358,130.88
-1.0007,0.27792,-0.23765,130.88
-1.0086,0.29767,-0.24181,130.89
-0.97704,0.30556,-0.21958,130.89
-0.94067,0.32136,-0.22369,130.9
-0.88812,0.32531,-0.23042,130.9
-0.8724,0.32531,-0.21746,130.91
-0.85599,0.32926,-0.22745,130.91
-0.83614,0.33321,-0.21789,130.92
-0.85244,0.33321,-0.21166,130.92
-0.86471,0.32136,-0.20531,130.93
-0.87686,0.30161,-0.20295,130.93
-0.88168,0.28977,-0.17669,130.94
-0.88981,0.27002,-0.17397,130.94
-0.88601,0.25028,-0.16633,130.95
-0.88222,0.24633,-0.15838,130.95
-0.87833,0.25422,-0.15402,130.96
-0.87018,0.25028,-0.15722,130.96
-0.89014,0.23448,-0.16317,130.97
-0.90186,0.26212,-0.17522,130.97
-0.91356,0.27002,-0.18765,130.98
-0.93822,0.25028,-0.17103,130.98
-0.95004,0.24633,-0.17987,130.99
-0.96666,0.20289,-0.163,130.99
-0.97879,0.15155,-0.16127,131
-0.99095,0.14365,-0.15868,131
-0.99967,0.1476,-0.1363,131.01
-1.0042,0.17524,-0.12077,131.01
-0.99177,0.17524,-0.13119,131.02
-0.9959,0.17129,-0.1278,131.02
-1.0073,0.18314,-0.15166,131.03
-1.0115,0.18314,-0.14435,131.03
-0.98766,0.19894,-0.1342,131.04
-0.96735,0.20684,-0.1399,131.04
-0.94728,0.22658,-0.1377,131.04
-0.95532,0.23448,-0.13827,131.05
-0.97127,0.24633,-0.14331,131.05
-0.97494,0.23843,-0.15534,131.06
-0.96669,0.25422,-0.16198,131.06
-0.99112,0.23053,-0.15311,131.07
-0.96689,0.21473,-0.15509,131.07
-0.96757,0.19499,-0.13247,131.08
-0.96388,0.15945,-0.12131,131.08
-0.96813,0.16734,-0.11384,131.09
-0.96021,0.16734,-0.10928,131.09
-0.96399,0.1476,-0.11771,131.1
-0.97271,0.1397,-0.095568,131.1
-0.98428,0.10811,-0.11263,131.11
-1.0042,0.09626,-0.11851,131.11
-0.98863,0.10021,-0.10164,131.12
-0.96844,0.10416,-0.10359,131.12
-0.94778,0.10416,-0.12096,131.13
-0.93609,0.11995,-0.10805,131.13
-0.95204,0.11995,-0.11334,131.14
-0.94401,0.13575,-0.1123,131.14
-0.92818,0.1397,-0.1031,131.15
-0.91591,0.1476,-0.10953,131.15
-0.92818,0.14365,-0.10302,131.16
-0.912,0.14365,-0.10541,131.16
-0.94403,0.1634,-0.11175,131.17
-0.9516,0.15945,-0.12789,131.17
-0.96743,0.14365,-0.13733,131.18
-0.95607,0.1397,-0.1133,131.18
-0.96375,0.14365,-0.12546,131.19
-0.96375,0.1397,-0.12554,131.19
-0.97592,0.1476,-0.12263,131.2
-0.98396,0.15155,-0.12327,131.2
-0.9718,0.1634,-0.12579,131.21
-0.96768,0.17919,-0.12895,131.21
-0.95918,0.17129,-0.14373,131.22
-0.96688,0.18709,-0.15564,131.22
-0.97066,0.17919,-0.16383,131.23
-0.97066,0.19104,-0.1636,131.23
-0.95816,0.19894,-0.1777,131.24
-0.9702,0.19104,-0.17894,131.24
-0.98237,0.19104,-0.17619,131.25
-0.98662,0.19894,-0.16872,131.25
-0.99005,0.18709,-0.1885,131.25
-0.98271,0.18709,-0.16476,131.26
-0.97078,0.18709,-0.15984,131.26
-0.99488,0.19104,-0.16193,131.27
-0.97456,0.17524,-0.16811,131.27
-0.97043,0.17919,-0.17151,131.28
-0.97847,0.19104,-0.17199,131.28
-0.99005,0.18709,-0.1885,131.29
-0.98535,0.18709,-0.21116,131.29
-0.99304,0.19894,-0.22315,131.3
-0.98972,0.20684,-0.19962,131.3
-0.99764,0.20289,-0.20426,131.31
-1.0012,0.19499,-0.22012,131.31
-1.0011,0.19499,-0.22396,131.32
-1.0054,0.19499,-0.21281,131.32
-0.9896,0.19499,-0.20369,131.33
-0.98994,0.19104,-0.19226,131.33
-0.97411,0.19104,-0.18314,131.34
-0.9779,0.20684,-0.19086,131.34
-0.97332,0.21868,-0.20944,131.35
-0.96161,0.21868,-0.19685,131.35
-0.95302,0.23843,-0.21492,131.36
-0.94131,0.23448,-0.2024,131.36
-0.93373,0.22658,-0.18649,131.37
-0.93729,0.21868,-0.20235,131.37
-0.94543,0.21868,-0.19924,131.38
-0.95393,0.22263,-0.18454,131.38
-0.94635,0.21868,-0.16855,131.39
-0.93809,0.21473,-0.17558,131.39
-0.95805,0.21473,-0.18122,131.4
-0.96185,0.22263,-0.1891,131.4
-0.95014,0.21473,-0.17666,131.41
-0.95426,0.20289,-0.17342,131.41
-0.95805,0.20289,-0.18146,131.42
-0.9546,0.19499,-0.16207,131.42
-0.9545,0.21473,-0.16552,131.43
-0.95863,0.20684,-0.1622,131.43
-0.98226,0.19894,-0.17987,131.44
-0.98546,0.18314,-0.2074,131.44
-0.98167,0.17524,-0.19952,131.45
-0.9896,0.19499,-0.20369,131.45
-0.96964,0.20289,-0.19789,131.46
-0.9818,0.20289,-0.19514,131.46
-0.97365,0.20289,-0.19825,131.46
-0.98581,0.19104,-0.19573,131.47
-0.98547,0.20684,-0.20693,131.47
-0.97813,0.21078,-0.18311,131.48
-0.96631,0.20684,-0.17443,131.48
-0.96655,0.21078,-0.16668,131.49
-0.9747,0.21868,-0.16341,131.49
-0.97091,0.21473,-0.15545,131.5
-0.97848,0.21473,-0.17152,131.5
-0.96642,0.19104,-0.17091,131.51
-0.97078,0.18314,-0.15992,131.51
-0.97835,0.19499,-0.17575,131.52
-0.97032,0.19894,-0.17495,131.52
-0.96665,0.19104,-0.16324,131.53
-0.95896,0.19499,-0.15093,131.53
-0.95873,0.19104,-0.15868,131.54
-0.96286,0.17919,-0.15544,131.54
-0.95907,0.18314,-0.14733,131.55
-0.95517,0.18314,-0.14313,131.55
-0.95092,0.17919,-0.15052,131.56
-0.96308,0.17129,-0.14792,131.56
-0.96711,0.18709,-0.14797,131.57
-0.96699,0.17919,-0.15196,131.57
-0.97065,0.17129,-0.16399,131.58
-0.9632,0.17524,-0.14401,131.58
-0.96286,0.19499,-0.15512,131.59
-0.96252,0.19894,-0.16655,131.59
-0.9748,0.19104,-0.16012,131.6
-0.97456,0.18314,-0.16795,131.6
-0.97491,0.19104,-0.15629,131.61
-0.96664,0.17919,-0.16347,131.61
-0.971,0.17129,-0.15248,131.62
-0.9547,0.1634,-0.15887,131.62
-0.96699,0.17919,-0.15196,131.63
-0.97055,0.18709,-0.16751,131.63
-0.9826,0.19499,-0.16844,131.64
-0.98307,0.20289,-0.15294,131.64
-0.99073,0.16734,-0.16588,131.65
-0.97846,0.17129,-0.17239,131.65
-0.97823,0.17129,-0.18006,131.66
-0.97066,0.18314,-0.16376,131.66
-0.96689,0.20684,-0.15525,131.67
-0.97927,0.18314,-0.1453,131.67
-0.97078,0.18314,-0.15992,131.67
-0.96699,0.19104,-0.15173,131.68
-0.97503,0.19104,-0.15245,131.68
-0.97089,0.18709,-0.156,131.69
-0.971,0.17129,-0.15248,131.69
-0.97466,0.1634,-0.16451,131.7
-0.97077,0.17129,-0.16016,131.7
-0.971,0.16734,-0.15256,131.71
-0.9749,0.17919,-0.15652,131.71
-0.9585,0.18709,-0.16643,131.72
-0.96665,0.18709,-0.16332,131.72
-0.97433,0.18709,-0.17555,131.73
-0.98156,0.18709,-0.20312,131.73
-0.96997,0.19104,-0.18662,131.74
-0.97021,0.19894,-0.17879,131.74
-0.96619,0.19499,-0.1785,131.75
-0.95804,0.18314,-0.18185,131.75
-0.96595,0.18314,-0.18641,131.76
-0.9741,0.18709,-0.18322,131.76
-0.97423,0.19894,-0.17915,131.77
-0.97778,0.19499,-0.19493,131.77
-0.96596,0.18709,-0.18633,131.78
-0.97434,0.19894,-0.17531,131.78
-0.9624,0.19499,-0.17047,131.79
-0.97445,0.19499,-0.17155,131.79
-0.97089,0.18709,-0.156,131.8
-0.96629,0.17524,-0.17506,131.8
-0.97043,0.18314,-0.17143,131.81
-0.96608,0.19499,-0.18234,131.81
-0.95426,0.19894,-0.1735,131.82
-0.95024,0.19894,-0.17314,131.82
-0.96607,0.18709,-0.1825,131.83
-0.96619,0.19104,-0.17858,131.83
-0.96596,0.18709,-0.18633,131.84
-0.97032,0.19104,-0.17511,131.84
-0.9865,0.18709,-0.1728,131.85
-0.96194,0.19104,-0.18589,131.85
-0.97847,0.19104,-0.17199,131.86
-0.97032,0.19499,-0.17503,131.86
-0.96688,0.19104,-0.15556,131.87
-0.9702,0.19104,-0.17894,131.87
-0.97055,0.18709,-0.16751,131.88
-0.9702,0.17919,-0.17918,131.88
-0.9702,0.19104,-0.17894,131.88
-0.978,0.18314,-0.1875,131.89
-0.97434,0.19499,-0.17539,131.89
-0.97812,0.19499,-0.18342,131.9
-0.97021,0.19894,-0.17879,131.9
-0.9624,0.18709,-0.17063,131.91
-0.97858,0.19499,-0.16808,131.91
-0.96653,0.18709,-0.16715,131.92
-0.95448,0.18709,-0.16607,131.92
-0.94634,0.19104,-0.1691,131.93
-0.96229,0.20289,-0.17415,131.93
-0.96195,0.21078,-0.1855,131.94
-0.96251,0.18709,-0.16679,131.94
-0.96641,0.17524,-0.17122,131.95
-0.9663,0.19104,-0.17475,131.95
-1.0267,0.18314,-0.17649,131.96
-0.97032,0.19104,-0.17511,131.96
-0.97009,0.19104,-0.18278,131.97
-0.97835,0.18314,-0.17599,131.97
-0.96618,0.17919,-0.17882,131.98
-0.9663,0.18709,-0.17482,131.98
-0.96642,0.18709,-0.17099,131.99
-0.96595,0.18314,-0.18641,131.99
-0.97811,0.17524,-0.18382,132
-0.96182,0.18709,-0.18981,132
-0.9546,0.18314,-0.16231,132.01
-0.9624,0.19104,-0.17055,132.01
-0.96251,0.18709,-0.16679,132.02
-0.98627,0.19499,-0.18031,132.02
-0.9826,0.19499,-0.16844,132.03
-0.97823,0.17919,-0.1799,132.03
-0.97433,0.17919,-0.1757,132.04
-0.97824,0.19499,-0.17959,132.04
-0.9702,0.18314,-0.1791,132.05
-0.9624,0.18314,-0.17071,132.05
-0.96664,0.17129,-0.16363,132.06
-0.97468,0.18709,-0.16404,132.06
-0.97433,0.18314,-0.17563,132.07
-0.97399,0.19104,-0.18698,132.07
-0.99453,0.18314,-0.1736,132.08
-0.97078,0.19104,-0.15976,132.08
-0.97021,0.20289,-0.17871,132.08
-0.95816,0.19104,-0.17786,132.09
-0.96228,0.17524,-0.1747,132.09
-0.96228,0.18314,-0.17454,132.1
-0.95827,0.18314,-0.17418,132.1
-0.97008,0.18314,-0.18294,132.11
-0.97835,0.19499,-0.17575,132.11
-0.97422,0.19499,-0.17923,132.12
-0.95448,0.18709,-0.16607,132.12
-0.96641,0.17129,-0.1713,132.13
-0.96619,0.19104,-0.17858,132.13
-0.97043,0.18314,-0.17143,132.14
-0.95816,0.19104,-0.17786,132.14
-0.97812,0.18709,-0.18358,132.15
-0.98271,0.18709,-0.16476,132.15
-0.96998,0.19894,-0.18646,132.16
-0.95035,0.18709,-0.16954,132.16
-0.95023,0.18314,-0.17346,132.17
-0.97031,0.17919,-0.17534,132.17
-0.95827,0.18314,-0.17418,132.18
-0.97835,0.19499,-0.17575,132.18
-0.96229,0.19894,-0.17423,132.19
-0.96676,0.19104,-0.1594,132.19
-0.96218,0.20289,-0.17798,132.2
-0.95449,0.20289,-0.16575,132.2
-0.96608,0.19499,-0.18234,132.21
-0.96172,0.19894,-0.19341,132.21
-0.95414,0.19894,-0.17734,132.22
-0.97056,0.20684,-0.16712,132.22
-0.97411,0.19104,-0.18314,132.23
-0.97021,0.19499,-0.17886,132.23
-0.96643,0.20289,-0.17067,132.24
-0.97055,0.19894,-0.16728,132.24
-0.96218,0.19894,-0.17806,132.25
-0.95816,0.19894,-0.1777,132.25
-0.96607,0.18709,-0.1825,132.26
-0.95413,0.18314,-0.17765,132.26
-0.96619,0.19894,-0.17842,132.27
-0.95402,0.18709,-0.18141,132.27
-0.96228,0.18709,-0.17446,132.28
-0.95793,0.19499,-0.18545,132.28
-0.96573,0.19104,-0.19393,132.29
-0.96619,0.18709,-0.17866,132.29
-0.96206,0.19104,-0.18206,132.29
-0.95828,0.19894,-0.17386,132.3
-0.95805,0.20684,-0.18138,132.3
-0.95425,0.18709,-0.17374,132.31
-0.9865,0.19499,-0.17264,132.31
-0.96654,0.19894,-0.16692,132.32
-0.95792,0.18314,-0.18569,132.32
-0.96251,0.18709,-0.16679,132.33
-0.96217,0.18314,-0.17838,132.33
-0.95448,0.18314,-0.16615,132.34
-0.96194,0.19104,-0.18589,132.34
-0.96653,0.18709,-0.16715,132.35
-0.95449,0.19894,-0.16583,132.35
-0.95827,0.19499,-0.17394,132.36
-0.95839,0.20289,-0.16995,132.36
-0.9702,0.17919,-0.17918,132.37
-0.97445,0.19104,-0.17163,132.37
-0.98627,0.19894,-0.18023,132.38
-0.9779,0.19894,-0.19102,132.38
-0.96952,0.19894,-0.2018,132.39
-0.96171,0.19104,-0.19357,132.39
-0.98179,0.18314,-0.19553,132.4
-0.96618,0.17919,-0.17882,132.4
-0.97032,0.18709,-0.17519,132.41
-0.95862,0.19104,-0.16251,132.41
-0.96275,0.18709,-0.15912,132.42
-0.97044,0.19894,-0.17111,132.42
-0.97445,0.19104,-0.17163,132.43
-0.9616,0.20289,-0.19717,132.43
-0.96218,0.19894,-0.17806,132.44
-0.96997,0.18314,-0.18677,132.44
-0.96618,0.17129,-0.17898,132.45
-0.97812,0.18709,-0.18358,132.45
-0.97032,0.19499,-0.17503,132.46
-0.97846,0.17524,-0.17231,132.46
-0.96561,0.18314,-0.19792,132.47
-0.96596,0.19894,-0.1861,132.47
-0.96595,0.17919,-0.18649,132.48
-0.95758,0.19499,-0.19696,132.48
-0.95782,0.19894,-0.18921,132.49
-0.94611,0.20289,-0.17654,132.49
-0.94232,0.19104,-0.16874,132.5
-0.95093,0.19104,-0.15028,132.5
-0.95873,0.19104,-0.15868,132.5
-0.9546,0.18314,-0.16231,132.51
-0.96251,0.18314,-0.16687,132.51
-0.97456,0.18314,-0.16795,132.52
-0.95838,0.17524,-0.1705,132.52
-0.96629,0.16734,-0.17522,132.53
-0.97443,0.1634,-0.17218,132.53
-0.9897,0.16734,-0.2004,132.54
-0.99395,0.17919,-0.19286,132.54
-0.97423,0.20684,-0.17899,132.55
-0.96665,0.19894,-0.16308,132.55
-0.98213,0.17524,-0.18418,132.56
-0.97399,0.18709,-0.18706,132.56
-0.97409,0.16734,-0.18361,132.57
-0.96228,0.18314,-0.17454,132.57
-0.95838,0.18709,-0.17026,132.58
-0.96664,0.17919,-0.16347,132.58
-0.9748,0.19104,-0.16012,132.59
-0.96665,0.19104,-0.16324,132.59
-0.95874,0.19894,-0.15852,132.6
-0.96285,0.17524,-0.15552,132.6
-0.96275,0.18709,-0.15912,132.61
-0.95012,0.17919,-0.17737,132.61
-0.95436,0.17524,-0.17014,132.62
-0.9585,0.18314,-0.16651,132.62
-0.94634,0.19499,-0.16902,132.63
-0.95437,0.18709,-0.1699,132.63
-0.96297,0.17524,-0.15168,132.64
-0.96675,0.17129,-0.15979,132.64
-0.97823,0.17919,-0.1799,132.65
-0.95459,0.17919,-0.16239,132.65
-0.95035,0.17919,-0.1697,132.66
-0.9664,0.16734,-0.17138,132.66
-0.96997,0.17919,-0.18685,132.67
-0.96653,0.18314,-0.16723,132.67
-0.97776,0.16734,-0.19548,132.68
-0.9741,0.18314,-0.1833,132.68
-0.95804,0.18314,-0.18185,132.69
-0.96171,0.18709,-0.19364,132.69
-0.96193,0.17524,-0.18621,132.7
-0.95356,0.18709,-0.19676,132.7
-0.97422,0.18314,-0.17946,132.71
-0.9787,0.18709,-0.1644,132.71
-0.96263,0.18709,-0.16295,132.71
-0.96699,0.17919,-0.15196,132.72
-0.97077,0.17919,-0.16,132.72
-0.96227,0.16734,-0.17486,132.73
-0.9748,0.19104,-0.16012,132.73
-0.96653,0.19104,-0.16707,132.74
-0.95849,0.17524,-0.16666,132.74
-0.95436,0.17919,-0.17006,132.75
-0.96652,0.16734,-0.16755,132.75
-0.95035,0.18709,-0.16954,132.76
-0.92959,0.19894,-0.19052,132.76
-0.94944,0.20289,-0.19992,132.77
-0.96504,0.20289,-0.21671,132.77
-0.95346,0.21078,-0.20012,132.78
-0.97377,0.20289,-0.19441,132.78
-0.9702,0.18709,-0.17902,132.79
-0.97468,0.18709,-0.16404,132.79
-0.97467,0.16734,-0.16443,132.8
-0.97065,0.17129,-0.16399,132.8
-0.9633,0.15945,-0.14049,132.81
-0.95526,0.1476,-0.14,132.81
-0.96318,0.15155,-0.14448,132.82
-0.95894,0.15945,-0.15163,132.82
-0.96272,0.15155,-0.15983,132.83
-0.95483,0.18314,-0.15464,132.83
-0.93864,0.17524,-0.15718,132.84
-0.94267,0.19104,-0.15723,132.84
-0.93407,0.20684,-0.17537,132.85
-0.94244,0.19894,-0.16475,132.85
-0.94531,0.20684,-0.20331,132.86
-0.93705,0.20289,-0.21034,132.86
-0.97709,0.19104,-0.21803,132.87
-0.9733,0.18709,-0.21007,132.87
-0.97777,0.17919,-0.19525,132.88
-1.0023,0.18314,-0.18199,132.88
-1.0074,0.17524,-0.14798,132.89
-0.9959,0.17129,-0.1278,132.89
-0.97993,0.13575,-0.12322,132.9
-0.97166,0.11601,-0.13057,132.9
-0.97545,0.1239,-0.13844,132.91
-0.96684,0.11995,-0.15698,132.91
-0.97509,0.10811,-0.15027,132.92
-0.97085,0.10811,-0.15758,132.92
-0.96614,0.11601,-0.18008,132.92
-0.97832,0.1318,-0.17701,132.93
-0.99049,0.1476,-0.17394,132.93
-0.98991,0.14365,-0.1932,132.94
-1.0097,0.1555,-0.20628,132.94
-1.0097,0.1476,-0.20644,132.95
-1.0049,0.1318,-0.22941,132.95
-1.0056,0.11601,-0.20671,132.96
-1.0021,0.11995,-0.19093,132.96
-1.0107,0.11995,-0.17247,132.97
-1.0067,0.11601,-0.17218,132.97
-0.98644,0.09626,-0.17461,132.98
-0.98277,0.10021,-0.16266,132.98
-0.97852,0.088362,-0.17021,132.99
-0.98243,0.10416,-0.17409,132.99
-0.91416,0.11601,-0.16771,133
