-0.27316,1.0243,0.21204,71.138
-0.28015,1.0164,0.17663,71.143
-0.26214,1.0322,0.11317,71.147
-0.24837,1.0362,0.056791,71.152
-0.23127,1.0441,0.023868,71.157
-0.23138,1.0362,0.027547,71.162
-0.22792,1.0125,0.046617,71.167
-0.21265,0.98086,0.074287,71.172
-0.18946,0.96112,0.10675,71.177
-0.16649,0.92558,0.14658,71.182
-0.12768,0.88609,0.19544,71.187
-0.11641,0.84264,0.22251,71.191
-0.11675,0.81895,0.23355,71.196
-0.1195,0.81895,0.19099,71.201
-0.1506,0.84264,0.15404,71.206
-0.19356,0.91373,0.10928,71.211
-0.21552,0.98086,0.17019,71.216
-0.1321,1.1546,0.34274,71.221
0.011174,1.3995,0.53363,71.226
0.12462,1.6522,0.64506,71.23
0.23288,1.9523,0.66081,71.235
0.26868,2.1696,0.54143,71.24
0.25914,2.4065,0.32221,71.245
0.27041,2.4025,0.080803,71.25
0.31114,2.2564,-0.068475,71.255
0.36202,1.98,-0.019417,71.26
0.36037,1.6364,0.16974,71.265
0.28132,1.1823,0.52283,71.27
0.32273,0.78341,0.75322,71.274
0.34333,0.68468,0.73772,71.279
0.27589,0.65704,0.56953,71.284
0.20103,0.75971,0.38021,71.289
0.13743,0.82685,0.21811,71.294
0.07822,0.8229,0.17809,71.299
0.06619,0.79131,0.17637,71.304
0.065289,0.75971,0.20643,71.309
0.056561,0.76761,0.22888,71.313
0.048397,0.79526,0.23255,71.318
0.012943,0.79131,0.2062,71.323
-0.018624,0.81105,0.18452,71.328
-0.050857,0.79131,0.18507,71.333
-0.057027,0.73602,0.2565,71.338
-0.041528,0.72022,0.27681,71.343
-0.03338,0.72022,0.2737,71.348
-0.056903,0.72022,0.25234,71.353
-0.028326,0.71627,0.23945,71.357
-0.0066404,0.72812,0.18779,71.362
0.0078136,0.74787,0.1087,71.367
0.053369,0.75576,0.0668,71.372
0.066216,0.76761,0.041266,71.377
0.09465,0.81105,0.033154,71.382
0.13445,0.8387,0.048829,71.387
0.15049,0.87819,0.051063,71.392
0.13831,0.90188,0.054287,71.396
0.17411,0.91373,0.069286,71.401
0.1818,0.91373,0.081518,71.406
0.18511,0.92953,0.10521,71.411
0.18428,0.96902,0.13285,71.416
0.17945,0.98086,0.15958,71.421
0.16635,1.0125,0.19366,71.426
0.1296,1.0519,0.21037,71.431
0.14165,1.0598,0.21161,71.436
0.13833,1.0519,0.18808,71.44
0.11838,1.0283,0.18196,71.445
0.10656,1.0204,0.17305,71.45
0.10657,1.0125,0.17289,71.455
0.07111,1.0125,0.14662,71.46
0.054942,0.99271,0.14861,71.465
0.047943,0.99666,0.11344,71.47
0.027974,1.0006,0.10788,71.475
0.02843,1.0085,0.09269,71.479
0.056997,1.0204,0.080111,71.484
0.041277,1.0204,0.067157,71.489
0.020378,1.0401,0.092597,71.494
0.028279,1.0677,0.097708,71.499
0.052593,1.0914,0.092677,71.504
0.056374,1.0993,0.10087,71.509
0.092638,1.0954,0.10021,71.514
0.13591,1.0756,0.13448,71.519
0.16781,1.0796,0.14512,71.523
0.18388,1.0598,0.14617,71.528
0.19582,1.048,0.15086,71.533
0.21224,1.0322,0.14048,71.538
0.24048,1.0125,0.13878,71.543
0.24038,0.99271,0.14222,71.548
0.21275,0.96112,0.12372,71.553
0.20117,0.93742,0.10682,71.558
0.20921,0.92558,0.1073,71.562
0.19741,0.90188,0.098072,71.567
0.17333,0.87424,0.095352,71.572
0.15728,0.85054,0.093434,71.577
0.15269,0.83475,0.11194,71.582
0.12515,0.83475,0.090227,71.587
0.10898,0.82685,0.09246,71.592
0.077412,0.84659,0.07078,71.597
0.069143,0.85844,0.077966,71.602
0.049503,0.89003,0.061444,71.606
0.025259,0.94137,0.064135,71.611
0.0097481,0.97691,0.044217,71.616
0.017771,0.99271,0.045255,71.621
-0.010244,1.0204,0.03944,71.626
-0.010366,1.0322,0.043512,71.631
-0.014512,1.0559,0.04746,71.636
-0.03437,1.0677,0.038216,71.641
-0.050428,1.0559,0.036534,71.646
-0.070968,1.0519,0.049993,71.65
-0.067067,1.0519,0.054191,71.655
-0.087033,1.0519,0.048547,71.66
-0.10344,1.0441,0.058453,71.665
-0.09954,1.048,0.062729,71.67
-0.099768,1.0441,0.070323,71.675
-0.087364,1.0283,0.059584,71.68
-0.098948,1.0204,0.042996,71.685
-0.095852,1.0204,0.074048,71.689
-0.080008,1.0046,0.082852,71.694
-0.087916,0.98876,0.077977,71.699
-0.091822,0.99666,0.073937,71.704
-0.095613,1.0046,0.066061,71.709
-0.075759,1.0006,0.075462,71.714
-0.071855,0.99666,0.079581,71.719
-0.079881,0.98481,0.078622,71.724
-0.075757,0.99666,0.075383,71.729
-0.063595,1.0006,0.07271,71.733
-0.059811,1.0046,0.080823,71.738
-0.051431,1.0006,0.069958,71.743
-0.051549,1.0046,0.073873,71.748
-0.054527,1.0006,0.038906,71.753
-0.042586,0.98876,0.04359,71.758
-0.038224,0.98876,0.032443,71.763
-0.04167,0.99666,0.013058,71.768
-0.040744,0.98876,-0.017791,71.772
-0.040169,0.98876,-0.036972,71.777
-0.033957,0.97297,-0.10982,71.782
-0.037057,0.98086,-0.14071,71.787
-0.0086022,0.98876,-0.14953,71.792
-0.013319,1.0046,-0.12656,71.797
-0.01756,0.99666,-0.11941,71.802
-0.014127,1.0085,-0.099627,71.807
0.0017156,0.99666,-0.090745,71.812
0.013537,0.99271,-0.082066,71.816
0.017666,0.99666,-0.085462,71.821
0.025235,1.0006,-0.069315,71.826
0.041298,1.0046,-0.067791,71.831
0.065725,1.0322,-0.07658,71.836
0.045512,1.0598,-0.073999,71.841
0.037592,1.0638,-0.07848,71.846
0.018088,1.0598,-0.099547,71.851
-0.021852,1.0717,-0.1106,71.855
-0.026211,1.0677,-0.09953,71.86
-0.038941,1.0519,-0.077911,71.865
-0.040193,1.0283,-0.036184,71.87
-0.047058,0.98086,0.058417,71.875
-0.010993,0.90583,0.19864,71.88
0.012778,0.85449,0.34593,71.885
0.095878,0.815,0.39493,71.89
0.17701,0.8071,0.37515,71.895
0.26723,0.78341,0.32125,71.899
0.35399,0.78341,0.24828,71.904
0.37889,0.78736,0.22367,71.909
0.3673,0.77946,0.20708,71.914
0.34332,0.77946,0.20108,71.919
0.32691,0.78341,0.21122,71.924
0.28168,0.7992,0.24208,71.929
0.19684,0.86634,0.25118,71.934
0.10914,0.92558,0.22139,71.938
0.057795,1.0125,0.18773,71.943
0.018283,1.0796,0.16244,71.948
0.018574,1.1704,0.15274,71.953
-0.022456,1.2731,0.17803,71.958
-0.055796,1.3718,0.21547,71.963
-0.056889,1.4666,0.25189,71.968
-0.03868,1.5179,0.3161,71.973
-0.022965,1.5258,0.32921,71.978
-0.0069979,1.4982,0.33394,71.982
-0.0067607,1.4864,0.32603,71.987
0.017034,1.4153,0.33829,71.992
-0.0081576,1.3205,0.3726,71.997
-0.049995,1.2336,0.42479,72.002
-0.1118,1.1546,0.47151,72.007
-0.15757,1.1112,0.52037,72.012
-0.19829,1.0875,0.53547,72.017
-0.22926,1.0756,0.49397,72.021
-0.20779,1.0519,0.44927,72.026
-0.21534,1.0125,0.43242,72.031
-0.2308,0.96507,0.41084,72.036
-0.22241,0.94137,0.39959,72.041
-0.2294,0.93742,0.36426,72.046
-0.24465,0.92953,0.3358,72.051
-0.24017,0.92163,0.32066,72.056
-0.26447,0.87424,0.32522,72.061
-0.30909,0.84264,0.33596,72.065
-0.3373,0.80315,0.33647,72.07
-0.36803,0.77156,0.28692,72.075
-0.36654,0.78736,0.23736,72.08
-0.36263,0.77551,0.24132,72.085
-0.33497,0.75576,0.2588,72.09
-0.31031,0.77946,0.24226,72.095
-0.30192,0.76761,0.23124,72.1
-0.31776,0.77156,0.2222,72.104
-0.32499,0.77551,0.1947,72.109
-0.30111,0.75576,0.20415,72.114
-0.27344,0.72417,0.2214,72.119
-0.25738,0.73602,0.22308,72.124
-0.2373,0.74392,0.22504,72.129
-0.20095,0.78736,0.22149,72.134
-0.16586,0.8229,0.25998,72.139
-0.13903,0.85054,0.30526,72.144
-0.094635,0.87029,0.30196,72.148
-0.057927,0.89398,0.2865,72.153
-0.049319,0.89398,0.26804,72.158
-0.013403,0.89398,0.27897,72.163
-0.0057227,0.90583,0.29144,72.168
0.0059809,0.90583,0.30403,72.173
-0.010314,0.90583,0.31026,72.178
-0.01422,0.91373,0.30622,72.183
-0.0070967,0.89398,0.33724,72.187
-0.01225,0.87029,0.37477,72.192
0.0034725,0.86634,0.38764,72.197
-0.0089311,0.88214,0.39838,72.202
0.0186,0.89398,0.42033,72.207
0.023187,0.90188,0.40167,72.212
0.020075,0.92953,0.37117,72.217
0.017658,0.94927,0.31749,72.222
0.018337,0.96902,0.29487,72.227
0.030839,0.98086,0.28084,72.231
0.034839,1.0085,0.28175,72.236
0.030818,1.0164,0.28155,72.241
0.042874,1.0046,0.2824,72.246
0.04643,1.0046,0.2981,72.251
0.022562,1.0046,0.28826,72.256
0.018208,0.99271,0.29917,72.261
0.014077,0.99271,0.30265,72.266
0.013849,0.98876,0.31024,72.271
0.0095999,0.99271,0.31763,72.275
-0.0066954,0.99271,0.32386,72.28
-0.030678,0.99271,0.31785,72.285
-0.046633,1.0006,0.31273,72.29
-0.046415,1.0204,0.30545,72.295
-0.070287,1.0283,0.29577,72.3
-0.086695,1.0243,0.30575,72.305
-0.094943,1.0006,0.31223,72.31
-0.11467,0.97691,0.29844,72.314
-0.14737,0.97297,0.31465,72.319
-0.17351,0.93347,0.38075,72.324
-0.22802,0.92163,0.45254,72.329
-0.24994,0.91768,0.51203,72.334
-0.24834,0.94137,0.4588,72.339
-0.23894,0.95717,0.4138,72.344
-0.20876,0.97297,0.34759,72.349
-0.19156,0.98481,0.31091,72.354
-0.18605,0.99666,0.26164,72.358
-0.1771,1.0006,0.23175,72.363
-0.17652,0.99666,0.21249,72.368
-0.17238,0.98481,0.20878,72.373
-0.17238,0.97691,0.20862,72.378
-0.15274,0.95717,0.22538,72.383
-0.1696,0.93347,0.25031,72.388
-0.16661,0.90978,0.28473,72.393
-0.19264,0.87819,0.34715,72.397
-0.20618,0.86634,0.3957,72.402
-0.21009,0.87424,0.39166,72.407
-0.1931,0.87424,0.36241,72.412
-0.18335,0.89003,0.30591,72.417
-0.14192,0.88214,0.26717,72.422
-0.14134,0.88214,0.24798,72.427
-0.13365,0.88214,0.26022,72.432
-0.12562,0.88214,0.26094,72.437
-0.14675,0.89398,0.29389,72.441
-0.15915,0.90583,0.30455,72.446
-0.155,0.88214,0.30061,72.451
-0.16706,0.90583,0.3,72.456
-0.19013,0.90978,0.26338,72.461
-0.21779,0.91373,0.24558,72.466
-0.22697,0.91373,0.28322,72.471
-0.21929,0.92953,0.29577,72.476
-0.21172,0.93347,0.31192,72.48
-0.20369,0.92953,0.31256,72.485
-0.20769,0.91373,0.31188,72.49
-0.20734,0.89793,0.30006,72.495
-0.19931,0.90188,0.30086,72.5
-0.19472,0.90583,0.28212,72.505
-0.19128,0.90188,0.30158,72.51
-0.2078,0.89398,0.31533,72.515
-0.18818,0.90978,0.33279,72.52
-0.19349,0.94532,0.37534,72.524
-0.18985,0.99271,0.38816,72.529
-0.15382,1.0085,0.39556,72.534
-0.1503,1.0598,0.41229,72.539
-0.13828,1.1072,0.41432,72.544
-0.12191,1.1862,0.40583,72.549
-0.12789,1.2139,0.33661,72.554
-0.14055,1.2731,0.35589,72.559
-0.1346,1.3165,0.2919,72.563
-0.14999,1.3323,0.26775,72.568
-0.13745,1.2849,0.25254,72.573
-0.13327,1.202,0.24741,72.578
-0.11314,1.123,0.24765,72.583
-0.11332,1.0362,0.25359,72.588
-0.10272,0.96112,0.30305,72.593
-0.025739,1.281,-0.38372,72.598
0.12385,1.3639,-0.40322,72.603
0.24846,0.48327,-0.79813,72.607
0.23028,0.092311,-0.19212,72.612
0.53883,0.45563,0.12757,72.617
0.65229,0.88609,0.10408,72.622
0.24301,0.99666,0.1887,72.627
-0.024795,1.1033,0.52447,72.632
-0.1703,1.048,0.94494,72.637
-0.2808,0.97691,1.2721,72.642
-0.26765,0.86634,1.2364,72.646
-0.25073,0.81105,1.0753,72.651
-0.55877,0.74787,0.73857,72.656
-0.62142,0.78341,0.41052,72.661
-0.75785,0.80315,0.12553,72.666
-0.60601,0.79131,0.031246,72.671
-0.34531,0.815,0.066723,72.676
-0.20796,0.82685,0.052395,72.681
-0.15849,0.80315,0.014061,72.686
-0.10959,0.77946,-0.0050924,72.69
-0.098113,0.77946,0.015174,72.695
-0.046599,0.79131,0.043127,72.7
0.005366,0.81895,0.05605,72.705
0.062028,0.86239,0.046632,72.71
0.1922,0.99666,0.003332,72.715
0.26569,1.1033,-0.030234,72.72
0.15048,1.0954,0.051559,72.725
0.11942,1.0204,0.14728,72.729
0.14801,0.98481,0.13375,72.734
0.1129,0.98876,0.096051,72.739
0.10141,1.0204,0.076415,72.744
0.089087,1.0875,0.084342,72.749
0.076665,1.1349,0.095712,72.754
0.067335,1.1862,0.13821,72.759
0.098881,1.202,0.1606,72.764
0.082007,1.206,0.18609,72.769
0.073649,1.1744,0.19624,72.773
0.062889,1.1349,0.15217,72.778
0.042714,1.0993,0.15349,72.783
0.014969,1.0598,0.13867,72.788
-0.013241,1.0283,0.13934,72.793
-0.042039,1.0164,0.15959,72.798
-0.074625,1.0085,0.17189,72.803
-0.078982,1.0006,0.18288,72.808
-0.087129,1.0006,0.18599,72.812
-0.086669,1.0006,0.17065,72.817
-0.077711,0.99271,0.14052,72.822
-0.061413,0.98876,0.13422,72.827
-0.045461,0.98481,0.13942,72.832
-0.044888,0.98876,0.12032,72.837
-0.021358,0.97691,0.14143,72.842
0.0068567,1.0006,0.1406,72.847
0.035431,1.0006,0.12778,72.852
0.059529,1.0006,0.12995,72.856
0.072496,1.0046,0.10042,72.861
0.1013,1.0125,0.080094,72.866
0.093261,1.0164,0.07945,72.871
0.10507,1.0283,0.088443,72.876
0.11357,1.0243,0.073742,72.881
0.13376,1.0243,0.071713,72.886
0.12986,1.0243,0.067515,72.891
0.13801,1.0204,0.064323,72.896
0.12631,1.0204,0.05173,72.9
0.13848,1.0125,0.04882,72.905
0.13836,1.0164,0.052735,72.91
0.12184,1.0085,0.066477,72.915
0.11783,1.0046,0.066037,72.92
0.11048,1.0164,0.042532,72.925
0.10657,1.0204,0.038413,72.93
0.094182,1.0164,0.048759,72.935
0.090403,1.0046,0.040489,72.939
0.090055,1.0085,0.052076,72.944
0.11048,1.0125,0.042454,72.949
0.10291,1.0125,0.026385,72.954
0.094994,1.0046,0.021669,72.959
0.091443,0.99666,0.0058043,72.964
0.091673,0.99666,-0.0018683,72.969
0.098898,1.0006,0.025788,72.974
0.086511,0.98876,0.035976,72.979
0.090638,0.99666,0.032659,72.983
0.086276,0.99666,0.043806,72.988
0.085355,0.99666,0.074496,72.993
0.065387,1.0006,0.068932,72.998
0.057234,1.0085,0.072203,73.003
0.040826,1.0046,0.082187,73.008
0.04495,1.0164,0.078948,73.013
0.061591,1.0164,0.061213,73.018
0.057225,1.0243,0.072518,73.022
0.052623,1.0401,0.091653,73.027
0.051698,1.048,0.1225,73.032
0.063975,1.0519,0.11599,73.037
0.076601,1.048,0.097815,73.042
0.084634,1.048,0.098538,73.047
0.10139,1.0519,0.077045,73.052
0.11357,1.0283,0.073821,73.057
0.12137,1.0204,0.082059,73.062
0.15385,1.0204,0.073441,73.066
0.15007,1.0125,0.06525,73.071
0.15822,1.0006,0.0619,73.076
0.14307,1.0085,0.029921,73.081
0.12231,0.99666,0.050895,73.086
0.1183,0.98086,0.050219,73.091
0.12611,0.96902,0.058378,73.096
0.12175,0.96112,0.069368,73.101
0.13242,0.96112,0.11649,73.105
0.12359,0.94927,0.14238,73.11
0.090551,0.92953,0.16979,73.115
0.087342,0.92558,0.14249,73.12
0.08024,0.90978,0.11077,73.125
0.08439,0.87819,0.10666,73.13
0.11906,0.84264,0.15908,73.135
0.1256,0.8387,0.20959,73.14
0.13307,0.81895,0.2291,73.145
0.10988,0.8387,0.19664,73.149
0.055365,0.86239,0.13451,73.154
0.018068,0.88214,0.035377,73.159
-0.048502,0.91373,-0.027683,73.164
-0.088677,0.93347,-0.030904,73.169
-0.1541,0.95717,0.0021488,73.174
-0.19955,0.95717,0.040372,73.179
-0.24018,0.98086,0.052575,73.184
-0.31721,1.0164,0.069434,73.188
-0.28577,1.0243,0.095501,73.193
-0.29129,1.0401,0.14533,73.198
-0.31207,1.0519,0.16677,73.203
-0.31231,1.0638,0.17468,73.208
-0.30854,1.0914,0.18327,73.213
-0.28813,1.1151,0.17404,73.218
-0.26815,1.1033,0.17945,73.223
-0.23647,1.0756,0.19713,73.228
-0.19594,1.0519,0.18877,73.232
-0.13936,1.0283,0.18184,73.237
-0.082998,1.0006,0.18252,73.242
-0.043049,0.97297,0.19325,73.247
-0.010672,0.94532,0.18792,73.252
-0.0025073,0.91768,0.18426,73.257
0.013563,0.90978,0.18554,73.262
0.021607,0.89003,0.18587,73.267
0.033653,0.89398,0.18704,73.271
0.025276,0.89398,0.19782,73.276
0.021034,0.88609,0.20498,73.281
0.024132,0.88214,0.23595,73.286
0.020684,0.89398,0.21664,73.291
0.012301,0.90188,0.22759,73.296
0.0162,0.90583,0.23186,73.301
0.0039022,0.93742,0.23908,73.306
0.0033173,0.95322,0.25858,73.311
-0.0087316,0.95322,0.25749,73.315
-0.0087363,0.96112,0.25765,73.32
-0.00093155,0.95717,0.26597,73.325
0.0025117,0.95322,0.28543,73.33
0.0062978,0.95322,0.29347,73.335
-0.0058638,0.94927,0.29614,73.34
-0.0060846,0.93347,0.3035,73.345
-0.022262,0.92953,0.30581,73.35
-0.013537,0.92558,0.28343,73.354
0.001948,0.93347,0.30422,73.359
0.0020607,0.93742,0.30046,73.364
0.018239,0.94137,0.29815,73.369
0.019152,0.95322,0.2677,73.374
0.032007,0.95322,0.24193,73.379
0.04026,0.96902,0.23529,73.384
0.036469,0.97691,0.22742,73.389
0.040594,0.98876,0.22418,73.394
0.037486,1.0085,0.19352,73.398
0.033583,1.0125,0.1894,73.403
0.045751,1.0046,0.18649,73.408
0.029451,1.0125,0.19287,73.413
0.021184,1.0204,0.19998,73.418
0.0082236,1.0046,0.22927,73.423
0.0038596,1.0085,0.2405,73.428
0.019359,0.99271,0.26081,73.433
0.015805,0.98876,0.24503,73.437
0.018903,0.98481,0.276,73.442
0.0027347,0.96507,0.278,73.447
-0.02502,0.94137,0.26348,73.452
-0.033055,0.94532,0.26284,73.457
-0.045648,0.89398,0.27991,73.462
-0.037371,0.87029,0.27249,73.467
-0.053815,0.92558,0.28366,73.472
-0.049298,0.85844,0.26733,73.477
-0.040465,0.86634,0.24136,73.481
-0.043579,0.89793,0.21094,73.486
-0.05094,0.92953,0.18783,73.491
-0.062996,0.94137,0.18698,73.496
-0.04637,0.96507,0.16972,73.501
-0.037881,0.97297,0.15525,73.506
-0.0087316,0.97297,0.12325,73.511
0.019505,0.96112,0.12171,73.516
0.035361,0.92558,0.13012,73.521
0.074605,0.92163,0.16435,73.525
0.10558,0.92558,0.20568,73.53
0.13267,0.90583,0.24235,73.535
0.13991,0.88609,0.26953,73.54
0.13968,0.88609,0.2772,73.545
0.1359,0.88214,0.26909,73.55
0.1483,0.87424,0.25851,73.555
0.12065,0.86239,0.24039,73.56
0.12146,0.85844,0.21346,73.564
0.086013,0.8387,0.1868,73.569
0.078343,0.81105,0.17401,73.574
0.066303,0.79526,0.17261,73.579
0.04978,0.79131,0.18643,73.584
0.037158,0.78736,0.20445,73.589
0.020741,0.7992,0.21475,73.594
0.028087,0.79131,0.23834,73.599
0.051948,0.80315,0.24841,73.604
0.051703,0.82685,0.25656,73.608
0.047913,0.83475,0.24868,73.613
0.059719,0.85449,0.25783,73.618
0.039629,0.87029,0.25634,73.623
0.032277,0.88609,0.23291,73.628
0.0247,0.89398,0.217,73.633
0.028932,0.91768,0.21017,73.638
0.0171,0.94137,0.20188,73.643
0.00057406,0.94137,0.21578,73.647
-0.016076,0.95717,0.23383,73.652
-0.019059,0.96112,0.19902,73.657
-0.02366,0.97691,0.21816,73.662
-0.0078321,0.98876,0.22751,73.667
0.00041408,1.0164,0.22111,73.672
0.0048836,1.0283,0.20637,73.677
-0.0030433,1.0441,0.20212,73.682
-0.007177,1.048,0.20568,73.687
0.017029,1.0598,0.20424,73.691
0.044917,1.0519,0.21429,73.696
0.04883,1.0322,0.21809,73.701
0.069036,1.0164,0.21575,73.706
0.064912,1.0046,0.21899,73.711
0.085238,0.98086,0.21265,73.716
0.10062,0.97297,0.23696,73.721
0.10878,0.94927,0.23337,73.726
0.1089,0.94532,0.22946,73.73
0.15746,0.91373,0.22165,73.735
0.17387,0.90978,0.21151,73.74
0.14197,0.90583,0.20087,73.745
0.11408,0.91373,0.19082,73.75
0.12613,0.90978,0.19183,73.755
0.12947,0.89398,0.21489,73.76
0.14976,0.92163,0.20958,73.765
0.17718,0.94137,0.23552,73.77
0.16099,0.95717,0.23823,73.774
0.13251,0.97691,0.2476,73.779
0.1573,0.98481,0.22691,73.784
0.14548,0.99271,0.21831,73.789
0.12457,1.0164,0.24383,73.794
0.1007,1.0322,0.2343,73.799
0.072813,1.0322,0.2241,73.804
0.052851,1.0243,0.2183,73.809
0.049072,1.0125,0.21003,73.813
0.04139,1.0046,0.19764,73.818
0.032779,1.0085,0.21618,73.823
0.0094919,1.0006,0.18699,73.828
0.0011212,0.98876,0.19754,73.833
-0.031467,0.98481,0.20992,73.838
-0.027782,0.96112,0.22132,73.843
-0.040519,0.95717,0.24317,73.848
-0.028578,0.94532,0.24786,73.853
-0.016426,0.96507,0.2455,73.857
-0.032951,0.96507,0.2594,73.862
-0.021363,0.96507,0.27583,73.867
0.010072,0.97297,0.30189,73.872
0.018095,0.98876,0.30293,73.877
0.0061661,0.98086,0.29785,73.882
0.014774,0.98086,0.2794,73.887
0.014671,0.96112,0.28284,73.892
0.031311,0.96112,0.2651,73.896
0.023159,0.96902,0.26837,73.901
0.015359,0.96507,0.2599,73.906
0.024202,0.95717,0.23361,73.911
0.0041205,0.95717,0.2318,73.916
0.0041135,0.96902,0.23204,73.921
0.008367,0.95717,0.22449,73.926
-0.023751,0.93742,0.22121,73.931
-0.043936,0.91768,0.22284,73.936
-0.063435,0.90583,0.20162,73.94
-0.063884,0.88609,0.21657,73.945
-0.079951,0.89003,0.2152,73.95
-0.088897,0.87819,0.24493,73.955
-0.11322,0.86634,0.2502,73.96
-0.113,0.88609,0.24292,73.965
-0.12883,0.87819,0.23364,73.97
-0.1169,0.88609,0.23872,73.975
-0.11277,0.88214,0.23517,73.979
-0.14525,0.88609,0.24386,73.984
-0.13756,0.88214,0.25602,73.989
-0.11737,0.89793,0.2543,73.994
-0.12173,0.90583,0.26561,73.999
-0.12185,0.91373,0.2696,74.004
-0.097987,0.91373,0.27944,74.009
-0.14574,0.93742,0.26023,74.014
-0.11336,0.91373,0.25498,74.019
-0.12093,0.90188,0.23868,74.023
-0.1246,0.89793,0.22673,74.028
-0.12506,0.90188,0.24215,74.033
-0.13297,0.88609,0.23728,74.038
-0.13273,0.87424,0.22937,74.043
-0.12444,0.8387,0.22171,74.048
-0.091612,0.81895,0.20119,74.053
-0.1073,0.76366,0.18713,74.058
-0.091119,0.76366,0.18474,74.062
-0.15182,0.75971,0.19459,74.067
-0.13092,0.73602,0.16907,74.072
-0.1634,0.73602,0.17768,74.077
-0.17969,0.73207,0.18383,74.082
-0.20471,0.74392,0.21259,74.087
-0.19245,0.76366,0.20639,74.092
-0.19647,0.77946,0.20635,74.097
-0.18867,0.78736,0.2149,74.102
-0.18856,0.78341,0.21099,74.106
-0.22805,0.8229,0.18514,74.111
-0.25274,0.84264,0.20255,74.116
-0.26501,0.83475,0.20898,74.121
-0.29301,0.8387,0.20269,74.126
-0.30484,0.84659,0.19409,74.131
-0.33686,0.86634,0.18776,74.136
-0.33274,0.87424,0.18444,74.141
-0.35295,0.89398,0.18686,74.146
-0.36901,0.88609,0.18526,74.15
-0.38107,0.90978,0.18465,74.155
-0.38876,0.90978,0.17242,74.16
-0.40093,0.92558,0.17548,74.165
-0.41355,0.92558,0.19358,74.17
-0.41735,0.94137,0.18586,74.175
-0.43744,0.95322,0.18429,74.18
-0.43824,0.94532,0.21099,74.185
-0.44593,0.95322,0.19891,74.189
-0.47027,0.96902,0.20473,74.194
-0.47072,0.94927,0.21968,74.199
-0.47852,0.95322,0.21137,74.204
-0.49022,0.94137,0.19854,74.209
-0.51408,0.93347,0.18854,74.214
-0.52602,0.93742,0.1837,74.219
-0.52922,0.92953,0.15632,74.224
-0.54516,0.90583,0.15057,74.229
-0.54881,0.86634,0.13791,74.233
-0.54856,0.84659,0.12984,74.238
-0.55177,0.8308,0.10231,74.243
-0.55199,0.82685,0.10991,74.248
-0.54372,0.80315,0.10248,74.253
-0.5359,0.77551,0.11033,74.258
-0.53624,0.76761,0.12168,74.263
-0.53221,0.75181,0.12173,74.268
-0.53175,0.73997,0.10614,74.272
-0.53645,0.72812,0.12856,74.277
-0.50478,0.73602,0.14696,74.282
-0.47711,0.70837,0.16428,74.287
-0.44968,0.69258,0.18952,74.292
-0.36957,0.66888,0.20394,74.297
-0.28407,0.66098,0.17301,74.302
-0.20604,0.67678,0.12265,74.307
-0.1363,0.73207,0.080029,74.312
-0.13484,0.78736,0.031259,74.316
-0.16275,0.83475,0.022002,74.321
-0.29734,0.98876,0.078363,74.326
-0.51819,1.2573,0.32543,74.331
-0.81795,1.4627,0.51797,74.336
-1.1502,1.747,0.72071,74.341
-1.5931,1.9721,0.85076,74.346
-1.9113,1.976,0.58371,74.351
-1.9835,1.7075,0.17178,74.355
-1.8216,1.356,-0.12456,74.36
-1.6011,1.0954,-0.22533,74.365
-1.5047,1.0006,-0.21471,74.37
-1.4822,1.0519,-0.027009,74.375
-1.4643,1.2336,0.31674,74.38
-1.3744,1.356,0.54269,74.385
-1.291,1.36,0.58105,74.39
-1.1208,1.2849,0.54486,74.395
-0.99378,1.1349,0.47251,74.399
-0.89983,1.0164,0.42859,74.404
-0.8014,0.86634,0.36906,74.409
-0.69057,0.73207,0.29941,74.414
-0.5706,0.64914,0.19315,74.419
-0.52775,0.5899,0.10735,74.424
-0.52179,0.60175,0.042729,74.429
-0.50091,0.61754,0.017997,74.434
-0.48899,0.63729,0.023311,74.438
-0.46467,0.64519,0.017965,74.443
-0.46515,0.67678,0.033941,74.448
-0.46653,0.68468,0.080134,74.453
-0.46711,0.69258,0.099473,74.458
-0.47514,0.69258,0.09875,74.463
-0.47652,0.69258,0.14479,74.468
-0.4973,0.69653,0.16608,74.473
-0.54215,0.67283,0.18464,74.478
-0.5993,0.66888,0.2102,74.482
-0.59162,0.68073,0.22266,74.487
-0.6163,0.69653,0.23999,74.492
-0.67254,0.70443,0.23509,74.497
-0.71361,0.68468,0.26177,74.502
-0.67356,0.68468,0.26922,74.507
-0.64544,0.68073,0.27167,74.512
-0.66149,0.65704,0.26975,74.517
-0.66953,0.65309,0.26895,74.521
-0.63578,0.64914,0.21806,74.526
-0.61983,0.64124,0.22318,74.531
-0.62671,0.63729,0.18402,74.536
-0.63004,0.64519,0.1608,74.541
-0.62543,0.62544,0.14158,74.546
-0.62498,0.63334,0.12639,74.551
-0.61694,0.63334,0.12712,74.556
-0.6571,0.61754,0.12319,74.561
-0.65722,0.62939,0.12726,74.565
-0.65355,0.62939,0.13913,74.57
-0.6656,0.62544,0.13797,74.575
-0.68108,0.62149,0.11726,74.58
-0.71746,0.62149,0.12168,74.585
-0.72952,0.64124,0.12099,74.59
-0.75349,0.62544,0.11467,74.595
-0.76176,0.63729,0.12186,74.6
-0.78173,0.64124,0.11629,74.604
-0.80227,0.64124,0.12983,74.609
-0.79402,0.66098,0.12327,74.614
-0.7744,0.66098,0.14043,74.619
-0.78221,0.66493,0.13211,74.624
-0.81824,0.66493,0.12502,74.629
-0.81423,0.68073,0.1257,74.634
-0.81033,0.68863,0.13005,74.639
-0.81413,0.70048,0.12225,74.644
-0.81838,0.70837,0.12972,74.648
-0.82548,0.69258,0.097993,74.653
-0.81664,0.68863,0.071783,74.658
-0.80391,0.70048,0.050086,74.663
-0.83605,0.71232,0.04743,74.668
-0.84064,0.71627,0.066329,74.673
-0.82434,0.70048,0.059787,74.678
-0.80437,0.70837,0.065589,74.683
-0.79611,0.70837,0.058639,74.687
-0.80427,0.72812,0.062146,74.692
-0.77592,0.71627,0.056767,74.697
-0.75986,0.72022,0.058292,74.702
-0.76031,0.70837,0.073401,74.707
-0.74826,0.70443,0.074407,74.712
-0.73998,0.68468,0.067063,74.717
-0.74021,0.67678,0.074578,74.722
-0.69213,0.68073,0.082831,74.727
-0.70808,0.68468,0.077627,74.731
-0.69602,0.66098,0.078239,74.736
-0.68775,0.64519,0.070974,74.741
-0.67582,0.64914,0.075974,74.746
-0.69555,0.64124,0.0625,74.751
-0.73159,0.65309,0.055647,74.756
-0.80434,0.64914,0.064407,74.761
-0.77358,0.62939,0.11294,74.766
-0.72479,0.60965,0.097703,74.771
-0.7217,0.61754,0.12891,74.775
-0.73387,0.61754,0.13166,74.78
-0.72572,0.62149,0.12863,74.785
-0.73364,0.6136,0.12391,74.79
-0.72089,0.6057,0.10182,74.795
-0.73604,0.60965,0.069764,74.8
-0.74821,0.62149,0.072752,74.805
-0.76085,0.64124,0.091244,74.81
-0.77243,0.64124,0.074814,74.814
-0.76864,0.62939,0.082612,74.819
-0.77712,0.6136,0.096919,74.824
-0.76485,0.61754,0.090409,74.829
-0.75945,0.6136,0.044656,74.834
-0.73476,0.59385,0.02725,74.839
-0.7343,0.58595,0.011747,74.844
-0.74129,0.582,-0.023582,74.849
-0.75298,0.55831,-0.036648,74.854
-0.7975,0.55436,-0.029194,74.858
-0.82528,0.56226,-0.043075,74.863
-0.85374,0.56226,-0.034096,74.868
-0.84605,0.56226,-0.021865,74.873
-0.89907,0.5741,0.00052683,74.878
-0.98778,0.582,0.0042411,74.883
-0.99603,0.56621,0.010876,74.888
-0.97205,0.55831,0.016723,74.893
-0.98492,0.582,0.042966,74.897
-0.96117,0.59385,0.05688,74.902
-0.92754,0.58595,0.0097418,74.907
-0.94657,0.56621,-0.026986,74.912
-0.94278,0.56226,-0.019031,74.917
-0.92295,0.582,-0.009157,74.922
-0.90366,0.56226,0.019111,74.927
-0.87944,0.54646,0.017128,74.932
-0.88792,0.52671,0.031357,74.937
-0.8794,0.49512,0.016104,74.941
-0.85909,0.48327,0.010002,74.946
-0.87078,0.46353,-0.0029848,74.951
-0.84703,0.47143,0.010851,74.956
-0.82258,0.45958,0.001274,74.961
-0.80664,0.47143,0.0067925,74.966
-0.83075,0.49512,0.0050964,74.971
-0.84315,0.50302,0.015678,74.976
-0.85967,0.49907,0.029499,74.98
-0.87242,0.51092,0.051669,74.985
-0.86428,0.52671,0.048871,74.99
-0.86002,0.50697,0.041166,74.995
-0.91293,0.51092,0.059563,75
-0.88906,0.51487,0.069483,75.005
-0.89435,0.51882,0.1114,75.01
-0.90742,0.50697,0.14461,75.015
-0.90305,0.49512,0.13322,75.02
-0.89398,0.48327,0.099182,75.024
-0.88537,0.47933,0.080645,75.029
-0.88607,0.49117,0.1039,75.034
-0.87036,0.50697,0.11717,75.039
-0.85626,0.52671,0.18423,75.044
-0.86671,0.52277,0.26399,75.049
-0.85133,0.51487,0.28829,75.054
-0.81817,0.52671,0.25689,75.059
-0.76319,0.52671,0.16952,75.063
-0.7197,0.53856,0.06212,75.068
-0.70248,0.53066,0.025045,75.073
-0.74628,0.48327,0.0086145,75.078
-0.76197,0.42009,-0.0056006,75.083
-0.79359,0.33716,-0.025492,75.088
-0.82947,0.28187,-0.03752,75.093
-0.83393,0.25817,-0.023009,75.098
-0.86546,0.21868,-0.04587,75.103
-0.89769,0.18709,-0.045556,75.107
-0.94623,0.18314,-0.038463,75.112
-0.9717,0.17524,0.0052463,75.117
-0.98927,0.18314,0.05383,75.122
-0.98998,0.21078,0.077399,75.127
-0.98668,0.25422,0.10165,75.132
-0.98303,0.28977,0.11422,75.137
-0.97088,0.32531,0.11218,75.142
-0.95048,0.3648,0.10327,75.146
-0.95038,0.39244,0.099983,75.151
-0.93031,0.40429,0.10203,75.156
-0.92228,0.41614,0.10299,75.161
-0.93031,0.40034,0.10195,75.166
-0.93845,0.3885,0.10482,75.171
-0.91778,0.36875,0.087056,75.176
-0.92121,0.35295,0.067198,75.181
-0.89697,0.30951,0.064664,75.186
-0.89316,0.27002,0.071911,75.19
-0.88914,0.26212,0.072115,75.195
-0.89682,0.25028,0.059647,75.2
-0.86927,0.23843,0.081122,75.205
-0.88935,0.23053,0.079157,75.21
-0.89337,0.23053,0.078796,75.215
-0.91723,0.21473,0.068639,75.22
-0.93765,0.21473,0.078341,75.225
-0.94948,0.22263,0.069741,75.229
-0.96186,0.20684,0.079851,75.234
-0.97368,0.20684,0.071094,75.239
-0.96955,0.21473,0.067776,75.244
-0.9972,0.20684,0.049743,75.249
-0.9973,0.18314,0.053107,75.254
-0.99693,0.1397,0.040732,75.259
-1.0051,0.11995,0.043451,75.264
-1.0092,0.1239,0.047005,75.269
-0.9929,0.11995,0.040699,75.273
-0.97683,0.11601,0.042066,75.278
-0.96042,0.10021,0.031688,75.283
-0.97304,0.10416,0.049864,75.288
-0.9774,0.10416,0.061012,75.293
-0.97693,0.088362,0.045351,75.298
-0.98944,0.084413,0.059533,75.303
-0.99712,0.064667,0.046908,75.308
-0.98494,0.05282,0.043919,75.312
-1.0001,0.037023,0.011468,75.317
-1.0076,0.033074,-0.004679,75.322
-1.0354,0.029125,-0.018797,75.327
-1.0479,0.033074,-0.0044573,75.332
-1.0566,0.029125,0.017759,75.337
-1.049,0.013328,0.029676,75.342
-1.0525,0.013328,0.013969,75.347
-1.0721,0.0093792,-0.0032624,75.352
-1.0559,0.013328,-0.0055741,75.356
-1.0636,0.025176,-0.01757,75.361
-1.0511,0.029125,-0.031752,75.366
-1.0543,0.025176,-0.059046,75.371
-1.0582,0.029125,-0.063165,75.376
-1.07,0.037023,-0.075601,75.381
-1.0779,0.037023,-0.08016,75.386
-1.0705,0.021227,-0.056734,75.391
-1.0783,0.013328,-0.065288,75.396
-1.0829,-0.026163,-0.047255,75.4
-1.0786,-0.026163,-0.054566,75.405
-1.0745,-0.049858,-0.058514,75.41
-1.0578,-0.061705,-0.076486,75.415
-1.0705,-0.069603,-0.058546,75.42
-1.0265,-0.057756,-0.046661,75.425
-1.014,-0.061705,-0.061001,75.43
-1.0055,-0.041959,-0.075229,75.435
-1.0082,-0.03801,-0.12155,75.439
-1.0362,-0.026163,-0.12768,75.444
-1.048,-0.034061,-0.13659,75.449
-1.0794,-0.022214,-0.16227,75.454
-1.1043,-0.045909,-0.13805,75.459
-1.1408,-0.065654,-0.13019,75.464
-1.1532,-0.0854,-0.12016,75.469
-1.1319,-0.097247,-0.15695,75.474
-1.148,-0.13674,-0.15919,75.479
-1.1561,-0.17228,-0.15678,75.483
-1.124,-0.21572,-0.15476,75.488
-1.1116,-0.22757,-0.16542,75.493
-1.0884,-0.21177,-0.13224,75.498
-1.0768,-0.15253,-0.11463,75.503
-1.0728,-0.11699,-0.11356,75.508
-1.0811,-0.069603,-0.10567,75.513
-1.0328,-0.045909,-0.10469,75.518
-0.99233,-0.045909,-0.11259,75.522
-0.97179,-0.049858,-0.1262,75.527
-0.99164,-0.041959,-0.13553,75.532
-1.0546,-0.049858,-0.18367,75.537
-1.0752,-0.041959,-0.16997,75.542
-1.0873,-0.045909,-0.1673,75.547
-1.0959,-0.0854,-0.14963,75.552
-1.049,-0.12489,-0.10388,75.557
-1.0242,-0.18018,-0.12583,75.562
-1.0113,-0.25126,-0.15302,75.566
-0.95568,-0.30655,-0.12604,75.571
-0.88715,-0.34209,-0.12828,75.576
-0.83803,-0.34999,-0.15479,75.581
-0.83241,-0.34604,-0.20806,75.586
-0.89159,-0.39343,-0.24895,75.591
-0.92704,-0.39738,-0.2753,75.596
-1.0029,-0.40133,-0.29759,75.601
-1.0282,-0.36184,-0.26061,75.605
-1.0139,-0.31445,-0.20067,75.61
-0.92792,-0.29075,-0.11169,75.615
-0.84578,-0.26706,-0.030734,75.62
-0.80667,-0.24731,0.0078017,75.625
-0.80678,-0.24731,0.011638,75.63
-0.82607,-0.23152,-0.016708,75.635
-0.86175,-0.23152,-0.035307,75.64
-0.85879,-0.21177,-2.4761e-05,75.645
-0.85571,-0.18018,0.031657,75.649
-0.85606,-0.17623,0.043245,75.654
-0.85596,-0.14859,0.03996,75.659
-0.868,-0.15648,0.038718,75.664
-0.88773,-0.16833,0.025166,75.669
-0.88312,-0.19598,0.0057942,75.674
-0.88276,-0.21967,-0.0061874,75.679
-0.90674,-0.23547,-0.012508,75.684
-0.92291,-0.23942,-0.010196,75.688
-0.89915,-0.26706,0.0029304,75.693
-0.88673,-0.29865,-0.0081243,75.698
-0.88247,-0.32235,-0.015908,75.703
-0.91448,-0.33419,-0.022872,75.708
-0.92251,-0.34209,-0.023753,75.713
-0.89853,-0.33419,-0.01759,75.718
-0.87444,-0.31445,-0.015028,75.723
-0.85482,-0.31445,0.002125,75.728
-0.85424,-0.3263,-0.017293,75.732
-0.86582,-0.33814,-0.033959,75.737
-0.88532,-0.34999,-0.055184,75.742
-0.90837,-0.37369,-0.092352,75.747
-0.92489,-0.37764,-0.078532,75.752
-0.93339,-0.36184,-0.063594,75.757
-0.95428,-0.35789,-0.038469,75.762
-0.9746,-0.35394,-0.032525,75.767
-0.98274,-0.35394,-0.029411,75.771
-0.99926,-0.36579,-0.015748,75.776
-1.0165,-0.36974,0.02109,75.781
-1.0124,-0.34999,0.018009,75.786
-0.98896,-0.3263,0.043669,75.791
-0.93778,-0.33814,0.082658,75.796
-0.88247,-0.34209,0.11833,75.801
-0.8664,-0.34604,0.1197,75.806
-0.82636,-0.33814,0.12731,75.811
-0.82556,-0.3263,0.10069,75.815
-0.82098,-0.3105,0.082183,75.82
-0.82007,-0.29075,0.051887,75.825
-0.79519,-0.25126,0.027989,75.83
-0.80255,-0.23152,0.0046419,75.835
-0.81874,-0.20387,0.0075838,75.84
-0.86431,-0.19598,0.049801,75.845
-0.88427,-0.20387,0.044,75.85
-0.92018,-0.20782,0.032995,75.854
-0.91296,-0.19992,0.06073,75.859
-0.9133,-0.21177,0.072002,75.864
-0.93419,-0.21177,0.097049,75.869
-0.95012,-0.23152,0.091373,75.874
-0.95449,-0.23152,0.10252,75.879
-0.96665,-0.23547,0.10519,75.884
-1.0189,-0.23547,0.10049,75.889
-1.019,-0.24336,0.10417,75.894
-1.0274,-0.21177,0.11559,75.898
-0.99101,-0.18018,0.1118,75.903
-0.98586,-0.14069,0.074587,75.908
-0.94433,-0.12489,0.032481,75.913
-0.96362,-0.1012,0.0042916,75.918
-0.9828,-0.073552,-0.027655,75.923
-0.99405,-0.049858,-0.055121,75.928
-1.0022,-0.022214,-0.051456,75.933
-1.0271,0.00543,-0.026219,75.937
-1.0406,0.013328,0.01889,75.942
-1.0384,0.025176,0.080868,75.947
-1.0262,0.037023,0.078353,75.952
-1.0017,0.05282,0.065491,75.957
-0.95281,0.040972,0.046575,75.962
-0.89979,0.044921,0.024499,75.967
-0.89073,0.04887,-0.0092266,75.972
-0.84586,0.04887,-0.028268,75.977
-0.8259,0.068616,-0.022231,75.981
-0.82614,0.080463,-0.014322,75.986
-0.81043,0.10021,-0.00097329,75.991
-0.83146,0.14365,0.028776,75.996
-0.85122,0.18314,0.016248,76.001
-0.87902,0.23053,0.0031538,76.006
-0.91758,0.24238,-0.053933,76.011
-0.94582,0.26607,-0.052154,76.016
-0.94203,0.25817,-0.044278,76.021
-0.97499,0.29767,-0.019528,76.025
-1.0117,0.35295,-0.0024964,76.03
-1.0445,0.3885,0.014502,76.035
-1.0912,0.40824,-0.039313,76.04
-1.1467,0.39244,-0.067707,76.045
-1.1904,0.40429,-0.086792,76.05
-1.2228,0.42404,-0.081617,76.055
-1.2188,0.40429,-0.08165,76.06
-1.1862,0.35295,-0.095127,76.064
-1.1502,0.27002,-0.085856,76.069
-1.1217,0.21078,-0.096016,76.074
-1.1404,0.20684,-0.14394,76.079
-1.2274,0.23053,-0.19745,76.084
-1.2757,0.21868,-0.19819,76.089
-1.2847,0.18709,-0.16502,76.094
-1.2435,0.17129,-0.061612,76.099
-1.1902,0.15155,0.038963,76.104
-1.1318,0.1555,0.10584,76.108
-1.0595,0.1555,0.11235,76.113
-0.9748,0.1634,0.10859,76.118
-0.89447,0.14365,0.11543,76.123
-0.82263,0.13575,0.13712,76.128
-0.75505,0.1476,0.16652,76.133
-0.73852,0.1397,0.15246,76.138
-0.74644,0.1397,0.1479,76.143
-0.76639,0.11601,0.14179,76.147
-0.78222,0.11601,0.13267,76.152
-0.82191,0.092311,0.11324,76.157
-0.84911,0.092311,0.080015,76.162
-0.87204,0.064667,0.038932,76.167
-0.93077,0.044921,-0.016756,76.172
-0.96634,0.040972,-0.03927,76.177
-0.97827,0.029125,-0.044427,76.182
-1.0141,0.021227,-0.059347,76.187
-1.0181,0.033074,-0.059472,76.191
-1.0228,0.025176,-0.036973,76.196
-1.0113,0.033074,-0.016549,76.201
-1.0157,0.044921,-0.0051656,76.206
-0.99976,0.072565,0.00066798,76.211
-0.97602,0.09626,0.014818,76.216
-0.985,0.1397,0.045652,76.221
-0.95713,0.1634,0.056328,76.226
-0.95288,0.1634,0.049017,76.23
-0.96069,0.17129,0.040779,76.235
-0.96425,0.17919,0.02523,76.24
-0.96791,0.17129,0.013202,76.245
-0.99108,0.1555,-0.019973,76.25
-1.0101,0.13575,-0.056701,76.255
-1.025,0.10021,-0.097219,76.26
-1.0276,0.088362,-0.14385,76.265
-1.031,0.092311,-0.16715,76.27
-1.0753,0.11206,-0.1669,76.274
-1.1033,0.12785,-0.17295,76.279
-1.128,0.15155,-0.15546,76.284
-1.1533,0.17524,-0.11496,76.289
-1.1311,0.1555,-0.051806,76.294
-1.1088,0.14365,0.011508,76.299
-1.1015,0.12785,0.034934,76.304
-1.0744,0.11995,0.071833,76.309
-1.0391,0.084413,0.10507,76.313
