0.22079,0.96902,-0.010034,90.635
0.21287,0.96902,-0.014594,90.64
0.18533,0.97691,-0.036148,90.645
0.17764,0.97297,-0.048459,90.649
0.17787,0.96902,-0.05621,90.654
0.16582,0.98086,-0.057058,90.659
0.13793,0.98086,-0.067261,90.664
0.11739,0.98876,-0.053565,90.669
0.11807,0.99666,-0.076426,90.674
0.10568,0.99271,-0.06608,90.679
0.081464,1.0006,-0.064255,90.684
0.090184,1.0046,-0.086471,90.688
0.073887,1.0085,-0.080166,90.693
0.053347,1.0046,-0.066706,90.698
0.061157,0.99271,-0.058547,90.703
0.057138,0.99666,-0.05883,90.708
0.036937,1.0046,-0.056643,90.713
0.049561,1.0046,-0.074741,90.718
0.061042,0.99271,-0.054711,90.723
0.065173,0.99271,-0.058186,90.728
0.064835,0.98086,-0.046913,90.732
0.064724,0.97297,-0.043234,90.737
0.077353,0.96507,-0.061489,90.742
0.097101,0.94532,-0.048567,90.747
0.085055,0.94137,-0.04973,90.752
0.10147,0.92953,-0.060029,90.757
0.097799,0.93347,-0.071821,90.762
0.078295,0.92953,-0.092888,90.767
0.08175,0.90583,-0.073818,90.771
0.097581,0.91373,-0.064542,90.776
0.081278,0.92558,-0.058079,90.781
0.089287,0.96507,-0.056568,90.786
0.092486,0.98481,-0.028959,90.791
0.08811,1.0085,-0.017339,90.796
0.1083,1.0204,-0.019131,90.801
0.095675,1.0204,-0.0010342,90.806
0.10037,1.0401,-0.023297,90.811
0.092455,1.0362,-0.027935,90.815
0.076385,1.0441,-0.029223,90.82
0.064682,1.0441,-0.041816,90.825
0.027823,1.0796,-0.021343,90.83
0.023467,1.0717,-0.010353,90.835
0.031384,1.0717,-0.0057937,90.84
0.035748,1.0677,-0.01702,90.845
0.035642,1.0519,-0.013499,90.85
0.060081,1.0598,-0.022681,90.854
0.076038,1.048,-0.017635,90.859
0.096692,1.0519,-0.034931,90.864
0.085085,1.0835,-0.05073,90.869
0.081738,1.1191,-0.073401,90.874
0.073569,1.1546,-0.069578,90.879
0.045657,1.202,-0.078836,90.884
0.045753,1.2336,-0.082042,90.889
0.049191,1.2376,-0.06242,90.894
0.016807,1.277,-0.056852,90.898
0.004291,1.2889,-0.042355,90.903
0.028509,1.281,-0.04418,90.908
0.052616,1.2652,-0.042326,90.913
0.056167,1.2731,-0.026462,90.918
0.072474,1.2534,-0.033082,90.923
0.096696,1.2376,-0.035065,90.928
0.14158,1.2178,-0.054501,90.933
0.17762,1.202,-0.047726,90.938
0.19759,1.1981,-0.042161,90.942
0.23811,1.1744,-0.050528,90.947
0.29424,1.1428,-0.042262,90.952
0.32627,1.127,-0.035849,90.957
0.35901,1.0717,-0.053241,90.962
0.39126,1.0559,-0.054501,90.967
0.42328,1.0401,-0.048088,90.972
0.45864,1.0243,-0.018296,90.977
0.47838,1.0125,-0.0052156,90.981
0.49044,0.99666,-0.0044463,90.986
0.51833,0.97297,0.005284,90.991
0.52912,0.96902,0.048489,90.996
0.51996,0.93742,0.085499,91.001
0.51916,0.91373,0.11188,91.006
0.51436,0.89003,0.1379,91.011
0.50588,0.85844,0.15189,91.016
0.48513,0.8308,0.17255,91.021
0.49272,0.7992,0.18799,91.025
0.48023,0.77156,0.2017,91.03
0.44019,0.74392,0.1937,91.035
0.40428,0.74392,0.18277,91.04
0.37187,0.8229,0.18913,91.045
0.34404,0.92558,0.17714,91.05
0.32819,0.95717,0.16865,91.055
0.28824,0.98481,0.15791,91.06
0.2484,1.0164,0.14342,91.064
0.20007,1.0441,0.14347,91.069
0.16437,1.0638,0.12526,91.074
0.15689,1.1033,0.10615,91.079
0.12475,1.1191,0.10357,91.084
0.11716,1.1507,0.088133,91.089
0.10947,1.1625,0.076137,91.094
0.097425,1.1546,0.074895,91.099
0.10971,1.1507,0.068228,91.104
0.10569,1.1428,0.067709,91.108
0.10169,1.1309,0.067112,91.113
0.10985,1.0993,0.063368,91.118
0.10954,1.048,0.073853,91.123
0.097383,1.0322,0.07629,91.128
0.10153,1.0006,0.072185,91.133
0.10097,0.97297,0.090815,91.138
0.096516,0.94137,0.10517,91.143
0.096176,0.93347,0.11652,91.147
0.10811,0.93742,0.12152,91.152
0.12809,0.90583,0.12653,91.157
0.11605,0.89003,0.12513,91.162
0.1241,0.87424,0.12554,91.167
0.13605,0.84659,0.12991,91.172
0.11989,0.81105,0.13159,91.177
0.13161,0.78341,0.14363,91.182
0.12336,0.75971,0.15011,91.187
0.12728,0.73207,0.15376,91.191
0.13531,0.72812,0.1544,91.196
0.13922,0.71232,0.15828,91.201
0.15093,0.71232,0.17088,91.206
0.16309,0.71627,0.1682,91.211
0.1834,0.72022,0.16242,91.216
0.22711,0.72812,0.1819,91.221
0.22735,0.71627,0.17399,91.226
0.20313,0.72812,0.17589,91.23
0.20301,0.72812,0.17973,91.235
0.18717,0.73602,0.17077,91.24
0.18245,0.76761,0.19405,91.245
0.18289,0.7992,0.17934,91.25
0.19917,0.8229,0.17358,91.255
0.16703,0.84264,0.17109,91.26
0.163,0.85844,0.17104,91.265
0.15141,0.87029,0.15485,91.27
0.14668,0.89793,0.17805,91.274
0.12683,0.90188,0.16865,91.279
0.12246,0.91768,0.18012,91.284
0.10639,0.91768,0.17867,91.289
0.11511,0.92558,0.15653,91.294
0.10261,0.91768,0.17064,91.299
0.10618,0.89398,0.18587,91.304
0.10227,0.89793,0.18175,91.309
0.074761,0.85449,0.15917,91.313
0.050783,0.84659,0.15301,91.318
0.055032,0.84264,0.14562,91.323
0.042153,0.88214,0.17218,91.328
0.045585,0.89793,0.19204,91.333
0.041439,0.92163,0.19598,91.338
0.037517,0.95717,0.19249,91.343
0.012947,0.97691,0.20607,91.348
0.0084585,0.99666,0.22144,91.353
-0.01279,1.0243,0.25855,91.357
-0.0049786,1.0085,0.26663,91.362
-0.0055398,0.98481,0.28534,91.367
0.027298,0.95717,0.26466,91.372
0.03948,0.92558,0.26128,91.377
-0.017206,0.92163,0.27149,91.382
-0.041306,0.92558,0.2694,91.387
-0.041083,0.93742,0.26196,91.392
-0.02514,0.94927,0.26748,91.396
-0.0412,0.94137,0.26587,91.401
-0.041085,0.94137,0.26204,91.406
-0.04086,0.94927,0.25452,91.411
-0.024686,0.96112,0.25237,91.416
-0.024809,0.97297,0.25644,91.421
-0.012079,0.98876,0.23482,91.426
0.00053153,1.0125,0.2172,91.431
0.0080919,1.0322,0.23366,91.436
-0.0076232,1.0243,0.22055,91.44
-0.0362,1.0283,0.23344,91.445
-0.060523,1.0204,0.23879,91.45
-0.073155,1.0322,0.25712,91.455
-0.085441,1.0441,0.26395,91.46
-0.093703,1.0441,0.2709,91.465
-0.094396,1.048,0.29399,91.47
-0.066155,1.0283,0.29229,91.475
-0.042633,1.0283,0.31364,91.479
-0.047584,1.0519,0.34444,91.484
-0.055305,1.1072,0.33332,91.489
-0.037302,1.1388,0.27017,91.494
-0.018144,1.1625,0.16851,91.499
0.036137,1.1665,0.10424,91.504
0.072951,1.206,0.08526,91.509
0.13167,1.2494,0.14142,91.514
0.18694,1.3205,0.17859,91.519
0.23155,1.3718,0.16824,91.523
0.27487,1.4548,0.20073,91.528
0.36008,1.5456,0.17944,91.533
0.44601,1.589,0.13419,91.538
0.56395,1.6325,0.095666,91.543
0.62509,1.668,0.071106,91.548
0.72193,1.6957,0.064988,91.553
0.79307,1.6917,0.10978,91.558
0.78794,1.6404,0.14676,91.562
0.73659,1.3402,0.11305,91.567
0.64438,1.0638,0.099225,91.572
0.53936,0.91373,0.10985,91.577
0.45162,0.83475,0.081142,91.582
0.38029,0.77551,0.042764,91.587
0.31686,0.73602,0.0093387,91.592
0.2651,0.73997,-0.010627,91.597
0.21727,0.71232,-0.027025,91.602
0.1605,0.65704,-0.014007,91.606
0.11968,0.60175,0.0042939,91.611
0.10399,0.55436,-0.0096061,91.616
0.10404,0.45958,-0.011497,91.621
0.083326,0.36875,0.0079022,91.626
0.051109,0.32136,0.0079016,91.631
0.067073,0.29767,0.012711,91.636
0.11583,0.31741,-0.001739,91.641
0.13485,0.55831,0.035564,91.646
0.16651,0.76761,0.054139,91.65
0.21225,0.85054,0.0060612,91.655
0.25688,0.87029,-0.0049141,91.66
0.29336,0.88214,-0.012934,91.665
0.31802,0.91373,-0.029316,91.67
0.35367,0.96112,-0.0097725,91.675
0.39368,1.0243,-0.0010612,91.68
0.4258,1.0559,0.0024607,91.685
0.45364,1.127,0.014081,91.689
0.49366,1.1744,0.022478,91.694
0.49353,1.1862,0.02655,91.699
0.52154,1.1744,0.032681,91.704
0.52582,1.1151,0.024188,91.709
0.50246,1.0322,-0.002653,91.714
0.44591,1.0046,0.003244,91.719
0.40943,0.98086,0.011027,91.724
0.38144,0.97297,0.0045031,91.729
0.34506,0.96507,0.0087649,91.733
0.33715,0.95322,0.0039694,91.738
0.33751,0.94137,-0.0077759,91.743
0.32052,0.94532,0.021548,91.748
0.30835,0.95717,0.024536,91.753
0.28011,0.96507,0.025999,91.758
0.2598,0.96902,0.031943,91.763
0.25589,0.97297,0.027824,91.768
0.23145,0.98086,0.037322,91.772
0.20345,0.98086,0.030956,91.777
0.17511,0.96902,0.035862,91.782
0.15882,0.96112,0.041931,91.787
0.13496,0.94927,0.031853,91.792
0.11132,0.94927,0.014339,91.797
0.082647,0.92558,0.030518,91.802
0.062911,0.92558,0.017201,91.807
0.054637,0.94532,0.024545,91.812
0.054651,0.92163,0.024072,91.816
0.034217,0.93347,0.03401,91.821
0.030311,0.94137,0.02997,91.826
0.026173,0.95322,0.033681,91.831
0.014577,0.96507,0.017488,91.836
0.010218,0.96112,0.028557,91.841
0.014683,0.98086,0.013967,91.846
0.02226,0.97297,0.029877,91.851
0.042677,0.98876,0.020491,91.855
0.06724,0.98086,0.0071568,91.86
0.09099,0.98481,0.020913,91.865
0.095356,0.97691,0.0096082,91.87
0.1276,0.98481,0.0088212,91.875
0.17521,0.99666,0.032577,91.88
0.20332,0.99666,0.035107,91.885
0.22362,1.0164,0.029635,91.89
0.24359,1.0125,0.0352,91.895
0.22708,0.99666,0.048785,91.899
0.21137,0.98086,0.035515,91.904
0.1953,0.97691,0.03399,91.909
0.18268,0.97297,0.052009,91.914
0.19908,0.98481,0.042182,91.919
0.1953,0.97691,0.03399,91.924
0.17945,1.0046,0.025423,91.929
0.17934,0.99666,0.029102,91.934
0.17945,1.0046,0.025423,91.938
0.1596,1.0006,0.015864,91.943
0.16707,0.98481,0.035454,91.948
0.17957,1.0006,0.021508,91.953
0.15902,1.0046,0.035125,91.958
0.16316,1.0006,0.031571,91.963
0.17084,1.0046,0.043882,91.968
0.17085,0.99666,0.043724,91.973
0.17487,0.98481,0.043849,91.978
0.179,0.99271,0.040532,91.982
0.19886,0.98086,0.049776,91.987
0.17477,0.96902,0.047371,91.992
0.17487,0.98086,0.043771,91.997
0.16719,0.97297,0.031381,92.002
0.14745,0.98086,0.018222,92.007
0.13104,0.97297,0.028128,92.012
0.13493,0.99271,0.03272,92.017
0.13471,0.98876,0.040313,92.021
0.11887,0.98876,0.031195,92.026
0.12265,0.99666,0.039387,92.031
0.12276,1.0164,0.035944,92.036
0.10692,1.0125,0.026747,92.041
0.12265,1.0085,0.039623,92.046
0.12678,1.0046,0.036069,92.051
0.13092,0.99271,0.032358,92.056
0.12667,0.99271,0.039669,92.061
0.13505,0.99666,0.028962,92.065
0.15892,0.98481,0.038567,92.07
0.15893,0.97691,0.03841,92.075
0.14665,0.97297,0.044919,92.08
0.15021,0.96902,0.060547,92.085
0.16673,0.96902,0.046648,92.09
0.15916,0.96902,0.030579,92.095
0.15479,0.97691,0.041884,92.1
0.15927,0.97691,0.026901,92.104
0.15502,0.98086,0.034291,92.109
0.14297,0.98086,0.033206,92.114
0.14298,0.97691,0.033127,92.119
0.16616,0.96902,0.065829,92.124
0.15433,0.98481,0.057387,92.129
0.15445,0.97297,0.053315,92.134
0.14619,0.97297,0.060264,92.139
0.14206,0.96902,0.06366,92.144
0.17442,0.96507,0.058801,92.148
0.20264,0.98086,0.05781,92.153
0.22352,1.0046,0.033235,92.158
0.23613,1.0283,0.015611,92.163
0.26067,1.0441,0.0027496,92.168
0.27605,1.048,0.027292,92.173
0.28442,1.0638,0.016821,92.178
0.28075,1.0598,0.004872,92.183
0.29992,1.0441,0.037055,92.188
0.31174,1.0362,0.045654,92.192
0.31197,1.0401,0.03806,92.197
0.3122,1.0441,0.030466,92.202
0.30059,1.0677,0.014509,92.207
0.31333,1.0677,-0.007424,92.212
0.2974,1.0441,-0.013179,92.217
0.28902,1.0441,-0.0023928,92.222
0.27684,1.0717,0.00091049,92.227
0.24088,1.1428,-0.0085975,92.231
0.23697,1.1625,-0.012401,92.236
0.23307,1.1586,-0.016678,92.241
0.21654,1.1546,-0.0028573,92.246
0.22448,1.1309,0.0012293,92.251
0.20773,1.1112,0.022407,92.256
0.18709,1.0796,0.039152,92.261
0.18297,1.0638,0.042311,92.266
0.17036,1.0362,0.059857,92.271
0.18678,1.0243,0.049558,92.275
0.17888,1.0006,0.044526,92.28
0.20655,0.96902,0.061771,92.285
0.21021,0.98086,0.073878,92.29
0.23086,0.99666,0.056819,92.295
0.23513,0.96902,0.048956,92.3
0.25903,0.91373,0.057695,92.305
0.27534,0.87424,0.05068,92.31
0.29119,0.85844,0.059484,92.314
0.30256,0.83475,0.083113,92.319
0.28684,0.83475,0.070159,92.324
0.30623,0.84659,0.09522,92.329
0.33021,0.8387,0.10107,92.334
0.34674,0.83475,0.08709,92.339
0.35064,0.83475,0.091287,92.344
0.35428,0.89003,0.10426,92.349
0.35771,0.90583,0.12412,92.354
0.3815,0.84659,0.13661,92.358
0.38496,0.815,0.15553,92.363
0.40047,0.77946,0.17545,92.368
0.39186,0.77551,0.19383,92.373
0.39462,0.76761,0.23623,92.378
0.3829,0.78736,0.22403,92.383
0.34663,0.815,0.22516,92.388
0.3224,0.8387,0.2273,92.393
0.29827,0.89003,0.22616,92.397
0.27817,0.91373,0.22483,92.402
0.26164,0.93347,0.23912,92.407
0.21641,0.96112,0.27022,92.412
0.18862,0.99271,0.25681,92.417
0.16839,1.0441,0.25986,92.422
0.13233,1.0993,0.25388,92.427
0.11671,1.123,0.23756,92.432
0.10087,1.1349,0.22868,92.437
0.092246,1.1546,0.24753,92.441
0.084436,1.1665,0.23937,92.446
0.088915,1.1625,0.22431,92.451
0.092823,1.1507,0.22827,92.456
0.10488,1.1428,0.2292,92.461
0.1214,1.1388,0.21522,92.466
0.14551,1.1191,0.21699,92.471
0.14599,1.0914,0.2011,92.476
0.14373,1.0401,0.14217,92.48
0.16524,0.95717,0.096283,92.485
0.17499,0.96112,0.17417,92.49
0.18365,1.0519,0.28832,92.495
0.20488,1.0519,0.25177,92.5
0.21173,0.93742,0.15777,92.505
0.20704,0.89398,0.17956,92.51
0.22644,0.87819,0.20407,92.515
0.23909,0.84264,0.18527,92.52
0.2189,0.82685,0.18698,92.524
0.23829,0.8308,0.21188,92.529
0.23773,0.80315,0.23051,92.534
0.21319,0.78341,0.2433,92.539
0.23729,0.77551,0.24531,92.544
0.24062,0.77156,0.26861,92.549
0.23672,0.76366,0.26425,92.554
0.23603,0.75576,0.28711,92.559
0.24797,0.75971,0.29211,92.563
0.23993,0.77156,0.29163,92.568
0.22017,0.8071,0.27902,92.573
0.22784,0.8387,0.29188,92.578
0.21634,0.87424,0.27232,92.583
0.20026,0.90188,0.27143,92.588
0.18833,0.90583,0.26659,92.593
0.18475,0.92953,0.25135,92.598
0.15285,0.93742,0.24095,92.603
0.16111,0.94927,0.23423,92.607
0.14493,0.94927,0.23662,92.612
0.14136,0.96112,0.22115,92.617
0.12174,0.96507,0.20408,92.622
0.10578,0.97691,0.19903,92.627
0.089491,0.96902,0.2051,92.632
0.09374,0.96507,0.19771,92.637
0.097406,0.97297,0.20974,92.642
0.097291,0.97297,0.21358,92.646
0.09649,0.96507,0.24027,92.651
0.10108,0.96507,0.22145,92.656
0.17774,0.96112,0.21673,92.661
0.13332,0.98086,0.22082,92.666
0.13355,0.98086,0.21315,92.671
0.15731,0.96902,0.22659,92.676
0.14147,0.97297,0.21755,92.681
0.14961,0.98481,0.21468,92.686
0.16177,0.99271,0.21208,92.69
0.17794,1.0085,0.21001,92.695
0.1621,1.0164,0.20105,92.7
0.16232,1.0401,0.19385,92.705
0.18228,1.0519,0.19973,92.71
0.19065,1.0677,0.18925,92.715
0.21427,1.0835,0.20708,92.72
0.2145,1.0835,0.19941,92.725
0.20269,1.0756,0.1905,92.729
0.21026,1.0717,0.20649,92.734
0.23082,1.0559,0.19263,92.739
0.22646,1.048,0.20362,92.744
0.21866,1.0401,0.19507,92.749
0.21453,1.0401,0.19854,92.754
0.21844,1.0322,0.20258,92.759
0.23025,1.0322,0.21134,92.764
0.23336,1.0164,0.24208,92.769
0.23786,0.98086,0.22639,92.773
0.22558,0.96902,0.23274,92.778
0.22927,0.94532,0.24414,92.783
0.22147,0.93347,0.2355,92.788
0.20932,0.91768,0.23794,92.793
0.20577,0.90583,0.222,92.798
0.20187,0.90583,0.2178,92.803
0.19326,0.90583,0.23626,92.808
0.1896,0.89793,0.22423,92.812
0.18522,0.91768,0.23577,92.817
0.19268,0.91373,0.2556,92.822
0.18075,0.91373,0.25068,92.827
0.17686,0.89398,0.24609,92.832
0.1772,0.90188,0.23473,92.837
0.17732,0.89003,0.23066,92.842
0.1888,0.87819,0.25069,92.847
0.19351,0.87424,0.22796,92.852
0.18904,0.86634,0.24278,92.856
0.19707,0.86239,0.24343,92.861
0.2051,0.87029,0.24431,92.866
0.20498,0.87819,0.2483,92.871
0.20982,0.85844,0.22141,92.876
0.20522,0.86634,0.24039,92.881
0.22988,0.88214,0.22369,92.886
0.22206,0.90978,0.21585,92.891
0.26222,0.92163,0.2197,92.896
0.24224,0.94532,0.21453,92.9
0.21825,0.96507,0.20892,92.905
0.21055,0.97297,0.19684,92.91
0.2063,0.97691,0.20423,92.915
0.21446,0.96902,0.20096,92.92
0.21847,0.97297,0.2014,92.925
0.21078,0.97297,0.18917,92.93
0.20665,0.98086,0.1928,92.935
0.21445,0.98086,0.2012,92.939
0.20688,0.98086,0.18513,92.944
0.2071,0.99271,0.17769,92.949
0.20687,0.98876,0.18529,92.954
0.20309,0.97691,0.17702,92.959
0.20321,0.97691,0.17318,92.964
0.17877,0.97297,0.18244,92.969
0.17808,0.97691,0.20554,92.974
0.17464,0.96902,0.18584,92.979
0.17085,0.97691,0.17796,92.983
0.17934,0.97691,0.16334,92.988
0.17108,0.98086,0.17037,92.993
0.17911,0.98481,0.17117,92.998
0.19482,0.98876,0.1842,93.003
0.18323,0.99271,0.16785,93.008
0.18725,0.98876,0.16814,93.013
0.19069,0.98481,0.1876,93.018
0.19895,0.99271,0.18081,93.022
0.19918,0.99666,0.17321,93.027
0.1908,1.0046,0.18416,93.032
0.21122,1.0125,0.17461,93.037
0.19952,1.0125,0.16202,93.042
0.19953,0.99271,0.16163,93.047
0.20723,0.96902,0.17339,93.052
0.2358,0.97691,0.16073,93.057
0.21962,0.96902,0.16296,93.062
0.21228,0.96507,0.13914,93.066
0.21183,0.96112,0.15441,93.071
0.21583,0.98481,0.15524,93.076
0.21549,0.98086,0.16667,93.081
0.23981,0.98876,0.16133,93.086
0.22822,0.98086,0.14474,93.091
0.23947,0.97297,0.17252,93.096
0.24338,0.96112,0.17648,93.101
0.23512,0.95717,0.18335,93.105
0.23959,0.96112,0.16845,93.11
0.23924,0.96902,0.18011,93.115
0.23499,0.97691,0.18758,93.12
0.25956,0.95717,0.17401,93.125
0.25957,0.94137,0.1737,93.13
0.25106,0.96902,0.18887,93.135
0.24715,0.98481,0.18499,93.14
0.23178,0.98876,0.1606,93.145
0.22726,1.0519,0.17685,93.149
0.21502,0.98876,0.18218,93.154
0.21112,0.98086,0.17782,93.159
0.20721,0.99666,0.17394,93.164
0.20331,0.99271,0.16966,93.169
0.2032,0.98481,0.17334,93.174
0.19507,0.96902,0.17614,93.179
0.18715,0.96902,0.17158,93.184
0.1914,0.96507,0.16419,93.188
0.18762,0.94927,0.15584,93.193
0.19909,0.95717,0.17626,93.198
0.179,0.96507,0.17461,93.203
0.17889,0.96902,0.17853,93.208
0.1992,0.96902,0.17266,93.213
0.18302,0.96507,0.17497,93.218
0.18646,0.96112,0.19444,93.223
0.17453,0.96112,0.18952,93.228
0.17866,0.96902,0.1862,93.232
0.18657,0.96902,0.19076,93.237
0.18634,0.96507,0.19835,93.242
0.18612,0.95717,0.20587,93.247
0.18209,0.97691,0.2059,93.252
0.18599,0.97297,0.21002,93.257
0.19059,0.96902,0.19112,93.262
0.19874,0.95717,0.18777,93.267
0.19496,0.95717,0.17974,93.271
0.18634,0.96507,0.19835,93.276
0.18268,0.96112,0.1864,93.281
0.19829,0.95322,0.20304,93.286
0.19472,0.96902,0.18765,93.291
0.19392,0.96507,0.21442,93.296
0.18588,0.96902,0.21378,93.301
0.19805,0.96902,0.21103,93.306
0.20159,0.98481,0.22705,93.311
0.19758,0.98086,0.22661,93.315
0.19757,0.99271,0.22684,93.32
0.19378,1.0006,0.21897,93.325
0.17404,1.0006,0.20565,93.33
0.18563,1.0085,0.22224,93.335
0.17702,1.0125,0.24078,93.34
0.16933,1.0125,0.22854,93.345
0.1815,1.0006,0.22556,93.35
0.16544,0.99271,0.22395,93.354
0.16532,0.99666,0.22787,93.359
0.1737,1.0006,0.21716,93.364
0.16533,0.98481,0.22763,93.369
0.14571,0.99271,0.21064,93.374
0.15362,1.0006,0.21535,93.379
0.13778,1.0085,0.20639,93.384
0.166,1.0125,0.20516,93.389
0.138,1.0164,0.19888,93.394
0.14925,1.0046,0.22658,93.398
0.16532,0.99666,0.22787,93.403
0.17749,1.0006,0.22519,93.408
0.16935,0.98481,0.22799,93.413
0.16957,0.99271,0.22048,93.418
0.16591,0.97691,0.20829,93.423
0.15719,0.97691,0.23059,93.428
0.16144,0.97297,0.2232,93.433
0.14916,0.97297,0.22979,93.438
0.14974,0.96902,0.21052,93.442
0.14962,0.96507,0.21428,93.447
0.14124,0.96902,0.22515,93.452
0.14916,0.96112,0.22955,93.457
0.14516,0.94927,0.22895,93.462
0.14928,0.96507,0.22579,93.467
0.14916,0.96902,0.22971,93.472
0.14962,0.96507,0.21428,93.477
0.16155,0.96902,0.21928,93.481
0.1821,0.96902,0.20574,93.486
0.16557,0.96507,0.21956,93.491
0.16592,0.96507,0.20806,93.496
0.15766,0.95717,0.21485,93.501
0.16121,0.96507,0.23071,93.506
0.17384,0.96507,0.21261,93.511
0.17005,0.96112,0.2045,93.516
0.16983,0.95322,0.21202,93.521
0.17822,0.93347,0.20084,93.525
0.18119,0.94137,0.23588,93.53
0.17339,0.93742,0.22741,93.535
0.16569,0.95717,0.21557,93.54
0.17327,0.95717,0.23164,93.545
0.18554,0.96112,0.22513,93.55
0.18164,0.96112,0.22093,93.555
0.19001,0.96902,0.2103,93.56
0.20218,0.96507,0.20747,93.564
0.19082,0.96507,0.18337,93.569
0.19036,0.96112,0.19864,93.574
0.19875,0.94532,0.18754,93.579
0.23058,0.87424,0.20052,93.584
0.20955,0.91373,0.23019,93.589
0.17717,0.95322,0.23576,93.594
0.18979,0.96112,0.21782,93.599
0.1977,0.96902,0.22253,93.604
0.21399,0.97691,0.21647,93.608
0.21446,0.96902,0.20096,93.613
0.2101,0.95322,0.2118,93.618
0.20563,0.94137,0.22654,93.623
0.20976,0.95322,0.2233,93.628
0.21435,0.95717,0.20456,93.633
0.21435,0.96112,0.20464,93.638
0.20229,0.96902,0.20371,93.643
0.20195,0.96902,0.21522,93.647
0.20597,0.96112,0.21543,93.652
0.20585,0.96112,0.21926,93.657
0.20139,0.93347,0.2337,93.662
0.19289,0.94532,0.24856,93.667
0.18888,0.94137,0.24811,93.672
0.18073,0.94137,0.25123,93.677
0.18142,0.93742,0.22813,93.682
0.18522,0.92953,0.23601,93.687
0.18464,0.92558,0.25511,93.691
0.17304,0.94927,0.23915,93.696
0.16477,0.95717,0.24626,93.701
0.15226,0.95717,0.26052,93.706
0.1565,0.96507,0.25337,93.711
0.15283,0.96902,0.24158,93.716
0.1689,0.96507,0.24294,93.721
0.16063,0.96902,0.24997,93.726
0.16064,0.96112,0.24981,93.73
0.1689,0.95717,0.24279,93.735
0.16087,0.96507,0.24222,93.74
0.16442,0.97297,0.25809,93.745
0.13986,0.97691,0.27134,93.75
0.14778,0.96112,0.27558,93.755
0.12747,0.96112,0.28145,93.76
0.10326,0.96112,0.28312,93.765
0.11957,0.93347,0.27634,93.77
0.11201,0.91768,0.25996,93.774
0.11167,0.90978,0.27131,93.779
0.1111,0.89003,0.29009,93.784
0.13487,0.87029,0.30338,93.789
0.10182,0.85844,0.33094,93.794
0.11433,0.85844,0.31668,93.799
0.1226,0.85844,0.30973,93.804
0.098264,0.86634,0.31539,93.809
0.10619,0.84659,0.31956,93.813
0.093571,0.84264,0.33758,93.818
0.081973,0.85844,0.32146,93.823
0.060957,0.88214,0.35082,93.828
0.065422,0.90188,0.33623,93.833
0.061399,0.91373,0.3361,93.838
0.077915,0.92953,0.32252,93.843
0.098099,0.94927,0.32088,93.848
0.12805,0.96507,0.26235,93.853
0.16545,0.97691,0.22364,93.857
0.1986,1.0125,0.19271,93.862
0.23208,1.0638,0.15059,93.867
0.24904,1.0954,0.12198,93.872
0.26521,1.1151,0.11998,93.877
0.30911,1.1941,0.1332,93.882
0.38561,1.2652,0.13382,93.887
0.43837,1.3126,0.12028,93.892
0.45705,1.3442,0.16875,93.896
0.44454,1.3402,0.18294,93.901
0.4167,1.281,0.17155,93.906
0.38509,1.1744,0.15119,93.911
0.35705,1.0441,0.14606,93.916
0.30488,0.97297,0.13994,93.921
0.26385,0.89398,0.16544,93.926
0.22301,0.86634,0.18429,93.931
0.19469,0.8229,0.18857,93.936
0.17153,0.79526,0.15516,93.94
0.14814,0.77156,0.1295,93.945
0.15195,0.73602,0.13682,93.95
0.15619,0.73602,0.12951,93.955
0.17937,0.73207,0.16229,93.96
0.19591,0.71627,0.14808,93.965
0.21149,0.74787,0.1655,93.97
0.26826,0.80315,0.15248,93.975
0.32466,0.90188,0.15184,93.979
0.34803,0.96507,0.17829,93.984
0.35204,0.97297,0.1788,93.989
0.3812,0.95717,0.14649,93.994
0.4093,0.98086,0.1495,93.999
0.42617,0.99271,0.12432,94.004
0.43041,0.99271,0.11701,94.009
0.43478,0.98876,0.10579,94.014
0.41067,1.0085,0.10401,94.019
0.37499,0.99666,0.085177,94.023
0.32725,1.0085,0.06573,94.028
0.28364,1.0085,0.042573,94.033
0.23958,1.0085,0.03476,94.038
0.20756,1.0125,0.028111,94.043
0.19173,1.0046,0.018835,94.048
0.18784,0.99271,0.014401,94.053
0.17946,0.99271,0.025187,94.058
0.17912,0.97691,0.036381,94.062
0.1789,0.96902,0.043896,94.067
0.19555,0.95322,0.025845,94.072
0.21482,0.96112,0.054664,94.077
0.21896,0.94927,0.050953,94.082
0.2271,0.96112,0.048076,94.087
0.23524,0.96507,0.045041,94.092
0.24682,0.98086,0.061786,94.097
0.24693,0.99666,0.058265,94.102
0.21571,1.0046,0.02484,94.106
0.19907,1.0006,0.042497,94.111
0.21871,0.98086,0.059256,94.116
0.21802,0.97297,0.082116,94.121
0.21366,0.97297,0.093263,94.126
0.19417,0.95322,0.071881,94.131
0.178,0.93742,0.073956,94.136
0.16892,0.94532,0.10792,94.141
0.13715,0.92163,0.093044,94.146
0.11685,0.90188,0.098516,94.15
0.13257,0.90978,0.11163,94.155
0.12441,0.91768,0.1149,94.16
0.13315,0.89793,0.09221,94.165
0.10951,0.89793,0.074696,94.17
0.10962,0.90978,0.071096,94.175
0.11352,0.91768,0.075451,94.18
0.11717,0.94532,0.087873,94.185
0.10971,0.94532,0.067969,94.189
0.10582,0.94137,0.063692,94.194
0.097768,0.96507,0.063442,94.199
0.1011,0.96112,0.086742,94.204
0.10442,0.95717,0.11004,94.209
0.10007,0.95322,0.12111,94.214
0.084695,0.94532,0.09649,94.219
0.080329,0.95322,0.1078,94.224
0.080679,0.94532,0.096129,94.229
0.056123,0.94137,0.10923,94.233
0.060027,0.93742,0.11335,94.238
0.056013,0.93347,0.11291,94.243
0.063698,0.93742,0.12522,94.248
0.076315,0.94927,0.10736,94.253
0.092608,0.95322,0.10121,94.258
0.11304,0.93742,0.09119,94.263
0.09308,0.93347,0.085468,94.268
0.10937,0.93742,0.07932,94.272
0.12979,0.94927,0.069855,94.277
0.10558,0.95322,0.071601,94.282
0.098248,0.93347,0.047466,94.287
0.074265,0.93347,0.041461,94.292
0.073694,0.92558,0.060485,94.297
0.041557,0.93742,0.05783,94.302
0.0334,0.95322,0.061258,94.307
0.017215,0.96112,0.063806,94.312
-0.0073599,0.98876,0.077534,94.316
-0.027688,1.0164,0.083951,94.321
-0.047429,1.0243,0.070792,94.326
-0.051438,1.0125,0.070194,94.331
-0.06372,1.0164,0.076861,94.336
-0.079432,1.0046,0.06367,94.341
-0.07932,1.0085,0.059913,94.346
-0.078636,1.0204,0.037131,94.351
-0.078874,1.0322,0.04504,94.355
-0.10771,1.0835,0.066552,94.36
-0.11378,1.0756,0.00045389,94.365
-0.13087,1.0598,0.03322,94.37
-0.13144,1.0559,0.052323,94.375
-0.12823,1.0519,0.079459,94.38
-0.089558,1.0401,0.13271,94.385
-0.070512,1.0401,0.16904,94.39
-0.046182,1.0362,0.16346,94.395
-0.0094812,1.0717,0.14824,94.399
-0.0088048,1.0954,0.1257,94.404
-0.02871,1.1862,0.11803,94.409
-0.040147,1.3165,0.096526,94.414
-0.063014,1.3758,0.053339,94.419
-0.032965,1.4113,-0.0086392,94.424
0.015686,1.4192,-0.019489,94.429
0.053085,1.4429,-0.057963,94.434
0.12643,1.4232,-0.086377,94.438
0.1673,1.3955,-0.10633,94.443
0.2194,1.3797,-0.098112,94.448
0.28711,1.3718,-0.072943,94.453
0.2957,1.3995,-0.09085,94.458
0.31395,1.3955,-0.16237,94.463
0.33213,1.3244,-0.2314,94.468
0.34571,1.2692,-0.28129,94.473
0.37263,1.1783,-0.373,94.478
0.42284,1.0717,-0.43601,94.482
0.49516,1.0204,-0.43053,94.487
0.59468,0.98086,-0.39159,94.492
0.65157,0.99666,-0.2746,94.497
0.7032,0.98876,-0.11624,94.502
0.72834,0.96902,-0.014362,94.507
0.78112,0.95717,0.10555,94.512
0.84321,0.92163,0.18352,94.517
0.92907,0.87819,0.275,94.521
0.96269,0.85449,0.36218,94.526
1.0134,0.7992,0.41565,94.531
1.0479,0.74392,0.47534,94.536
1.0473,0.70443,0.49374,94.541
1.0428,0.62544,0.51098,94.546
1.0216,0.53461,0.54573,94.551
0.98138,0.47143,0.54469,94.556
0.89467,0.41219,0.48185,94.561
0.75566,0.49117,0.41706,94.565
0.59264,0.62544,0.34737,94.57
0.47809,0.68073,0.27278,94.575
0.35933,0.68863,0.20455,94.58
0.24299,0.64914,0.18944,94.585
0.1387,0.61754,0.17558,94.59
0.044738,0.582,0.22026,94.595
-0.049466,0.56226,0.27293,94.6
-0.13393,0.56621,0.26926,94.604
-0.19945,0.582,0.17136,94.609
-0.31561,0.63334,0.15039,94.614
-0.45771,0.71627,0.054633,94.619
-0.5282,0.78341,-0.011916,94.624
-0.51572,0.8229,-0.025389,94.629
-0.44437,0.87029,0.012753,94.634
-0.32484,0.92953,0.055469,94.639
-0.1921,0.97691,0.06067,94.644
-0.082763,1.0125,0.040448,94.648
-0.01011,0.98876,0.034973,94.653
0.066265,0.87819,0.039636,94.658
0.1351,0.71232,0.027127,94.663
0.1906,0.58595,0.056521,94.668
0.18984,0.50302,0.081721,94.673
0.19001,0.41614,0.076152,94.678
0.17798,0.38455,0.074437,94.683
0.15392,0.32531,0.071087,94.688
0.13044,0.25422,0.048319,94.692
0.1103,0.15155,0.0483,94.697
0.090629,0.04887,0.032935,94.702
0.042486,-0.03801,0.026865,94.707
0.038639,-0.12884,0.020855,94.712
0.030996,-0.20387,0.0071268,94.717
0.052133,-0.23547,-0.026223,94.722
0.067639,-0.26311,-0.0061468,94.727
0.092535,-0.27101,0.10364,94.731
0.11571,-0.29075,0.27074,94.736
0.13967,-0.27496,0.41169,94.741
0.13942,-0.23547,0.42015,94.746
0.11748,-0.18808,0.34604,94.751
0.064094,-0.10909,0.11201,94.756
0.022548,-0.065654,-0.11396,94.761
-0.017051,-0.026163,-0.2706,94.766
-0.022801,0.00543,-0.34742,94.771
-0.0016839,0.00543,-0.38014,94.775
0.0059025,-0.018265,-0.36455,94.78
0.042284,-0.026163,-0.36912,94.785
0.063622,-0.010366,-0.4092,94.79
0.14682,-0.0024682,-0.49772,94.795
0.22921,0.0093792,-0.55931,94.8
0.32957,0.084413,-0.54878,94.805
0.41307,0.1476,-0.51307,94.81
0.50069,0.22658,-0.48053,94.814
0.52442,0.27397,-0.4659,94.819
0.60285,0.35295,-0.39572,94.824
0.6658,0.43194,-0.34616,94.829
0.70053,0.49117,-0.29569,94.834
0.77567,0.52671,-0.24975,94.839
0.8142,0.55831,-0.19179,94.844
0.79939,0.56621,-0.10065,94.849
0.75396,0.53066,-0.063136,94.854
0.68238,0.48722,-0.093527,94.858
0.63272,0.45563,-0.18325,94.863
0.60325,0.44773,-0.27454,94.868
0.57328,0.47933,-0.34969,94.873
0.61595,0.53066,-0.42945,94.878
0.71103,0.6136,-0.51155,94.883
0.78055,0.65309,-0.54682,94.888
0.90649,0.76366,-0.58328,94.893
1.0266,0.89398,-0.55833,94.897
1.1388,1.0243,-0.54177,94.902
1.2715,1.1665,-0.53468,94.907
1.393,1.3284,-0.55897,94.912
1.51,1.5416,-0.56342,94.917
1.6349,1.7351,-0.56753,94.922
1.8202,2.0116,-0.56841,94.927
2.0472,2.7501,-0.21394,94.932
2.3232,3.607,0.25117,94.937
2.5679,3.9822,0.14607,94.941
2.5919,4.4206,0.018517,94.946
2.5958,4.9418,0.15624,94.951
2.7236,5.1472,0.32571,94.956
2.7024,5.005,0.36327,94.961
2.4126,4.3416,0.35854,94.966
1.776,3.2793,0.5031,94.971
1.0735,2.4657,0.56209,94.976
0.50689,2.0116,0.38661,94.98
0.1268,1.7233,0.16969,94.985
0.0066599,1.5416,0.01292,94.99
0.14563,1.5416,-0.055353,94.995
0.40699,1.6127,-0.041948,95
0.62372,1.6759,-0.017333,95.005
0.72306,1.7272,0.027255,95.01
0.73873,1.8181,0.042021,95.015
0.73063,1.9208,0.043346,95.02
0.75032,1.9918,0.058081,95.024
0.74216,2.0195,0.061745,95.029
0.73214,2.0708,0.12726,95.034
0.71159,2.0787,0.14096,95.039
0.68043,2.0076,0.10596,95.044
0.62384,1.8378,0.11286,95.049
0.48545,1.6325,0.16169,95.054
0.30677,1.4587,0.21137,95.059
0.1626,1.3323,0.18433,95.063
0.027031,1.2297,0.1393,95.068
-0.020311,1.1507,0.10653,95.073
-0.020713,1.0519,0.11991,95.078
-0.012844,0.94137,0.1261,95.083
-0.042604,0.8071,0.17844,95.088
-0.097639,0.71627,0.26783,95.093
-0.14709,0.70048,0.30538,95.098
-0.19254,0.70048,0.3436,95.103
-0.1634,0.71627,0.31192,95.107
-0.1362,0.73997,0.21098,95.112
-0.12185,0.73602,0.13526,95.117
-0.077663,0.72022,0.13892,95.122
-0.0025114,0.73207,0.18439,95.127
0.056594,0.71232,0.22778,95.132
0.056826,0.70837,0.22003,95.137
0.046055,0.68863,0.17635,95.142
-0.0058955,0.63729,0.16296,95.146
-0.05736,0.54251,0.13335,95.151
-0.064183,0.44378,0.092294,95.156
-0.065641,0.3806,0.14091,95.161
-0.074702,0.36875,0.17447,95.166
-0.064051,0.39639,0.22214,95.171
-0.035265,0.42799,0.20229,95.176
-0.018282,0.43194,0.17312,95.181
0.022896,0.46748,0.14292,95.186
0.14414,0.35295,0.12846,95.19
0.19358,0.18314,0.22568,95.195
0.15486,0.05282,0.30806,95.2
0.13069,-0.018265,0.30831,95.205
0.13267,-0.049858,0.24246,95.21
0.083781,-0.026163,0.12699,95.215
0.01548,0.033074,-0.012611,95.22
-0.022198,0.11206,-0.099049,95.225
-0.032772,0.1476,-0.1493,95.229
-0.016702,0.1397,-0.14801,95.234
0.061007,0.10811,-0.18781,95.239
0.14642,0.04887,-0.21592,95.244
0.23713,-0.030112,-0.28627,95.249
0.309,-0.073552,-0.39992,95.254
0.35298,-0.12884,-0.38937,95.259
0.36413,-0.18018,-0.22399,95.264
0.37433,-0.19598,-0.027208,95.269
0.33451,-0.20387,0.092143,95.273
0.35746,-0.21967,0.13236,95.278
0.40039,-0.22362,0.043824,95.283
0.47739,-0.18413,-0.2408,95.288
0.53866,-0.13279,-0.53815,95.293
0.56485,-0.13674,-0.73974,95.298
0.53377,-0.16438,-0.77771,95.303
0.48038,-0.3105,-0.74313,95.308
0.44034,-0.53165,-0.61652,95.312
0.41647,-0.73701,-0.49199,95.317
0.46292,-0.90682,-0.42966,95.322
0.64164,-0.97395,-0.48031,95.327
0.89902,-0.94631,-0.60277,95.332
1.0987,-0.94236,-0.68088,95.337
1.2094,-0.97395,-0.61385,95.342
1.1934,-1.0529,-0.34761,95.347
1.0718,-1.1161,-0.18671,95.352
0.8683,-1.0608,-0.25008,95.356
0.60157,-0.95816,-0.35281,95.361
0.37098,-0.85943,-0.45237,95.366
0.3056,-0.70936,-0.55527,95.371
0.25841,-0.64223,-0.59279,95.376
0.33095,-0.48031,-0.59457,95.381
0.52247,-0.2947,-0.53515,95.386
0.76884,0.056769,-0.29054,95.391
0.93779,0.38455,-0.28416,95.396
0.95327,0.25422,-0.66619,95.4
0.87938,0.068616,-0.75349,95.405
0.84822,-0.053807,-0.52025,95.41
0.81106,-0.12884,-0.22121,95.415
0.78787,-0.15648,0.014647,95.42
0.76389,-0.17623,0.14288,95.425
0.73532,-0.18018,0.15562,95.43
0.71432,-0.16833,0.050103,95.435
0.68485,-0.17228,-0.17573,95.439
0.65342,-0.16833,-0.3362,95.444
0.63981,-0.19598,-0.68802,95.449
0.64378,-0.26706,-0.95451,95.454
0.6458,-0.38158,-1.022,95.459
0.57052,-0.57114,-0.92872,95.464
0.48342,-0.80019,-0.71034,95.469
0.47021,-0.98185,-0.53821,95.474
0.56608,-1.0806,-0.51232,95.479
0.69098,-1.1477,-0.6486,95.483
0.79827,-1.1043,-0.86887,95.488
0.93903,-1.0055,-1.1312,95.493
1.0736,-0.85548,-1.32,95.498
1.2604,-0.68172,-1.3728,95.503
1.4175,-0.51191,-1.2398,95.508
1.5153,-0.42897,-1.1447,95.513
1.667,-0.2947,-0.96683,95.518
1.8081,-0.18808,-0.8366,95.522
1.8181,-0.081451,-0.76817,95.527
1.6856,-0.0064173,-0.7786,95.532
1.4355,0.084413,-0.76467,95.537
1.1646,0.15945,-0.72985,95.542
0.97741,0.18314,-0.66544,95.547
0.93602,0.1239,-0.62804,95.552
0.97669,0.021227,-0.50719,95.557
1.082,-0.15648,-0.39355,95.562
1.2007,-0.36974,-0.45638,95.566
1.2113,-0.56324,-0.67471,95.571
1.1178,-0.69357,-0.91653,95.576
1.084,-0.70936,-0.99682,95.581
1.0069,-0.71726,-1.1116,95.586
0.98259,-0.73701,-1.1065,95.591
1.0101,-0.72121,-1.0845,95.596
1.0671,-0.69751,-1.1058,95.601
1.1556,-0.67777,-1.1013,95.605
1.2075,-0.69357,-1.0854,95.61
1.2269,-0.69357,-1.0606,95.615
1.234,-0.65802,-1.0285,95.62
1.194,-0.53955,-1.0374,95.625
1.1031,-0.44082,-1.0974,95.63
0.94258,-0.40923,-1.1151,95.635
0.6609,-0.46452,-1.1223,95.64
0.31957,-0.55929,-1.1549,95.645
0.19018,-0.65012,-1.1376,95.649
0.37129,-0.91472,-0.99968,95.654
0.88045,-0.94236,-0.92363,95.659
1.3544,-0.85943,-0.88316,95.664
1.8078,-0.7765,-0.82532,95.669
1.7885,-0.70146,-0.85248,95.674
1.9769,-0.59089,-1.0949,95.679
2.1108,-0.46452,-1.5304,95.684
2.1033,-0.3263,-1.9514,95.688
2.0051,-0.21572,-2.3004,95.693
1.8569,-0.23547,-2.3295,95.698
1.6363,-0.28681,-1.9542,95.703
1.3834,-0.38948,-1.0443,95.708
1.0638,-0.45267,-0.18955,95.713
0.90371,-0.44477,0.046233,95.718
0.71344,-0.41318,-0.054886,95.723
0.59409,-0.35394,-0.37218,95.728
0.5678,-0.27496,-0.70378,95.732
0.62216,-0.19203,-0.90495,95.737
0.73777,-0.077502,-0.99996,95.742
0.86967,0.021227,-0.96688,95.747
0.95536,0.056769,-0.86998,95.752
1.0164,0.05282,-0.75686,95.757
1.0172,0.037023,-0.6494,95.762
0.98693,-0.010366,-0.57998,95.767
0.90052,-0.018265,-0.51868,95.771
0.82431,-0.0064173,-0.39451,95.776
0.77954,0.00543,-0.24444,95.781
0.75911,-0.010366,-0.10042,95.786
0.69737,-0.018265,-0.056127,95.791
0.62268,-0.041959,0.017456,95.796
0.54603,-0.065654,0.021625,95.801
0.44876,-0.13279,0.042301,95.806
0.34334,-0.18808,0.066327,95.811
0.25823,-0.25916,0.084172,95.815
0.16694,-0.33419,0.039835,95.82
0.073586,-0.41318,-0.07016,95.825
0.017533,-0.49216,-0.21526,95.83
-0.0067528,-0.5435,-0.34542,95.835
0.028168,-0.59089,-0.43554,95.84
0.095989,-0.59879,-0.41421,95.845
0.22449,-0.56324,-0.40193,95.85
0.35264,-0.5277,-0.37815,95.854
0.40484,-0.50796,-0.37306,95.859
0.52977,-0.44872,-0.37601,95.864
0.6071,-0.40923,-0.40289,95.869
0.70781,-0.34209,-0.40402,95.874
0.80933,-0.28681,-0.43224,95.879
0.89213,-0.18808,-0.50744,95.884
0.95394,-0.11304,-0.55423,95.889
1.0193,-0.053807,-0.58563,95.894
1.1188,-0.057756,-0.68061,95.898
1.2461,-0.14069,-0.76313,95.903
1.3678,-0.25916,-0.79302,95.908
1.4287,-0.35394,-0.80867,95.913
1.3847,-0.42897,-0.81798,95.918
1.2476,-0.48426,-0.81219,95.923
1.1635,-0.5277,-0.82832,95.928
1.0059,-0.57509,-0.80883,95.933
0.85936,-0.61063,-0.75734,95.938
0.77617,-0.64223,-0.66929,95.942
0.78615,-0.64618,-0.59923,95.947
0.8084,-0.63433,-0.53544,95.952
0.83251,-0.65012,-0.53359,95.957
0.85626,-0.65407,-0.51999,95.962
0.824,-0.63038,-0.51857,95.967
0.8155,-0.61063,-0.50356,95.972
0.79826,-0.57904,-0.46601,95.977
0.77217,-0.50796,-0.40154,95.981
0.75067,-0.45267,-0.35621,95.986
0.7403,-0.39738,-0.27911,95.991
0.7318,-0.36974,-0.26393,95.996
0.715,-0.30655,-0.2411,96.001
0.71531,-0.24731,-0.25143,96.006
0.70071,-0.19598,-0.30172,96.011
0.69461,-0.15253,-0.3668,96.016
0.68025,-0.12489,-0.42523,96.021
0.67589,-0.11304,-0.41385,96.025
0.67531,-0.11304,-0.39467,96.03
0.67049,-0.11304,-0.36818,96.035
0.69815,-0.12489,-0.35054,96.04
0.71079,-0.14464,-0.36903,96.045
0.72355,-0.18018,-0.39167,96.05
0.74834,-0.19598,-0.41283,96.055
0.76098,-0.21177,-0.43125,96.06
0.76477,-0.21967,-0.42337,96.064
0.77706,-0.23547,-0.43027,96.069
0.78154,-0.25126,-0.44557,96.074
0.79372,-0.26706,-0.44864,96.079
0.80176,-0.28681,-0.44831,96.084
0.81818,-0.3026,-0.45869,96.089
0.82234,-0.34209,-0.46295,96.094
0.82623,-0.33814,-0.45867,96.099
0.84185,-0.35789,-0.44228,96.104
0.85001,-0.36974,-0.44563,96.108
0.86253,-0.39738,-0.46044,96.113
0.86689,-0.39738,-0.47159,96.118
0.87539,-0.40528,-0.48637,96.123
0.87573,-0.40133,-0.4978,96.128
0.86782,-0.40133,-0.50236,96.133
0.86805,-0.40133,-0.51003,96.138
0.86391,-0.38553,-0.50624,96.143
0.85219,-0.37369,-0.5186,96.147
0.86366,-0.35789,-0.49801,96.152
0.85527,-0.34604,-0.48699,96.157
0.85457,-0.32235,-0.4635,96.162
0.85444,-0.30655,-0.45935,96.167
0.87348,-0.2947,-0.42278,96.172
0.87291,-0.2947,-0.4036,96.177
0.84892,-0.28286,-0.40937,96.182
0.84008,-0.28286,-0.38324,96.187
0.83182,-0.2947,-0.37652,96.191
0.84364,-0.28681,-0.36761,96.196
0.83962,-0.28681,-0.36797,96.201
0.83905,-0.2947,-0.34895,96.206
0.83068,-0.31445,-0.33855,96.211
0.82253,-0.3105,-0.33536,96.216
0.82243,-0.3263,-0.33184,96.221
0.81039,-0.33419,-0.33308,96.226
0.81016,-0.33814,-0.32549,96.23
0.79386,-0.34209,-0.31934,96.235
0.80626,-0.34604,-0.32984,96.24
0.80522,-0.33419,-0.29508,96.245
0.80558,-0.35394,-0.30698,96.25
0.8019,-0.34999,-0.31877,96.255
0.82622,-0.33814,-0.32404,96.26
0.82657,-0.34209,-0.33563,96.265
0.8152,-0.3263,-0.35942,96.27
0.81486,-0.33419,-0.34807,96.274
0.8268,-0.34209,-0.3433,96.279
0.82761,-0.34999,-0.37031,96.284
0.83919,-0.34209,-0.35373,96.289
0.83495,-0.34209,-0.34642,96.294
0.83483,-0.33419,-0.34242,96.299
0.83495,-0.34604,-0.34649,96.304
0.84276,-0.35394,-0.33826,96.309
0.8268,-0.33419,-0.34314,96.313
0.85147,-0.33814,-0.36024,96.318
0.84746,-0.34209,-0.36068,96.323
0.84366,-0.33025,-0.36847,96.328
0.8517,-0.33814,-0.36791,96.333
0.82289,-0.33025,-0.34726,96.338
0.81452,-0.33419,-0.33656,96.343
0.83827,-0.34209,-0.32304,96.348
0.826,-0.35394,-0.31668,96.353
0.8299,-0.34604,-0.31233,96.357
0.81774,-0.35394,-0.30973,96.362
0.80959,-0.35789,-0.3067,96.367
0.82979,-0.35394,-0.30865,96.372
0.81774,-0.35394,-0.30973,96.377
0.81762,-0.34604,-0.30574,96.382
0.81682,-0.35394,-0.27904,96.387
0.82153,-0.35394,-0.3017,96.392
0.82175,-0.34604,-0.30922,96.396
0.82152,-0.33814,-0.30139,96.401
0.82575,-0.32235,-0.30838,96.406
0.82357,-0.31445,-0.36997,96.411
0.82208,-0.31445,-0.32009,96.416
0.83,-0.3184,-0.31561,96.421
0.82586,-0.31445,-0.31206,96.426
0.84204,-0.31445,-0.31445,96.431
0.83425,-0.32235,-0.323,96.436
0.84229,-0.33814,-0.3226,96.44
0.83471,-0.32235,-0.33835,96.445
0.85055,-0.34209,-0.32962,96.45
0.84722,-0.3263,-0.35269,96.455
0.85492,-0.34604,-0.34085,96.46
0.85847,-0.34604,-0.32514,96.465
0.85904,-0.33814,-0.34417,96.47
0.84746,-0.34604,-0.36076,96.475
0.85928,-0.34209,-0.35192,96.479
0.85504,-0.35394,-0.34484,96.484
0.84688,-0.33419,-0.34134,96.489
0.85124,-0.33814,-0.35256,96.494
0.83942,-0.34209,-0.3614,96.499
0.8431,-0.34209,-0.34953,96.504
0.83104,-0.33814,-0.35053,96.509
0.82703,-0.33419,-0.35082,96.514
0.84309,-0.33814,-0.34945,96.519
0.83483,-0.33419,-0.34242,96.523
0.82646,-0.35789,-0.33211,96.528
0.83461,-0.34604,-0.33499,96.533
0.83885,-0.34209,-0.34222,96.538
0.84665,-0.34604,-0.3339,96.543
0.84252,-0.34209,-0.33035,96.548
0.84263,-0.33814,-0.33411,96.553
0.83918,-0.3263,-0.35341,96.558
0.85078,-0.33419,-0.33714,96.562
0.84745,-0.33419,-0.36052,96.567
0.86363,-0.33419,-0.36291,96.572
0.83953,-0.33025,-0.365,96.577
0.84355,-0.33814,-0.3648,96.582
0.83908,-0.33814,-0.34981,96.587
0.83506,-0.33419,-0.35009,96.592
0.82692,-0.34209,-0.34714,96.597
0.83059,-0.34604,-0.33535,96.602
0.83046,-0.33025,-0.3312,96.606
0.82668,-0.33814,-0.33939,96.611
0.81854,-0.34209,-0.33635,96.616
0.82244,-0.34604,-0.33223,96.621
0.84711,-0.34604,-0.34925,96.626
0.85079,-0.35789,-0.33761,96.631
0.84322,-0.34999,-0.35352,96.636
0.8555,-0.36184,-0.36035,96.641
0.85871,-0.34999,-0.3329,96.646
0.8478,-0.34209,-0.37219,96.65
0.84402,-0.34999,-0.38038,96.655
0.85205,-0.34999,-0.37965,96.66
0.85148,-0.34604,-0.36039,96.665
0.84377,-0.32235,-0.37215,96.67
0.82737,-0.33814,-0.36241,96.675
0.83553,-0.35394,-0.36583,96.68
0.84011,-0.33419,-0.38426,96.685
0.83587,-0.33814,-0.37703,96.689
0.83908,-0.33814,-0.34981,96.694
0.83919,-0.33814,-0.35365,96.699
0.84734,-0.34209,-0.35684,96.704
0.84758,-0.35394,-0.36475,96.709
0.83989,-0.35394,-0.37698,96.714
0.84379,-0.34999,-0.3727,96.719
0.84792,-0.34999,-0.37618,96.724
0.84816,-0.36579,-0.38417,96.729
0.84794,-0.38158,-0.37681,96.733
0.83978,-0.35789,-0.37322,96.738
0.84333,-0.35394,-0.35744,96.743
0.82325,-0.35789,-0.35932,96.748
0.82325,-0.35789,-0.35932,96.753
0.83117,-0.34999,-0.35461,96.758
0.82302,-0.34999,-0.35149,96.763
0.8307,-0.34209,-0.3391,96.768
0.81842,-0.34604,-0.3326,96.772
0.82657,-0.33814,-0.33555,96.777
0.83862,-0.34999,-0.3347,96.782
0.82669,-0.34604,-0.33954,96.787
0.84264,-0.34999,-0.33434,96.792
0.82634,-0.34999,-0.32811,96.797
0.81453,-0.34999,-0.33687,96.802
0.82692,-0.34209,-0.34714,96.807
0.84332,-0.33419,-0.35704,96.812
0.8392,-0.34604,-0.35381,96.816
0.84321,-0.33419,-0.35321,96.821
0.84688,-0.34209,-0.3415,96.826
0.82599,-0.33814,-0.31637,96.831
0.84344,-0.33419,-0.36088,96.836
0.83185,-0.33419,-0.37731,96.841
0.83231,-0.33419,-0.39266,96.846
0.85216,-0.33419,-0.38318,96.851
0.84355,-0.33025,-0.36464,96.855
0.83139,-0.34604,-0.3622,96.86
0.84711,-0.33814,-0.34909,96.865
0.85479,-0.33419,-0.33678,96.87
0.83437,-0.33814,-0.32716,96.875
0.83861,-0.33419,-0.33439,96.88
0.83873,-0.33814,-0.3383,96.885
0.8424,-0.33814,-0.32643,96.89
0.85067,-0.33814,-0.33338,96.895
0.85055,-0.34209,-0.32962,96.899
0.8267,-0.36184,-0.33986,96.904
0.83839,-0.34209,-0.32687,96.909
0.8385,-0.33025,-0.33047,96.914
0.83472,-0.34209,-0.33874,96.919
0.83024,-0.33419,-0.3236,96.924
0.83472,-0.34209,-0.33874,96.929
0.85021,-0.35394,-0.31835,96.934
0.83874,-0.35394,-0.33862,96.938
0.83863,-0.36579,-0.33502,96.943
0.83885,-0.34604,-0.3423,96.948
0.83873,-0.33814,-0.3383,96.953
0.85422,-0.33419,-0.3176,96.958
0.86306,-0.34604,-0.34396,96.963
0.85503,-0.34209,-0.34461,96.968
0.84298,-0.34209,-0.34569,96.973
0.84701,-0.36184,-0.34573,96.978
0.8516,-0.35394,-0.36439,96.982
0.83542,-0.35394,-0.362,96.987
0.84333,-0.34999,-0.35736,96.992
0.83496,-0.35394,-0.34665,96.997
0.83518,-0.34999,-0.35425,97.002
0.81854,-0.34604,-0.33643,97.007
0.83449,-0.34604,-0.33115,97.012
0.83059,-0.34604,-0.33535,97.017
0.83483,-0.34209,-0.34258,97.021
0.83885,-0.33814,-0.34214,97.026
0.84252,-0.33419,-0.33019,97.031
0.83495,-0.34209,-0.34642,97.036
0.83472,-0.34209,-0.33874,97.041
0.83896,-0.34209,-0.34605,97.046
0.83495,-0.33814,-0.34634,97.051
0.84642,-0.34604,-0.32623,97.056
0.85045,-0.35789,-0.3261,97.061
0.84644,-0.36579,-0.32662,97.065
0.84253,-0.35789,-0.33066,97.07
0.8268,-0.34999,-0.34346,97.075
0.83449,-0.35394,-0.33131,97.08
0.8143,-0.35789,-0.32936,97.085
0.82611,-0.34604,-0.32036,97.09
0.82186,-0.34209,-0.31297,97.095
0.8221,-0.34604,-0.32072,97.1
0.82989,-0.33419,-0.31209,97.104
0.83425,-0.32235,-0.323,97.109
0.82656,-0.32235,-0.33524,97.114
0.8269,-0.3184,-0.34667,97.119
0.82288,-0.3184,-0.34703,97.124
0.84698,-0.32235,-0.34494,97.129
0.84344,-0.33419,-0.36088,97.134
0.84699,-0.33814,-0.34525,97.139
0.86684,-0.33025,-0.33562,97.144
0.86317,-0.33025,-0.34749,97.148
0.87947,-0.34209,-0.35395,97.153
0.86329,-0.33419,-0.3514,97.158
0.85067,-0.34209,-0.33346,97.163
0.85503,-0.34999,-0.34477,97.168
0.85515,-0.35394,-0.34868,97.173
0.85113,-0.34209,-0.34881,97.178
0.86766,-0.35394,-0.36294,97.183
0.85951,-0.34999,-0.35975,97.188
0.85184,-0.36974,-0.37238,97.192
0.84747,-0.36184,-0.36107,97.197
0.85584,-0.35394,-0.3717,97.202
0.85159,-0.34999,-0.36431,97.207
0.85148,-0.34999,-0.36047,97.212
0.84333,-0.35394,-0.35744,97.217
0.85102,-0.35789,-0.34529,97.222
0.85137,-0.35394,-0.35672,97.227
0.84723,-0.34999,-0.35316,97.231
0.83909,-0.35394,-0.35013,97.236
0.84712,-0.34999,-0.34933,97.241
0.8431,-0.35394,-0.34977,97.246
0.83885,-0.34999,-0.34238,97.251
0.84276,-0.34999,-0.33818,97.256
0.83885,-0.34999,-0.34238,97.261
0.83931,-0.34209,-0.35756,97.266
0.84631,-0.34999,-0.32247,97.271
0.83426,-0.34999,-0.32356,97.275
0.83001,-0.33814,-0.31601,97.28
0.83035,-0.33814,-0.32752,97.285
0.83885,-0.34999,-0.34238,97.29
0.83059,-0.35394,-0.3355,97.295
0.83414,-0.34209,-0.31956,97.3
0.82967,-0.34209,-0.30458,97.305
0.83875,-0.36579,-0.33885,97.31
0.85057,-0.36579,-0.3301,97.314
0.84241,-0.35394,-0.32675,97.319
0.85446,-0.34999,-0.32558,97.324
0.86261,-0.35789,-0.32886,97.329
0.85457,-0.34209,-0.32926,97.334
0.84688,-0.34209,-0.3415,97.339
0.85102,-0.34999,-0.34513,97.344
0.8556,-0.33814,-0.36371,97.349
0.84344,-0.33419,-0.36088,97.354
0.84275,-0.33814,-0.33794,97.358
0.83839,-0.34209,-0.32687,97.363
0.84688,-0.33419,-0.34134,97.368
0.84264,-0.34209,-0.33418,97.373
0.83839,-0.33814,-0.32679,97.378
0.83884,-0.33419,-0.34206,97.383
0.83449,-0.34209,-0.33107,97.388
0.82657,-0.33419,-0.33547,97.393
0.82266,-0.33025,-0.33959,97.397
0.84286,-0.33419,-0.3417,97.402
0.82668,-0.33025,-0.33923,97.407
0.83012,-0.33419,-0.31977,97.412
0.83827,-0.33025,-0.3228,97.417
0.83001,-0.33419,-0.31593,97.422
0.82633,-0.3184,-0.32748,97.427
0.83011,-0.31445,-0.31937,97.432
0.81772,-0.32235,-0.3091,97.437
0.82196,-0.3105,-0.31618,97.441
0.81462,-0.31445,-0.34,97.446
0.81002,-0.30655,-0.32102,97.451
0.82265,-0.30655,-0.33912,97.456
0.81508,-0.3105,-0.35527,97.461
0.81497,-0.31445,-0.35151,97.466
0.82288,-0.30655,-0.34679,97.471
0.83114,-0.29865,-0.35358,97.476
0.83127,-0.32235,-0.35789,97.48
0.83137,-0.30655,-0.36141,97.485
0.83539,-0.3184,-0.36129,97.49
0.85168,-0.3026,-0.3672,97.495
0.85181,-0.32235,-0.37143,97.5
0.85594,-0.32235,-0.37491,97.505
0.85571,-0.3263,-0.36731,97.51
0.8393,-0.33025,-0.35733,97.515
0.85939,-0.33419,-0.3556,97.52
0.85147,-0.33419,-0.36016,97.524
0.85561,-0.34604,-0.36387,97.529
0.86307,-0.34999,-0.34404,97.534
0.84724,-0.35789,-0.35332,97.539
0.83943,-0.35394,-0.36164,97.544
0.85549,-0.34604,-0.36003,97.549
0.85125,-0.34999,-0.3528,97.554
0.84699,-0.33814,-0.34525,97.559
0.83965,-0.34209,-0.36907,97.563
0.82313,-0.34604,-0.35525,97.568
0.82727,-0.35394,-0.35888,97.573
0.82737,-0.33814,-0.36241,97.578
0.83173,-0.3263,-0.37332,97.583
0.83139,-0.34209,-0.36212,97.588
0.8276,-0.33025,-0.36992,97.593
0.82783,-0.33419,-0.37767,97.598
0.83158,-0.27891,-0.36853,97.603
0.84401,-0.33814,-0.38014,97.607
0.83162,-0.34604,-0.36987,97.612
0.84356,-0.34999,-0.36503,97.617
0.83988,-0.33419,-0.37659,97.622
0.83977,-0.33419,-0.37275,97.627
0.83541,-0.34604,-0.36184,97.632
0.84333,-0.34999,-0.35736,97.637
0.83931,-0.33814,-0.35748,97.642
0.84711,-0.33814,-0.34909,97.646
0.81934,-0.33814,-0.36313,97.651
0.82313,-0.34604,-0.35525,97.656
0.81521,-0.33419,-0.35957,97.661
0.83529,-0.33025,-0.35769,97.666
0.81877,-0.35394,-0.34426,97.671
0.819,-0.34604,-0.35178,97.676
0.83104,-0.33814,-0.35053,97.681
0.83139,-0.34604,-0.3622,97.686
0.83116,-0.34604,-0.35453,97.69
0.83081,-0.33814,-0.34286,97.695
0.83918,-0.3263,-0.35341,97.7
0.83563,-0.33419,-0.36928,97.705
0.82818,-0.33419,-0.38918,97.71
0.81968,-0.3263,-0.3744,97.715
0.84779,-0.32235,-0.37179,97.72
0.82783,-0.3263,-0.37751,97.725
0.84412,-0.3184,-0.38358,97.729
0.84378,-0.3263,-0.37223,97.734
0.84378,-0.33025,-0.37231,97.739
0.83575,-0.33419,-0.37311,97.744
0.8315,-0.33025,-0.36572,97.749
0.83127,-0.32235,-0.35789,97.754
0.82381,-0.3184,-0.37772,97.759
0.83127,-0.33814,-0.35821,97.764
0.81544,-0.34209,-0.3674,97.769
0.82301,-0.33419,-0.35118,97.773
0.83908,-0.34209,-0.34989,97.778
0.82726,-0.33814,-0.35857,97.783
0.82704,-0.34999,-0.35113,97.788
0.83128,-0.34209,-0.35829,97.793
0.82312,-0.33419,-0.35502,97.798
0.84264,-0.34209,-0.33418,97.803
0.83162,-0.34604,-0.36987,97.808
0.77953,-0.34209,-0.37833,97.812
0.83954,-0.34604,-0.36531,97.817
0.84722,-0.33419,-0.35285,97.822
0.83895,-0.3263,-0.34574,97.827
0.83162,-0.33419,-0.36964,97.832
0.83104,-0.33814,-0.35053,97.837
0.83907,-0.3263,-0.34958,97.842
0.83482,-0.32235,-0.34219,97.847
0.82301,-0.33419,-0.35118,97.852
0.82726,-0.33419,-0.35849,97.856
0.83505,-0.3263,-0.34994,97.861
0.82357,-0.30655,-0.36981,97.866
0.82747,-0.31445,-0.36577,97.871
0.82736,-0.3184,-0.36201,97.876
0.83586,-0.33025,-0.37687,97.881
0.82795,-0.33814,-0.38159,97.886
0.81969,-0.34209,-0.37472,97.891
0.83918,-0.32235,-0.35333,97.896
0.84366,-0.3263,-0.3684,97.9
0.83942,-0.34209,-0.3614,97.905
0.85985,-0.34209,-0.3711,97.91
0.84334,-0.36184,-0.3576,97.915
0.83954,-0.34604,-0.36531,97.92
0.82726,-0.34209,-0.35865,97.925
0.83174,-0.34604,-0.37371,97.93
0.83598,-0.33814,-0.38086,97.935
0.83575,-0.33814,-0.37319,97.939
0.84768,-0.33025,-0.36811,97.944
0.83552,-0.33419,-0.36544,97.949
0.83138,-0.32235,-0.36173,97.954
0.83953,-0.3184,-0.36476,97.959
0.84744,-0.31445,-0.36013,97.964
0.84297,-0.3263,-0.34538,97.969
0.83941,-0.3184,-0.36093,97.974
0.83942,-0.33025,-0.36116,97.979
0.81923,-0.34209,-0.35937,97.983
0.8354,-0.3263,-0.36145,97.988
0.83495,-0.33814,-0.34634,97.993
0.8393,-0.32235,-0.35717,97.998
0.81474,-0.3263,-0.34407,98.003
0.83081,-0.33814,-0.34286,98.008
0.83507,-0.34604,-0.35033,98.013
0.82714,-0.33814,-0.35473,98.018
0.81463,-0.3263,-0.34024,98.022
0.83505,-0.32235,-0.34986,98.027
0.83907,-0.33419,-0.34973,98.032
0.84688,-0.33419,-0.34134,98.037
0.85525,-0.33025,-0.35204,98.042
0.83517,-0.33419,-0.35393,98.047
0.82324,-0.33814,-0.35893,98.052
0.823,-0.3263,-0.35102,98.057
0.82748,-0.32235,-0.36593,98.062
0.83918,-0.3184,-0.35325,98.066
0.83505,-0.3184,-0.34978,98.071
0.83907,-0.32235,-0.3495,98.076
0.82324,-0.33025,-0.35877,98.081
0.82312,-0.33419,-0.35502,98.086
0.84367,-0.34209,-0.36871,98.091
0.82784,-0.34209,-0.37783,98.096
0.82347,-0.33025,-0.36645,98.101
0.83115,-0.32235,-0.35406,98.105
0.83918,-0.3184,-0.35325,98.11
0.83127,-0.33814,-0.35821,98.115
0.82324,-0.33814,-0.35893,98.12
0.83552,-0.33025,-0.36536,98.125
0.84757,-0.34604,-0.36459,98.13
0.84356,-0.34209,-0.36487,98.135
0.83977,-0.33814,-0.37283,98.14
0.84356,-0.34604,-0.36495,98.145
0.83999,-0.33025,-0.38034,98.149
0.82771,-0.3263,-0.37368,98.154
0.83586,-0.3263,-0.37679,98.159
0.83586,-0.33419,-0.37695,98.164
0.83518,-0.33814,-0.35401,98.169
0.84688,-0.33419,-0.34134,98.174
0.83138,-0.33025,-0.36189,98.179
0.83953,-0.3263,-0.36492,98.184
0.84355,-0.3263,-0.36456,98.188
0.83115,-0.33025,-0.35421,98.193
0.83575,-0.33814,-0.37319,98.198
0.84321,-0.34604,-0.35344,98.203
0.82749,-0.34604,-0.3664,98.208
0.8354,-0.33419,-0.3616,98.213
0.81899,-0.33025,-0.35146,98.218
0.84378,-0.33419,-0.37239,98.223
0.83139,-0.33419,-0.36197,98.228
0.82323,-0.3263,-0.35869,98.232
0.83093,-0.33419,-0.34662,98.237
0.82301,-0.33419,-0.35118,98.242
0.82336,-0.34209,-0.36285,98.247
0.82726,-0.33814,-0.35857,98.252
0.84344,-0.34604,-0.36112,98.257
0.83919,-0.33025,-0.35349,98.262
0.8314,-0.34999,-0.36228,98.267
0.83494,-0.33419,-0.34626,98.271
0.85548,-0.33419,-0.3598,98.276
0.84768,-0.3263,-0.36803,98.281
0.83954,-0.33814,-0.36516,98.286
0.84768,-0.3263,-0.36803,98.291
0.83598,-0.33419,-0.38079,98.296
0.8393,-0.33419,-0.35741,98.301
0.83116,-0.33814,-0.35437,98.306
0.8354,-0.3263,-0.36145,98.311
0.83173,-0.33419,-0.37347,98.315
0.83564,-0.34209,-0.36943,98.32
0.83127,-0.33025,-0.35805,98.325
0.82736,-0.3184,-0.36201,98.33
0.83517,-0.33025,-0.35385,98.335
0.8315,-0.33814,-0.36588,98.34
0.82679,-0.3263,-0.34299,98.345
0.82278,-0.33419,-0.34351,98.35
0.83093,-0.33419,-0.34662,98.354
0.83082,-0.34209,-0.34294,98.359
0.83886,-0.35394,-0.34245,98.364
0.84287,-0.34604,-0.34194,98.369
0.83495,-0.34209,-0.34642,98.374
0.82692,-0.34999,-0.3473,98.379
0.83082,-0.34604,-0.34302,98.384
0.85101,-0.33814,-0.34489,98.389
0.83127,-0.33814,-0.35821,98.394
0.83104,-0.33419,-0.35046,98.398
0.84332,-0.3263,-0.35689,98.403
0.83575,-0.33025,-0.37303,98.408
0.83139,-0.33419,-0.36197,98.413
0.84688,-0.33814,-0.34142,98.418
0.84665,-0.34209,-0.33382,98.423
0.84309,-0.33419,-0.34937,98.428
0.83952,-0.31445,-0.36468,98.433
0.84734,-0.33814,-0.35676,98.438
0.84745,-0.33025,-0.36044,98.442
0.8517,-0.33814,-0.36791,98.447
0.84745,-0.33419,-0.36052,98.452
0.83517,-0.33025,-0.35385,98.457
0.83506,-0.33419,-0.35009,98.462
0.84699,-0.33419,-0.34517,98.467
0.8346,-0.33814,-0.33483,98.472
0.82714,-0.33419,-0.35465,98.477
0.84308,-0.32235,-0.34914,98.481
0.83908,-0.34604,-0.34997,98.486
0.83873,-0.33419,-0.33822,98.491
0.8268,-0.33419,-0.34314,98.496
0.83884,-0.33025,-0.34198,98.501
0.83907,-0.33025,-0.34965,98.506
0.83872,-0.3263,-0.33807,98.511
0.83437,-0.33814,-0.32716,98.516
0.83104,-0.33419,-0.35046,98.521
0.8229,-0.33814,-0.34742,98.525
0.83896,-0.34209,-0.34605,98.53
0.83896,-0.33419,-0.3459,98.535
0.83484,-0.35789,-0.34289,98.54
0.83461,-0.34604,-0.33499,98.545
0.82749,-0.34209,-0.36632,98.55
0.84355,-0.33814,-0.3648,98.555
0.83953,-0.33025,-0.365,98.56
0.84733,-0.32235,-0.35645,98.564
0.83907,-0.32235,-0.3495,98.569
0.8393,-0.3184,-0.35709,98.574
0.83493,-0.3184,-0.34594,98.579
0.83494,-0.3263,-0.3461,98.584
0.83517,-0.33419,-0.35393,98.589
0.8307,-0.33814,-0.33903,98.594
0.83505,-0.3263,-0.34994,98.599
0.83895,-0.3263,-0.34574,98.604
0.83138,-0.3263,-0.36181,98.608
0.84287,-0.34209,-0.34186,98.613
0.84332,-0.33814,-0.35712,98.618
0.84275,-0.33814,-0.33794,98.623
0.84332,-0.33419,-0.35704,98.628
0.83093,-0.33814,-0.3467,98.633
0.83047,-0.34604,-0.33151,98.638
0.84275,-0.34604,-0.3381,98.643
0.8432,-0.33025,-0.35313,98.647
0.8393,-0.33419,-0.35741,98.652
0.83047,-0.34604,-0.33151,98.657
0.83873,-0.34209,-0.33838,98.662
0.83472,-0.33814,-0.33866,98.667
0.82692,-0.35789,-0.34745,98.672
0.83116,-0.34209,-0.35445,98.677
0.83885,-0.34209,-0.34222,98.682
0.8392,-0.34604,-0.35381,98.687
0.83919,-0.33814,-0.35365,98.691
0.8392,-0.34604,-0.35381,98.696
0.85055,-0.33814,-0.32955,98.701
0.8549,-0.32235,-0.34038,98.706
0.84274,-0.3263,-0.33771,98.711
0.84675,-0.3184,-0.33719,98.716
0.83942,-0.33419,-0.36124,98.721
0.82726,-0.33419,-0.35849,98.726
0.8432,-0.3263,-0.35305,98.73
0.83081,-0.33025,-0.3427,98.735
0.84688,-0.33814,-0.34142,98.74
0.84334,-0.35789,-0.35752,98.745
0.8392,-0.34999,-0.35388,98.75
0.83908,-0.34209,-0.34989,98.755
0.84344,-0.33814,-0.36096,98.76
0.83977,-0.34604,-0.37299,98.765
0.84701,-0.36184,-0.34573,98.77
0.83506,-0.34209,-0.35025,98.774
0.83127,-0.33814,-0.35821,98.779
0.84355,-0.3263,-0.36456,98.784
0.83942,-0.3263,-0.36108,98.789
0.84756,-0.31445,-0.36396,98.794
0.84332,-0.33025,-0.35697,98.799
0.84721,-0.3184,-0.35253,98.804
0.8471,-0.33025,-0.34893,98.809
0.84309,-0.33419,-0.34937,98.813
0.83907,-0.33025,-0.34965,98.818
0.84298,-0.34209,-0.34569,98.823
0.85526,-0.34604,-0.35236,98.828
0.83931,-0.34209,-0.35756,98.833
0.84344,-0.33419,-0.36088,98.838
0.83896,-0.33025,-0.34582,98.843
0.8393,-0.33025,-0.35733,98.848
0.83552,-0.33419,-0.36544,98.853
0.84332,-0.33814,-0.35712,98.857
0.83127,-0.33419,-0.35813,98.862
0.8392,-0.34604,-0.35381,98.867
0.83885,-0.33814,-0.34214,98.872
0.83082,-0.34209,-0.34294,98.877
0.85124,-0.33419,-0.35249,98.882
0.84356,-0.34209,-0.36487,98.887
0.83552,-0.33025,-0.36536,98.892
0.85101,-0.33419,-0.34481,98.896
0.83874,-0.34604,-0.33846,98.901
0.81096,-0.3263,-0.35211,98.906
0.83472,-0.34604,-0.33882,98.911
0.8346,-0.33814,-0.33483,98.916
0.83919,-0.33025,-0.35349,98.921
0.84344,-0.33814,-0.36096,98.926
0.83093,-0.33419,-0.34662,98.931
0.82714,-0.33419,-0.35465,98.936
0.83093,-0.34604,-0.34686,98.94
0.83139,-0.33419,-0.36197,98.945
0.8354,-0.32235,-0.36137,98.95
0.8315,-0.33025,-0.36572,98.955
0.82703,-0.33419,-0.35082,98.96
0.81509,-0.33814,-0.35582,98.965
0.83942,-0.33419,-0.36124,98.97
0.84711,-0.34209,-0.34917,98.975
0.8548,-0.33814,-0.33686,98.979
0.85089,-0.33419,-0.34098,98.984
0.84252,-0.33419,-0.33019,98.989
0.82301,-0.33814,-0.35126,98.994
0.82656,-0.3263,-0.33531,98.999
0.82267,-0.33814,-0.33975,99.004
0.82289,-0.3263,-0.34719,99.009
0.8229,-0.33814,-0.34742,99.014
0.83942,-0.33419,-0.36124,99.019
0.83953,-0.33419,-0.36508,99.023
0.82748,-0.3263,-0.36601,99.028
0.83919,-0.33025,-0.35349,99.033
0.8393,-0.33419,-0.35741,99.038
0.85571,-0.33025,-0.36739,99.043
0.83918,-0.3263,-0.35341,99.048
0.84745,-0.33419,-0.36052,99.053
0.83953,-0.33025,-0.365,99.058
0.83472,-0.33814,-0.33866,99.062
0.83516,-0.3184,-0.35362,99.067
0.82702,-0.3263,-0.35066,99.072
0.84355,-0.33814,-0.3648,99.077
0.83116,-0.34209,-0.35445,99.082
0.82312,-0.33419,-0.35502,99.087
0.84745,-0.33025,-0.36044,99.092
0.83505,-0.3263,-0.34994,99.097
0.85113,-0.34209,-0.34881,99.102
0.84688,-0.34209,-0.3415,99.106
0.8509,-0.33814,-0.34105,99.111
0.83506,-0.33814,-0.35017,99.116
0.8393,-0.33419,-0.35741,99.121
0.84332,-0.33814,-0.35712,99.126
0.8471,-0.33025,-0.34893,99.131
0.83506,-0.33419,-0.35009,99.136
0.8315,-0.33419,-0.3658,99.141
0.83942,-0.33025,-0.36116,99.146
0.83896,-0.34209,-0.34605,99.15
0.82278,-0.33025,-0.34343,99.155
0.83506,-0.33814,-0.35017,99.16
0.83472,-0.34604,-0.33882,99.165
0.83506,-0.33814,-0.35017,99.17
0.8393,-0.33025,-0.35733,99.175
0.84757,-0.33419,-0.36436,99.18
0.83494,-0.33025,-0.34618,99.185
0.83081,-0.33025,-0.3427,99.189
0.83861,-0.33025,-0.33431,99.194
0.83437,-0.33419,-0.32708,99.199
0.83494,-0.33419,-0.34626,99.204
0.83885,-0.33814,-0.34214,99.209
0.83089,-0.27891,-0.34552,99.214
0.83908,-0.33814,-0.34981,99.219
0.84321,-0.33419,-0.35321,99.224
0.8392,-0.34999,-0.35388,99.229
0.82749,-0.34604,-0.3664,99.233
0.84378,-0.3263,-0.37223,99.238
0.84367,-0.34604,-0.36879,99.243
0.83529,-0.33025,-0.35769,99.248
0.8315,-0.33419,-0.3658,99.253
0.84332,-0.33025,-0.35697,99.258
0.82691,-0.33419,-0.34698,99.263
0.85572,-0.33814,-0.36755,99.268
0.84722,-0.32235,-0.35261,99.272
0.8393,-0.33419,-0.35741,99.277
0.83908,-0.34999,-0.35005,99.282
0.84757,-0.34209,-0.36451,99.287
0.83127,-0.33419,-0.35813,99.292
0.83494,-0.33419,-0.34626,99.297
0.82727,-0.34999,-0.35881,99.302
0.85549,-0.34999,-0.36011,99.307
0.83541,-0.34604,-0.36184,99.312
0.83908,-0.34999,-0.35005,99.316
0.85079,-0.34999,-0.33745,99.321
0.83093,-0.34209,-0.34678,99.326
0.82301,-0.33814,-0.35126,99.331
0.84252,-0.33814,-0.33027,99.336
0.83081,-0.33814,-0.34286,99.341
0.83471,-0.33025,-0.33851,99.346
0.83884,-0.33419,-0.34206,99.351
0.83505,-0.32235,-0.34986,99.355
0.83505,-0.32235,-0.34986,99.36
0.83976,-0.3263,-0.37259,99.365
0.84768,-0.32235,-0.36796,99.37
0.84366,-0.3263,-0.3684,99.375
0.83965,-0.33025,-0.36884,99.38
0.84332,-0.3263,-0.35689,99.385
0.83116,-0.33419,-0.35429,99.39
0.83104,-0.33419,-0.35046,99.395
0.84677,-0.34604,-0.33774,99.399
0.85113,-0.34209,-0.34881,99.404
0.84298,-0.34604,-0.34577,99.409
0.8353,-0.34604,-0.358,99.414
0.84331,-0.32235,-0.35681,99.419
0.84765,-0.27496,-0.36701,99.424
0.83127,-0.33814,-0.35821,99.429
0.84699,-0.33814,-0.34525,99.434
0.83093,-0.34209,-0.34678,99.438
0.82232,-0.33814,-0.32824,99.443
0.83105,-0.34604,-0.35069,99.448
0.83092,-0.33025,-0.34654,99.453
0.83116,-0.34209,-0.35445,99.458
0.83908,-0.34999,-0.35005,99.463
0.83897,-0.35394,-0.34629,99.468
0.85514,-0.34209,-0.34844,99.473
0.83898,-0.36184,-0.34645,99.478
