-0.94481,0.28582,0.048345,92.847
-0.93689,0.29372,0.053062,92.852
-0.94481,0.29372,0.048503,92.856
-0.94963,0.29372,0.074995,92.861
-0.933,0.30556,0.057496,92.866
-0.92933,0.30556,0.069366,92.871
-0.9291,0.30161,0.061615,92.876
-0.94114,0.29372,0.060373,92.881
-0.9408,0.29767,0.048943,92.886
-0.92485,0.29767,0.054225,92.891
-0.92863,0.28582,0.045955,92.896
-0.93642,0.27792,0.037402,92.9
-0.97259,0.31741,0.034936,92.905
-0.94952,0.30556,0.071395,92.91
-0.95732,0.28977,0.062685,92.915
-0.95342,0.29767,0.06704,92.92
-0.96513,0.30161,0.054526,92.925
-0.96489,0.28977,0.046617,92.93
-0.94881,0.26212,0.047511,92.935
-0.9526,0.26607,0.039556,92.939
-0.96442,0.27792,0.031035,92.944
-0.95605,0.29372,0.020564,92.949
-0.94802,0.29372,0.021287,92.954
-0.94826,0.30556,0.029196,92.959
-0.94413,0.30951,0.0258,92.964
-0.95228,0.30556,0.028835,92.969
-0.94883,0.30161,0.048299,92.974
-0.95307,0.29372,0.055452,92.979
-0.94057,0.29767,0.04127,92.983
-0.9486,0.29372,0.040469,92.988
-0.96144,0.27792,0.065923,92.993
-0.95732,0.28977,0.062685,92.998
-0.9611,0.28187,0.054493,93.003
-0.95283,0.27002,0.047307,93.008
-0.95696,0.27397,0.050861,93.013
-0.95283,0.27792,0.047465,93.018
-0.94481,0.29372,0.048503,93.022
-0.93345,0.28582,0.072447,93.027
-0.94516,0.29372,0.060012,93.032
-0.9369,0.29767,0.053141,93.037
-0.97327,0.29767,0.05756,93.042
-0.96903,0.29767,0.050249,93.047
-0.95732,0.29767,0.062842,93.052
-0.95342,0.28977,0.066883,93.057
-0.94493,0.29767,0.052418,93.062
-0.94481,0.28582,0.048345,93.066
-0.95272,0.27792,0.043628,93.071
-0.94033,0.28582,0.033361,93.076
-0.94021,0.28187,0.029446,93.081
-0.94871,0.28977,0.044226,93.086
-0.94046,0.30951,0.03767,93.091
-0.94999,0.30556,0.086741,93.096
-0.94471,0.31346,0.04506,93.101
-0.97224,0.30161,0.023112,93.105
-0.96065,0.30161,0.039542,93.11
-0.95262,0.30556,0.040344,93.115
-0.95721,0.30161,0.059085,93.12
-0.96478,0.29767,0.042938,93.125
-0.96512,0.29767,0.054447,93.13
-0.9572,0.28582,0.05877,93.135
-0.97729,0.29372,0.05712,93.14
-0.97315,0.28977,0.053566,93.145
-0.96512,0.28977,0.054289,93.149
-0.9851,0.30951,0.049039,93.154
-0.99278,0.29767,0.036571,93.159
-0.9686,0.35295,0.036007,93.164
-0.96421,0.30161,0.023835,93.169
-0.95535,0.27397,-0.0028476,93.174
-0.92403,0.28187,0.027056,93.179
-0.90372,0.27792,0.021112,93.184
-0.91106,0.28582,-0.0024714,93.188
-0.90292,0.28582,-0.0055848,93.193
-0.9152,0.28977,0.0010822,93.198
-0.91566,0.29767,0.016585,93.203
-0.92393,0.30951,0.023771,93.208
-0.95274,0.30556,0.04418,93.213
-0.95698,0.30556,0.051491,93.218
-0.94056,0.29372,0.041192,93.223
-0.96089,0.31346,0.047451,93.228
-0.96479,0.31741,0.043332,93.232
-0.961,0.30556,0.05113,93.237
-0.96064,0.28187,0.039148,93.242
-0.96454,0.27397,0.034793,93.247
-0.95994,0.26607,0.015815,93.252
-0.95226,0.28187,0.028362,93.257
-0.9564,0.28977,0.031994,93.262
-0.95262,0.29767,0.040186,93.267
-0.95639,0.27397,0.031679,93.271
-0.96442,0.28187,0.031114,93.276
-0.95605,0.28977,0.020485,93.281
-0.95238,0.29372,0.032435,93.286
-0.94412,0.28977,0.025406,93.291
-0.93609,0.29767,0.026287,93.296
-0.93608,0.27792,0.025893,93.301
-0.94401,0.29372,0.021649,93.306
-0.95158,0.30161,0.0057379,93.311
-0.94354,0.27792,0.0059882,93.315
-0.9479,0.28582,0.017293,93.32
-0.95261,0.28977,0.040028,93.325
-0.96386,0.30161,0.012326,93.33
-0.95594,0.30161,0.016885,93.335
-0.96822,0.30161,0.023474,93.34
-0.96433,0.31346,0.027908,93.345
-0.9727,0.30556,0.038536,93.35
-0.97282,0.30556,0.042372,93.354
-0.96099,0.28977,0.050814,93.359
-0.95295,0.28582,0.051459,93.364
-0.94825,0.28977,0.028881,93.369
-0.93998,0.28582,0.021852,93.374
-0.93608,0.28187,0.025971,93.379
-0.94045,0.28977,0.037277,93.384
-0.95261,0.29372,0.040107,93.389
-0.95663,0.28977,0.039667,93.394
-0.95273,0.30161,0.044101,93.398
-0.9603,0.28977,0.027797,93.403
-0.95995,0.28582,0.016209,93.408
-0.9479,0.28977,0.017372,93.413
-0.95216,0.30556,0.024998,93.418
-0.95251,0.30951,0.036586,93.423
-0.94046,0.30556,0.037592,93.428
-0.93999,0.29372,0.02201,93.433
-0.93551,0.28582,0.0068687,93.438
-0.94389,0.28977,0.017733,93.442
-0.95193,0.30161,0.017247,93.447
-0.94838,0.30951,0.033111,93.452
-0.98462,0.28187,0.033143,93.457
-0.97717,0.29767,0.053362,93.462
-0.96478,0.29372,0.042859,93.467
-0.96891,0.28977,0.046255,93.472
-0.97763,0.29767,0.068708,93.477
-0.96868,0.29767,0.03874,93.481
-0.9603,0.28582,0.027718,93.486
-0.96088,0.29767,0.047136,93.491
-0.95628,0.28187,0.028,93.496
-0.9603,0.29372,0.027875,93.501
-0.96075,0.27792,0.042905,93.506
-0.95295,0.28582,0.051459,93.511
-0.96135,0.30951,0.062717,93.516
-0.95641,0.31346,0.032467,93.521
-0.94827,0.31741,0.029432,93.525
-0.9603,0.29767,0.027954,93.53
-0.9681,0.28582,0.019322,93.535
-0.95192,0.28582,0.016932,93.54
-0.96397,0.29767,0.016084,93.545
-0.93975,0.28582,0.01418,93.55
-0.92782,0.28582,0.019101,93.555
-0.92013,0.28582,0.031332,93.56
-0.93551,0.29372,0.0070262,93.564
-0.91566,0.28582,0.016349,93.569
-0.92818,0.30161,0.030925,93.574
-0.93953,0.29372,0.0066648,93.579
-0.94366,0.29767,0.010218,93.584
-0.9517,0.30556,0.009653,93.589
-0.95996,0.30161,0.016524,93.594
-0.95594,0.29767,0.016807,93.599
-0.97211,0.28582,0.018961,93.604
-0.97188,0.28187,0.011209,93.608
-0.96844,0.28187,0.030752,93.613
-0.96833,0.29372,0.027152,93.618
-0.95652,0.29767,0.035988,93.623
-0.95606,0.30556,0.0208,93.628
-0.96008,0.30161,0.02036,93.633
-0.94401,0.30556,0.021885,93.638
-0.93964,0.28582,0.010344,93.643
-0.95158,0.28977,0.0055016,93.647
-0.95996,0.29767,0.016445,93.652
-0.96363,0.30161,0.0046535,93.657
-0.95594,0.29372,0.016728,93.662
-0.95605,0.28187,0.020328,93.667
-0.95216,0.29767,0.024841,93.672
-0.94354,0.28582,0.0061458,93.677
-0.94825,0.28582,0.028802,93.682
-0.95627,0.27792,0.027922,93.687
-0.94789,0.27397,0.017057,93.691
-0.94411,0.28187,0.025249,93.696
-0.94022,0.29372,0.029683,93.701
-0.94412,0.28977,0.025406,93.706
-0.9479,0.28977,0.017372,93.711
-0.94825,0.28977,0.028881,93.716
-0.95169,0.28582,0.0092591,93.721
-0.95627,0.27397,0.027843,93.726
-0.94791,0.30556,0.017687,93.73
-0.95572,0.30951,0.0093703,93.735
-0.94355,0.30951,0.0066184,93.74
-0.93576,0.32531,0.015329,93.745
-0.95583,0.30556,0.013128,93.75
-0.96788,0.30556,0.012043,93.755
-0.94824,0.28187,0.028723,93.76
-0.96408,0.27792,0.019526,93.765
-0.95996,0.29767,0.016445,93.77
-0.95216,0.30556,0.024998,93.774
-0.94389,0.29767,0.017891,93.779
-0.94389,0.29372,0.017812,93.784
-0.94792,0.31346,0.017845,93.789
-0.94768,0.30161,0.0099357,93.794
-0.95181,0.28977,0.013174,93.799
-0.95204,0.28977,0.020847,93.804
-0.95204,0.30161,0.021083,93.809
-0.95193,0.30161,0.017247,93.813
-0.96007,0.28977,0.020124,93.818
-0.95227,0.28977,0.028519,93.823
-0.96833,0.29372,0.027152,93.828
-0.95582,0.29372,0.012892,93.833
-0.95181,0.30161,0.013411,93.838
-0.95617,0.29372,0.0244,93.843
-0.95949,0.28977,0.00094236,93.848
-0.94331,0.29372,-0.0013693,93.853
-0.93988,0.29767,0.018252,93.857
-0.95549,0.30556,0.0016189,93.862
-0.9595,0.30951,0.0013362,93.867
-0.9556,0.30161,0.0053764,93.872
-0.95972,0.28977,0.008615,93.877
-0.95629,0.30556,0.028473,93.882
-0.9478,0.30556,0.013851,93.887
-0.95629,0.30951,0.028552,93.892
-0.94814,0.29372,0.025123,93.896
-0.97671,0.29767,0.038017,93.901
-0.972,0.28582,0.015124,93.906
-0.9603,0.29767,0.027954,93.911
-0.95146,0.28977,0.0016653,93.916
-0.95203,0.28582,0.020768,93.921
-0.95215,0.28977,0.024683,93.926
-0.94389,0.29767,0.017891,93.931
-0.94378,0.29767,0.014055,93.936
-0.95204,0.28977,0.020847,93.94
-0.94802,0.29767,0.021366,93.945
-0.93987,0.28977,0.018095,93.95
-0.95593,0.28582,0.01657,93.955
-0.94791,0.30556,0.017687,93.96
-0.94401,0.29372,0.021649,93.965
-0.96798,0.28582,0.015486,93.97
-0.95594,0.28977,0.016649,93.975
-0.96385,0.28187,0.011932,93.979
-0.95995,0.28977,0.016288,93.984
-0.95582,0.28977,0.012813,93.989
-0.96007,0.28977,0.020124,93.994
-0.96018,0.27792,0.023724,93.999
-0.96432,0.29767,0.027593,94.004
-0.9557,0.28582,0.0088977,94.009
-0.95984,0.29767,0.012609,94.014
-0.93563,0.29767,0.010941,94.019
-0.94768,0.30161,0.0099357,94.023
-0.94779,0.29372,0.013614,94.028
-0.95594,0.29767,0.016807,94.033
-0.95181,0.29767,0.013332,94.038
-0.95653,0.31346,0.036303,94.043
-0.9478,0.30951,0.01393,94.048
-0.9478,0.30161,0.013772,94.053
-0.95594,0.29372,0.016728,94.058
-0.95594,0.30161,0.016885,94.062
-0.96053,0.28582,0.03539,94.067
-0.95628,0.28977,0.028158,94.072
-0.95663,0.29372,0.039746,94.077
-0.94458,0.28977,0.040751,94.082
-0.9362,0.28187,0.029808,94.087
-0.94813,0.28977,0.025045,94.092
-0.95616,0.28582,0.024243,94.097
-0.95238,0.29372,0.032435,94.102
-0.94493,0.30556,0.052575,94.106
-0.95663,0.30161,0.039903,94.111
-0.96443,0.29767,0.031429,94.116
-0.96455,0.30161,0.035344,94.121
-0.9681,0.28977,0.019401,94.126
-0.96845,0.28977,0.03091,94.131
-0.97212,0.29372,0.019118,94.136
-0.972,0.29372,0.015282,94.141
-0.97591,0.29767,0.011163,94.146
-0.9557,0.28582,0.0088977,94.15
-0.95972,0.28187,0.0084574,94.155
-0.95949,0.28977,0.00094236,94.16
-0.95604,0.27397,0.02017,94.165
-0.97177,0.28187,0.007373,94.17
-0.95892,0.28977,-0.018239,94.175
-0.95089,0.30161,-0.01728,94.18
-0.94734,0.30951,-0.0014157,94.185
-0.94412,0.29372,0.025485,94.189
-0.93976,0.30161,0.014495,94.194
-0.93586,0.30556,0.018771,94.199
-0.94746,0.30951,0.0024206,94.204
-0.94447,0.30556,0.03723,94.209
-0.95595,0.30556,0.016964,94.214
-0.93976,0.28977,0.014259,94.219
-0.96042,0.30556,0.031948,94.224
-0.95262,0.30951,0.040422,94.229
-0.95227,0.29372,0.028598,94.233
-0.94768,0.29372,0.0097782,94.238
-0.94813,0.28977,0.025045,94.243
-0.92851,0.27792,0.041961,94.248
-0.93196,0.30161,0.02289,94.253
-0.92827,0.27002,0.034131,94.258
-0.93963,0.27397,0.010107,94.263
-0.93999,0.28977,0.021931,94.268
-0.95204,0.29372,0.020926,94.272
-0.94446,0.28977,0.036915,94.277
-0.94423,0.28977,0.029242,94.282
-0.93632,0.29767,0.033959,94.287
-0.9354,0.30161,0.0033475,94.292
-0.95204,0.30161,0.021083,94.297
-0.95606,0.30951,0.020879,94.302
-0.95227,0.30161,0.028756,94.307
-0.94872,0.31346,0.044699,94.312
-0.95227,0.30161,0.028756,94.316
-0.9603,0.29372,0.027875,94.321
-0.94791,0.29372,0.017451,94.326
-0.95192,0.28187,0.016853,94.331
-0.94377,0.28187,0.01374,94.336
-0.9316,0.27792,0.010909,94.341
-0.93229,0.27792,0.033927,94.346
-0.91979,0.28187,0.019745,94.351
-0.93195,0.28187,0.022497,94.355
-0.94079,0.28977,0.048785,94.36
-0.92839,0.28187,0.038203,94.365
-0.92472,0.27002,0.049837,94.37
-0.93229,0.27397,0.033848,94.375
-0.94044,0.28187,0.037119,94.38
-0.91967,0.27792,0.01583,94.385
-0.93113,0.25817,-0.0048302,94.39
-0.92758,0.26607,0.011034,94.395
-0.93114,0.27397,-0.0045151,94.399
-0.94744,0.27792,0.0017904,94.404
-0.94802,0.28977,0.021208,94.409
-0.95605,0.28582,0.020407,94.414
-0.9681,0.28582,0.019322,94.419
-0.9681,0.28977,0.019401,94.424
-0.98072,0.27792,0.037262,94.429
-0.96855,0.27792,0.03451,94.434
-0.97211,0.28187,0.018882,94.438
-0.97967,0.25422,0.0022624,94.443
-0.9636,0.24238,0.003472,94.448
-0.95935,0.24238,-0.0038392,94.453
-0.96737,0.22658,-0.0048772,94.458
-0.95545,0.24238,0.00035859,94.463
-0.98357,0.25422,-0.0019354,94.468
-0.97128,0.24238,-0.0087599,94.473
-0.96798,0.28582,0.015486,94.478
-0.98014,0.27792,0.01808,94.482
-0.97682,0.28977,0.041696,94.487
-0.99254,0.28582,0.028662,94.492
-0.9845,0.26607,0.028991,94.497
-0.98025,0.26607,0.02168,94.502
-0.97187,0.25817,0.010737,94.507
-0.9722,0.23053,0.021694,94.512
-0.94409,0.24238,0.024461,94.517
-0.95189,0.24633,0.016144,94.521
-0.97151,0.24238,-0.0010873,94.526
-0.9791,0.27002,-0.016604,94.531
-0.9629,0.23843,-0.019625,94.536
-0.95498,0.23053,-0.015223,94.541
-0.99172,0.25817,0.0012568,94.546
-0.9839,0.22658,0.0090222,94.551
-0.97635,0.26607,0.025878,94.556
-0.96819,0.25028,0.02245,94.561
-0.96383,0.25028,0.011302,94.565
-0.93572,0.25817,0.01399,94.57
-0.92757,0.25028,0.010719,94.575
-0.92779,0.24238,0.018234,94.58
-0.9154,0.23843,0.0077308,94.585
-0.88326,0.23053,0.010465,94.59
-0.903,0.23053,-0.0028513,94.595
-0.90299,0.21868,-0.0030876,94.6
-0.93089,0.23448,-0.012975,94.604
-0.95567,0.22263,0.0076374,94.609
-0.97632,0.22263,0.025012,94.614
-0.97265,0.22263,0.036882,94.619
-0.98919,0.23843,0.051096,94.624
-0.96991,0.23053,0.0796,94.629
-0.98564,0.24633,0.066961,94.634
-1.0014,0.25028,0.054085,94.639
-0.9969,0.27792,0.039652,94.644
-0.95732,0.28977,0.062685,94.648
-0.92084,0.31741,0.05498,94.653
-0.88365,0.30556,0.023471,94.658
-0.85096,0.33321,0.0077321,94.663
-0.82653,0.34111,-0.0014505,94.668
-0.80232,0.35295,-0.0028817,94.673
-0.8068,0.3569,0.012181,94.678
-0.83089,0.34111,0.009697,94.683
-0.85958,0.34111,0.026348,94.688
-0.92324,0.30161,0.00059555,94.692
-0.93893,0.25422,-0.013304,94.697
-0.9793,0.22263,-0.0098767,94.702
-1.0678,0.19894,-0.014465,94.707
-1.1087,0.18709,0.008538,94.712
-1.11,0.20684,0.051131,94.717
-1.0864,0.19499,0.068409,94.722
-1.0704,0.20684,0.073928,94.727
-1.029,0.19499,0.035106,94.731
-0.99547,0.20684,-0.0078013,94.736
-0.97081,0.22263,-0.024499,94.741
-0.97747,0.23843,-0.070943,94.746
-0.98551,0.25028,-0.071429,94.751
-0.98586,0.25422,-0.059842,94.756
-0.97129,0.25422,-0.0085236,94.761
-0.96063,0.26212,0.038754,94.766
-0.98909,0.27397,0.047969,94.771
-0.99343,0.23843,0.058408,94.775
-0.9815,0.23053,0.063171,94.78
-0.98942,0.23448,0.05869,94.785
-1.0106,0.23053,0.095167,94.79
-1.0027,0.26607,0.10044,94.795
-0.99116,0.26607,0.11687,94.8
-0.95099,0.25817,0.12032,94.805
-0.95043,0.28582,0.10169,94.81
-0.92694,0.32531,0.12383,94.814
-0.93118,0.31741,0.13098,94.819
-0.93095,0.31741,0.12331,94.824
-0.92246,0.32531,0.10885,94.829
-0.91855,0.31346,0.11281,94.834
-0.93863,0.31346,0.111,94.839
-0.9555,0.30161,0.13617,94.844
-0.95606,0.28187,0.15496,94.849
-0.94756,0.27792,0.14026,94.854
-0.93632,0.27397,0.16812,94.858
-0.94446,0.25817,0.17092,94.863
-0.94353,0.25422,0.14015,94.868
-0.94583,0.26607,0.082478,94.873
-0.96602,0.25817,0.08435,94.878
-0.93528,0.26607,0.13343,94.883
-0.91533,0.30161,0.13979,94.888
-0.9348,0.23843,0.11754,94.893
-0.97061,0.25422,0.10309,94.897
-0.9784,0.22658,0.094144,94.902
-1.007,0.12785,0.10883,94.907
-1.0274,0.09626,0.1179,94.912
-1.008,0.076514,0.14233,94.917
-1.0118,0.064667,0.13406,94.922
-1.0037,0.056769,0.13079,94.927
-1.0126,0.060718,0.16083,94.932
-1.0089,0.044921,0.17239,94.937
-1.0204,0.044921,0.15212,94.941
-1.044,0.04887,0.13469,94.946
-1.0624,0.080463,0.075966,94.951
-1.0622,0.10416,0.068766,94.956
-1.0341,0.14365,0.072084,94.961
-1.0096,0.1476,0.058986,94.966
-0.95333,0.1476,0.064047,94.971
-0.90847,0.1555,0.045163,94.976
-0.88863,0.17919,0.055115,94.98
-0.91181,0.18709,0.022414,94.985
-0.96378,0.15945,0.0094904,94.99
-0.99521,0.1555,-0.016498,94.995
-1.0153,0.15945,-0.018227,95
-1.0206,0.1634,0.02369,95.005
-1.0286,0.1555,0.02281,95.01
-1.0373,0.1397,0.04479,95.015
-1.0788,0.14365,0.083453,95.02
-1.1107,0.18314,0.073677,95.024
-1.1379,0.22263,0.041243,95.029
-1.1415,0.23448,0.025773,95.034
-1.1056,0.27792,0.037565,95.039
-1.0254,0.30161,0.049104,95.044
-0.9251,0.33321,0.062607,95.049
-0.87633,0.34505,0.047999,95.054
-0.84272,0.36875,0.0014913,95.059
-0.86061,0.3569,-0.073442,95.063
-0.90272,0.3569,-0.14647,95.068
-0.93369,0.349,-0.18788,95.073
-0.9291,0.349,-0.2067,95.078
-0.93745,0.29767,-0.19694,95.083
-0.97404,0.27002,-0.1854,95.088
-1.007,0.27002,-0.16144,95.093
-1.0524,0.16734,-0.12526,95.098
-1.0735,0.1318,-0.093254,95.103
-1.1027,0.088362,-0.058287,95.107
-1.1199,0.076514,-0.021606,95.112
-1.0645,0.09626,0.010702,95.117
-1.0095,0.12785,0.058593,95.122
-0.96207,0.16734,0.086736,95.127
-0.92273,0.19894,0.11783,95.132
-0.89807,0.21868,0.10122,95.137
-0.9123,0.23053,0.038625,95.142
-0.93523,0.21473,-0.0022218,95.146
-0.92984,0.21473,-0.047896,95.151
-0.92821,0.17919,-0.10231,95.156
-0.96858,0.1555,-0.098728,95.161
-0.99324,0.1318,-0.082188,95.166
-1.0015,0.1239,-0.075396,95.171
-1.0458,0.1239,-0.075536,95.176
-1.0701,0.10811,-0.070347,95.181
-1.1025,0.09626,-0.065802,95.186
-1.111,0.10416,-0.051022,95.19
-1.1081,0.10811,-0.012219,95.195
-1.0489,0.09626,0.027494,95.2
-1.0292,0.11995,0.041282,95.205
-1.0091,0.14365,0.043562,95.21
-0.99741,0.17524,0.056786,95.215
-0.98079,0.20289,0.039602,95.22
-0.97241,0.20684,0.028894,95.225
-0.96324,0.22263,-0.0084308,95.229
-0.93467,0.23843,-0.020931,95.234
-0.93445,0.24238,-0.028525,95.239
-0.92204,0.22658,-0.039264,95.244
-0.92652,0.22263,-0.024359,95.249
-0.95462,0.20289,-0.027283,95.254
-0.97091,0.19499,-0.021214,95.259
-0.99098,0.17524,-0.023415,95.264
-0.9475,0.18314,0.0037363,95.269
-1.0162,0.15945,0.012464,95.273
-1.0488,0.1476,0.024681,95.278
-1.062,0.16734,0.062354,95.283
-1.062,0.18709,0.062748,95.288
-1.0541,0.19894,0.067543,95.293
-1.0173,0.19894,0.047779,95.298
-0.98079,0.21078,0.039759,95.303
-0.96107,0.23448,0.053548,95.308
-0.913,0.25422,0.062116,95.312
-0.89213,0.28582,0.037699,95.317
-0.87528,0.32136,0.013,95.322
-0.89847,0.33716,-0.019545,95.327
-0.90226,0.34505,-0.027421,95.332
-0.94643,0.33321,-0.031634,95.337
-0.9508,0.33716,-0.020407,95.342
-0.97959,0.31346,-0.00039235,95.347
-0.9805,0.30161,0.030062,95.352
-0.99678,0.27792,0.035816,95.356
-0.98518,0.24633,0.051615,95.361
-1.0006,0.26212,0.027467,95.366
-1.0008,0.23843,0.034667,95.371
-1.025,0.23843,0.036334,95.376
-1.0291,0.25028,0.040046,95.381
-1.0367,0.24238,0.02382,95.386
-1.0289,0.25422,0.032452,95.391
-1.0212,0.29372,0.045471,95.396
-1.0054,0.32926,0.055299,95.4
-0.99363,0.37665,0.065001,95.405
-0.97816,0.41219,0.086337,95.41
-0.97841,0.43983,0.094561,95.415
-0.95385,0.43588,0.081306,95.42
-0.93754,0.41219,0.074607,95.425
-0.92974,0.40824,0.082923,95.43
-0.90116,0.41219,0.070187,95.435
-0.88992,0.40429,0.097968,95.439
-0.88199,0.3885,0.10221,95.444
-0.87028,0.3885,0.11481,95.449
-0.84984,0.36085,0.10455,95.454
-0.85765,0.3648,0.096236,95.459
-0.86935,0.3648,0.083643,95.464
-0.9133,0.36085,0.071915,95.469
-0.9133,0.36875,0.072073,95.474
-0.91332,0.40034,0.072703,95.479
-0.9263,0.41614,0.10262,95.483
-0.92252,0.43194,0.11097,95.488
-0.8989,0.46353,0.12912,95.493
-0.86725,0.48327,0.14775,95.498
-0.9191,0.46748,0.13123,95.503
-0.90696,0.49512,0.12902,95.508
-0.88312,0.54646,0.13989,95.513
-0.89539,0.53856,0.14632,95.518
-0.89113,0.51092,0.13846,95.522
-0.87908,0.51487,0.13962,95.527
-0.86348,0.51487,0.15641,95.532
-0.86267,0.51092,0.12948,95.537
-0.85073,0.50697,0.13432,95.542
-0.85865,0.51092,0.12984,95.547
-0.85405,0.49512,0.11071,95.552
-0.84224,0.50302,0.11962,95.557
-0.83775,0.48327,0.10424,95.562
-0.84189,0.49117,0.10788,95.566
-0.82158,0.49907,0.10217,95.571
-0.81389,0.49512,0.11432,95.576
-0.84144,0.51487,0.093002,95.581
-0.82159,0.52277,0.10264,95.586
-0.81403,0.53856,0.11902,95.591
-0.76939,0.54251,0.10773,95.596
-0.75275,0.54251,0.089997,95.601
-0.76471,0.582,0.085864,95.605
-0.80535,0.60175,0.097989,95.61
-0.82165,0.6136,0.10445,95.615
-0.85413,0.61754,0.11315,95.62
-0.83852,0.61754,0.12994,95.625
-0.82269,0.62149,0.13914,95.63
-0.79847,0.6057,0.13715,95.635
-0.79469,0.6136,0.14535,95.64
-0.79938,0.59385,0.16761,95.645
-0.79501,0.582,0.15622,95.649
-0.7949,0.582,0.15239,95.654
-0.80636,0.56621,0.13181,95.659
-0.802,0.56621,0.12066,95.664
-0.79419,0.56226,0.12898,95.669
-0.78215,0.56621,0.13014,95.674
-0.78261,0.57015,0.14556,95.679
-0.78629,0.58595,0.13401,95.684
-0.74568,0.60965,0.12275,95.688
-0.70977,0.62544,0.13399,95.693
-0.6741,0.64124,0.1529,95.698
-0.66631,0.66098,0.16169,95.703
-0.68272,0.65704,0.17168,95.708
-0.69076,0.66888,0.17119,95.713
-0.70681,0.65309,0.16943,95.718
-0.6865,0.64914,0.16349,95.723
-0.706,0.64914,0.1425,95.728
-0.66609,0.68073,0.15441,95.732
-0.64625,0.69653,0.16421,95.737
-0.65004,0.70443,0.15633,95.742
-0.65027,0.70048,0.16393,95.747
-0.64624,0.68863,0.16405,95.752
-0.66678,0.68468,0.17751,95.757
-0.66678,0.68863,0.17759,95.762
-0.65484,0.67678,0.18227,95.767
-0.68318,0.66888,0.18726,95.771
-0.68755,0.68468,0.19872,95.776
-0.66782,0.68468,0.21204,95.781
-0.64362,0.70443,0.21076,95.786
-0.63146,0.71627,0.20825,95.791
-0.62389,0.72812,0.22455,95.796
-0.62792,0.73602,0.22435,95.801
-0.65202,0.73997,0.22226,95.806
-0.64789,0.74392,0.21886,95.811
-0.64341,0.74787,0.20396,95.815
-0.6473,0.73207,0.19945,95.82
-0.65556,0.72812,0.20632,95.825
-0.6956,0.70048,0.19831,95.83
-0.71132,0.70443,0.18544,95.835
-0.69469,0.72417,0.1681,95.84
-0.67473,0.73997,0.17405,95.845
-0.69896,0.76366,0.1762,95.85
-0.70665,0.76761,0.16404,95.854
-0.69875,0.79526,0.16915,95.859
-0.6867,0.80315,0.17039,95.864
-0.6788,0.82685,0.17543,95.869
-0.64645,0.8387,0.17088,95.874
-0.63772,0.83475,0.14851,95.879
-0.65366,0.8071,0.14267,95.884
-0.67432,0.8229,0.16036,95.889
-0.61443,0.82685,0.17737,95.894
-0.58632,0.83475,0.18006,95.898
-0.53754,0.83475,0.16522,95.903
-0.46549,0.84264,0.17955,95.908
-0.46504,0.85844,0.16452,95.913
-0.48466,0.86634,0.14753,95.918
-0.48465,0.85449,0.14729,95.923
-0.46813,0.85844,0.13347,95.928
-0.44817,0.87029,0.13935,95.933
-0.42407,0.86239,0.14136,95.938
-0.46056,0.86634,0.1497,95.942
-0.46915,0.8308,0.16745,95.947
-0.46915,0.82685,0.16737,95.952
-0.47385,0.82685,0.19002,95.957
-0.50218,0.7992,0.19462,95.962
-0.50241,0.79526,0.20221,95.967
-0.50323,0.815,0.22946,95.972
-0.51148,0.79526,0.23601,95.977
-0.50733,0.77156,0.23207,95.981
-0.51962,0.77946,0.23881,95.986
-0.50299,0.8071,0.22163,95.991
-0.49462,0.81895,0.21108,95.996
-0.48729,0.8308,0.23506,96.001
-0.47915,0.84659,0.23226,96.006
-0.50324,0.8387,0.22993,96.011
-0.50312,0.8308,0.22594,96.016
-0.48259,0.84264,0.21263,96.021
-0.48685,0.86634,0.22042,96.025
-0.50325,0.85054,0.23017,96.03
-0.51931,0.85054,0.22872,96.035
-0.50762,0.86239,0.24155,96.04
-0.49935,0.85054,0.23436,96.045
-0.46814,0.85449,0.26803,96.05
-0.42833,0.87029,0.28346,96.055
-0.41606,0.87424,0.27695,96.06
-0.41569,0.84264,0.26482,96.064
-0.41923,0.81895,0.24864,96.069
-0.43908,0.8071,0.23892,96.074
-0.43551,0.79526,0.25439,96.079
-0.44734,0.80315,0.24579,96.084
-0.43542,0.82685,0.25118,96.089
-0.45173,0.84659,0.2578,96.094
-0.46448,0.86634,0.28013,96.099
-0.48021,0.89003,0.26765,96.104
-0.47208,0.91768,0.26509,96.108
-0.46051,0.94137,0.28199,96.113
-0.45649,0.94137,0.28235,96.118
-0.43996,0.94137,0.26845,96.123
-0.45214,0.96902,0.27176,96.128
-0.41542,0.96112,0.25567,96.133
-0.40704,0.96112,0.24488,96.138
-0.39088,0.98876,0.24304,96.143
-0.39465,0.97691,0.23477,96.147
-0.38685,0.98086,0.24325,96.152
-0.4113,0.98876,0.25275,96.157
-0.40727,0.96902,0.25271,96.162
-0.41542,0.96507,0.25575,96.167
-0.37066,0.95322,0.24031,96.172
-0.35826,0.94532,0.22972,96.177
-0.35067,0.91768,0.24524,96.182
-0.35514,0.90978,0.26007,96.187
-0.33518,0.91768,0.26587,96.191
-0.32705,0.94137,0.26323,96.196
-0.32281,0.94927,0.25607,96.201
-0.34233,0.98086,0.23572,96.206
-0.36195,0.98481,0.21864,96.211
-0.34934,1.0046,0.20094,96.216
-0.29003,1.0322,0.2376,96.221
-0.27007,1.0322,0.24325,96.226
-0.29841,1.0362,0.24847,96.23
-0.30622,1.048,0.24031,96.235
-0.30553,1.0441,0.21721,96.24
-0.30976,1.0164,0.22397,96.245
-0.31754,0.97691,0.21479,96.25
-0.3259,0.95322,0.2251,96.255
-0.30593,0.93742,0.23043,96.26
-0.28641,0.92558,0.25118,96.265
-0.30271,0.92163,0.25733,96.27
-0.29559,0.90978,0.28851,96.274
-0.2918,0.90583,0.29646,96.279
-0.26048,0.91373,0.32637,96.284
-0.24052,0.92558,0.33225,96.289
-0.22035,0.96507,0.33101,96.294
-0.22897,0.98481,0.34986,96.299
-0.21683,1.0243,0.34789,96.304
-0.22798,1.0598,0.31683,96.309
-0.21538,1.1072,0.29968,96.313
-0.21941,1.1349,0.29987,96.318
-0.21872,1.123,0.27661,96.323
-0.23831,1.0796,0.25859,96.328
-0.25849,1.0519,0.26007,96.333
-0.29129,1.0125,0.27941,96.338
-0.29243,1.0006,0.31753,96.343
-0.28486,1.0006,0.3336,96.348
-0.28531,0.98876,0.34871,96.353
-0.28107,0.99271,0.34148,96.357
-0.24067,0.98876,0.33734,96.362
-0.18399,0.98876,0.32706,96.367
-0.18273,1.0046,0.28517,96.372
-0.17448,1.0283,0.2787,96.377
-0.14615,1.0519,0.27403,96.382
-0.097762,1.1151,0.27195,96.387
-0.065653,1.1507,0.27555,96.392
-0.045473,1.1783,0.27408,96.396
-0.013115,1.1823,0.26937,96.401
0.0035279,1.1783,0.25156,96.406
0.0035609,1.123,0.25046,96.411
-0.016605,1.0717,0.25146,96.416
-0.036787,1.048,0.25302,96.421
-0.049733,1.0085,0.28184,96.426
-0.038917,0.95322,0.32402,96.431
-0.047288,0.94137,0.33457,96.436
-0.056121,0.93347,0.36054,96.44
-0.044657,0.94927,0.38112,96.445
-0.03698,0.96507,0.39367,96.45
-0.029198,1.0006,0.40277,96.455
-0.024964,1.0204,0.39586,96.46
0.0039274,1.0677,0.37248,96.465
0.056569,1.1191,0.36285,96.47
0.065848,1.1507,0.32201,96.475
0.09062,1.1783,0.30171,96.479
0.11942,1.1941,0.28154,96.484
0.13159,1.1783,0.27847,96.489
0.14778,1.1665,0.27584,96.494
0.15571,1.1349,0.27977,96.499
0.15849,1.0954,0.32155,96.504
0.16608,1.0519,0.33675,96.509
0.15292,0.99271,0.37285,96.514
0.14431,0.98876,0.39123,96.519
0.14363,0.97297,0.41393,96.523
0.12791,0.97691,0.40105,96.528
0.11598,0.97691,0.39613,96.533
0.12412,0.98481,0.39318,96.538
0.12468,1.0046,0.37439,96.543
0.12134,1.0283,0.35148,96.548
0.12523,1.048,0.35607,96.553
0.12971,1.0441,0.34101,96.558
0.13819,1.0677,0.32686,96.562
0.15129,1.0519,0.2931,96.567
0.16013,1.0441,0.26681,96.572
0.1435,1.0243,0.28416,96.577
0.13583,0.98876,0.27122,96.582
0.15971,0.96902,0.28066,96.587
0.17993,0.93742,0.278,96.592
0.18385,0.90583,0.28157,96.597
0.1958,0.88214,0.28602,96.602
0.20383,0.87424,0.28658,96.606
0.21934,0.85054,0.30674,96.611
0.24391,0.8308,0.29317,96.616
0.26433,0.8308,0.28347,96.621
0.27662,0.82685,0.2768,96.626
0.30072,0.81895,0.27881,96.631
0.32918,0.81895,0.26983,96.636
0.35396,0.8229,0.24906,96.641
0.34238,0.8071,0.23232,96.646
0.36661,0.78341,0.23018,96.65
0.37865,0.7992,0.23158,96.655
0.38325,0.79131,0.2126,96.66
0.3829,0.78736,0.22403,96.665
0.38267,0.7992,0.23194,96.67
0.3946,0.7992,0.23686,96.675
0.38634,0.80315,0.24389,96.68
0.40286,0.8071,0.23007,96.685
0.40734,0.80315,0.215,96.689
0.41905,0.79131,0.22736,96.694
0.41503,0.79131,0.227,96.699
0.41883,0.77551,0.23472,96.704
0.4147,0.77551,0.23819,96.709
0.4062,0.77551,0.25282,96.714
0.40242,0.76366,0.24455,96.719
0.37856,0.75971,0.23463,96.724
0.38671,0.75576,0.23143,96.729
0.39038,0.75181,0.24323,96.733
0.39037,0.76761,0.24354,96.738
0.39014,0.77946,0.25145,96.743
0.39037,0.77946,0.24378,96.748
0.37888,0.7992,0.2239,96.753
0.38369,0.8229,0.19788,96.758
0.38781,0.84264,0.1948,96.763
0.37965,0.86239,0.19831,96.768
0.37964,0.87029,0.19847,96.772
0.38732,0.89398,0.21117,96.777
0.41074,0.86634,0.23581,96.782
0.41084,0.88609,0.23237,96.787
0.42243,0.88214,0.24872,96.792
0.41887,0.89003,0.23317,96.797
0.41071,0.90978,0.23667,96.802
0.42312,0.89793,0.22601,96.807
0.41922,0.89003,0.22166,96.812
0.4268,0.87819,0.23749,96.816
0.41063,0.86634,0.23964,96.821
0.419,0.87424,0.22902,96.826
0.41888,0.88214,0.23301,96.831
0.42289,0.89398,0.23361,96.836
0.41875,0.90583,0.23732,96.841
0.41026,0.90188,0.25186,96.846
0.41106,0.90978,0.22517,96.851
0.43573,0.91768,0.20831,96.855
0.45958,0.93742,0.21855,96.86
0.46383,0.94532,0.21139,96.865
0.46395,0.93347,0.20732,96.87
0.43595,0.93347,0.20095,96.875
0.39154,0.92953,0.20457,96.88
0.33133,0.88214,0.1982,96.885
0.36691,0.86634,0.22032,96.89
0.39469,0.85054,0.23405,96.895
0.39823,0.87424,0.25023,96.899
0.38618,0.87424,0.24914,96.904
0.37402,0.87029,0.25182,96.909
0.35015,0.87029,0.24197,96.914
0.31837,0.86634,0.22749,96.919
0.31848,0.86634,0.22366,96.924
0.32259,0.89793,0.22081,96.929
0.31432,0.91768,0.22816,96.934
0.33451,0.93347,0.22644,96.938
0.33084,0.93347,0.21457,96.943
0.31075,0.93742,0.21284,96.948
0.29801,0.94532,0.23494,96.953
0.29008,0.95717,0.23061,96.958
0.31017,0.94927,0.23226,96.963
0.30191,0.94927,0.23921,96.968
0.29398,0.96112,0.23489,96.973
0.27838,0.95322,0.21794,96.978
0.26633,0.94927,0.21678,96.982
0.28229,0.93742,0.22182,96.987
0.28206,0.93742,0.2295,96.992
0.27816,0.94137,0.22538,96.997
0.27461,0.93347,0.20951,97.002
0.23434,0.91768,0.20942,97.007
0.2138,0.90583,0.22272,97.012
0.21782,0.90583,0.22308,97.017
0.22975,0.91373,0.22816,97.021
0.25385,0.90583,0.23017,97.026
0.23377,0.90583,0.22836,97.031
0.26612,0.92163,0.2239,97.036
0.25016,0.93742,0.21893,97.041
0.23397,0.94927,0.22156,97.046
0.20575,0.94927,0.22286,97.051
0.19358,0.94927,0.22562,97.056
0.21779,0.95717,0.22411,97.061
0.20654,0.96112,0.19625,97.065
0.18187,0.96507,0.21334,97.07
0.14986,0.95322,0.20637,97.075
0.13771,0.93347,0.20873,97.08
0.14161,0.93347,0.21293,97.085
0.12521,0.92163,0.22276,97.09
0.14907,0.93347,0.23283,97.095
0.13209,0.92558,0.26192,97.1
0.14046,0.92953,0.25121,97.104
0.15664,0.92558,0.24874,97.109
0.15285,0.93742,0.24095,97.114
0.18946,0.93742,0.22885,97.119
0.19003,0.93742,0.20967,97.124
0.16191,0.94532,0.2073,97.129
0.16179,0.95322,0.21129,97.134
0.13356,0.95322,0.2126,97.139
0.13333,0.95322,0.22027,97.144
0.12564,0.96112,0.2082,97.148
0.12576,0.95717,0.20428,97.153
0.13344,0.96902,0.21675,97.158
0.13734,0.97297,0.22103,97.163
0.15742,0.96902,0.22276,97.168
0.16109,0.97691,0.23478,97.173
0.15363,0.98086,0.21496,97.178
0.16213,0.97297,0.20018,97.183
0.1821,0.96507,0.20567,97.188
0.17063,0.96507,0.1854,97.192
0.1704,0.96112,0.19299,97.197
0.1338,0.95322,0.20493,97.202
0.11005,0.94137,0.19101,97.207
0.10993,0.95717,0.19516,97.212
0.12932,0.94927,0.21983,97.217
0.14538,0.95717,0.22144,97.222
0.1696,0.94137,0.21945,97.227
0.14963,0.96112,0.2142,97.231
0.10912,0.96112,0.2221,97.236
0.084907,0.95717,0.22369,97.241
0.077673,0.96902,0.19635,97.246
0.038203,0.96507,0.16963,97.251
0.058169,0.96507,0.17528,97.256
0.077682,0.95322,0.19603,97.261
0.089153,0.95717,0.21638,97.266
0.097414,0.96112,0.2095,97.271
0.12565,0.94137,0.2078,97.275
0.14195,0.93347,0.20142,97.28
0.13829,0.92163,0.18931,97.285
0.11833,0.90583,0.18335,97.29
0.08218,0.91768,0.18034,97.295
0.11398,0.89003,0.19419,97.3
0.10194,0.87819,0.19287,97.305
0.10963,0.87424,0.20502,97.31
0.089445,0.85449,0.20665,97.314
0.10987,0.85054,0.19687,97.319
0.114,0.85449,0.19348,97.324
0.14165,0.85844,0.21143,97.329
0.16161,0.87029,0.21731,97.334
0.16494,0.87424,0.24077,97.339
0.17273,0.88214,0.24932,97.344
0.18949,0.87424,0.22759,97.349
0.19018,0.89003,0.20489,97.354
0.19051,0.90188,0.19362,97.358
0.18271,0.90583,0.1853,97.363
0.19511,0.90188,0.1748,97.368
0.16343,0.91373,0.1568,97.373
0.17202,0.94137,0.13889,97.378
0.16409,0.95717,0.13465,97.383
0.16741,0.96507,0.15818,97.388
0.17166,0.97297,0.15103,97.393
0.14733,0.97297,0.15653,97.397
0.13562,0.98086,0.1441,97.402
0.13918,0.97297,0.15965,97.407
0.10326,0.97297,0.14872,97.412
0.11922,0.96507,0.15385,97.417
0.14367,0.94532,0.14411,97.422
0.14827,0.94532,0.12529,97.427
0.15228,0.94532,0.12565,97.432
0.16457,0.92953,0.11875,97.437
0.16031,0.95322,0.12653,97.441
0.16421,0.96112,0.13089,97.446
0.17637,0.96112,0.12814,97.451
0.1509,0.94137,0.17161,97.456
0.15159,0.94532,0.14867,97.461
0.16331,0.92558,0.16087,97.466
0.17687,0.89003,0.11137,97.471
0.19475,0.91768,0.18662,97.476
0.17536,0.92163,0.16188,97.48
0.17937,0.92953,0.1624,97.485
0.18361,0.94532,0.1554,97.49
0.17661,0.93742,0.11999,97.495
0.18061,0.97297,0.12106,97.5
0.19333,1.0046,0.099759,97.505
0.17749,1.0125,0.090798,97.51
0.18127,1.0243,0.099068,97.515
0.16577,1.0441,0.078835,97.52
0.15384,1.0362,0.073756,97.524
0.13743,1.0283,0.083662,97.529
0.10874,1.0322,0.10039,97.534
0.088897,1.0204,0.090676,97.539
0.073067,1.0125,0.0814,97.544
0.072848,0.99271,0.088679,97.549
0.068259,0.98876,0.10742,97.554
0.068034,0.98086,0.11493,97.559
0.068268,0.97297,0.1071,97.563
0.088693,0.97691,0.097482,97.568
0.072517,0.96902,0.099715,97.573
0.092141,0.96507,0.11679,97.578
0.10453,0.96507,0.10636,97.583
0.10488,0.96902,0.094934,97.588
0.12141,0.96112,0.080877,97.593
0.13299,0.96507,0.097385,97.598
0.12852,0.95717,0.11221,97.603
0.13254,0.96112,0.11265,97.607
0.13667,0.96507,0.10926,97.612
0.13987,0.97691,0.13671,97.617
0.13975,0.98086,0.14062,97.622
0.14067,0.98876,0.11009,97.627
0.12046,1.0006,0.11236,97.632
0.10416,1.0204,0.11898,97.637
0.12389,1.0243,0.13237,97.642
0.1239,1.0125,0.13213,97.646
0.079958,0.99666,0.12017,97.651
0.096148,0.98086,0.11747,97.656
0.084449,0.97297,0.10471,97.661
0.092587,0.98876,0.10192,97.666
0.08869,0.98086,0.097561,97.671
0.068726,0.97691,0.091838,97.676
0.072393,0.98481,0.10387,97.681
0.068484,0.99666,0.099905,97.686
0.061023,1.0046,0.080158,97.69
0.05276,1.0046,0.087108,97.695
0.069046,1.0204,0.081196,97.7
0.077078,1.0204,0.081919,97.705
0.077189,1.0283,0.07824,97.71
0.085231,1.0125,0.078648,97.715
0.096829,0.99666,0.094762,97.72
0.10119,0.99271,0.083536,97.725
0.10509,0.99666,0.087813,97.729
0.12081,0.99271,0.10069,97.734
0.11266,1.0006,0.10396,97.739
0.12138,1.0085,0.081822,97.744
0.12528,1.0164,0.086178,97.749
0.10152,1.0204,0.072579,97.754
0.069058,1.0006,0.080802,97.759
0.069177,0.99271,0.076808,97.764
0.072963,0.99271,0.084842,97.769
0.044859,0.97691,0.081997,97.773
0.056445,0.98086,0.098505,97.778
0.044739,0.98481,0.085991,97.783
0.061159,0.96902,0.075613,97.788
0.069988,0.98481,0.049796,97.793
0.053803,0.99271,0.052344,97.798
0.069403,1.0006,0.069293,97.803
0.073414,1.0085,0.069812,97.808
0.057349,1.0085,0.068366,97.812
0.069978,1.0006,0.050112,97.817
0.070542,1.0204,0.031324,97.822
0.074448,1.0125,0.035364,97.827
0.077889,1.0125,0.054907,97.832
0.07376,1.0085,0.058303,97.837
0.074112,0.99666,0.046558,97.842
0.078128,0.99666,0.046919,97.847
0.070324,1.0006,0.038603,97.852
0.085581,1.0046,0.066981,97.856
0.081898,1.0243,0.055505,97.861
0.098186,1.0362,0.049514,97.866
0.094513,1.0401,0.037723,97.871
0.074669,1.0283,0.028006,97.876
0.094872,1.0164,0.025741,97.881
0.094649,1.0046,0.033178,97.886
0.094431,0.98481,0.040456,97.891
0.082607,0.99271,0.031857,97.896
0.090074,0.97691,0.051446,97.9
0.089736,0.96507,0.062719,97.905
0.081813,0.97297,0.058317,97.91
0.11015,0.98481,0.053411,97.915
0.10155,0.97691,0.071712,97.92
0.10614,0.96902,0.052735,97.925
0.12221,0.96902,0.05418,97.93
0.13805,0.95322,0.062984,97.935
0.13402,0.98086,0.063174,97.939
0.13034,0.98876,0.051461,97.944
0.12599,0.98481,0.06253,97.949
0.13424,1.0006,0.055895,97.954
0.15856,1.0046,0.05047,97.959
0.17027,0.99666,0.062906,97.964
0.15799,0.99666,0.069494,97.969
0.15387,0.98481,0.072732,97.974
0.14571,1.0006,0.076161,97.979
0.12977,0.98481,0.070564,97.983
0.12942,0.99271,0.08223,97.988
0.11301,0.99666,0.092372,97.993
0.096718,0.98876,0.098441,97.998
0.096498,0.97297,0.1058,98.003
0.096953,0.98086,0.090611,98.008
0.092709,0.97691,0.097843,98.013
0.10866,0.96902,0.10297,98.018
0.10911,0.98481,0.087938,98.022
0.11715,0.97297,0.088425,98.027
0.11314,0.97691,0.088142,98.032
0.11738,0.97691,0.080831,98.037
0.11291,0.97691,0.095814,98.042
0.12083,0.97297,0.10029,98.047
0.10522,0.97691,0.083583,98.052
0.11761,0.98086,0.073237,98.057
0.1012,0.97691,0.083221,98.062
0.097291,0.99271,0.079338,98.066
0.089264,0.98481,0.078458,98.071
0.073313,0.98481,0.073176,98.076
0.072853,0.98481,0.088521,98.081
0.060922,0.98086,0.083522,98.086
0.07228,0.98086,0.10762,98.091
0.072057,0.96902,0.11506,98.096
0.072064,0.95717,0.11482,98.101
0.067465,0.96902,0.13388,98.105
0.083295,0.97691,0.14316,98.11
0.087422,0.98481,0.13984,98.115
0.091673,0.97691,0.13237,98.12
0.087427,0.97691,0.13968,98.125
0.078934,0.97691,0.1543,98.13
0.087307,0.98481,0.14368,98.135
0.087082,0.97691,0.15119,98.14
0.087067,1.0006,0.15166,98.145
0.087182,1.0006,0.14783,98.149
0.098654,1.0046,0.16817,98.154
0.10277,1.0243,0.16509,98.159
0.099093,1.0401,0.15354,98.164
0.083138,1.048,0.14841,98.169
0.091041,1.0717,0.15344,98.174
0.099069,1.0796,0.15432,98.179
0.10366,1.0875,0.13566,98.184
0.095278,1.0875,0.14645,98.188
0.10377,1.0914,0.1319,98.193
0.11169,1.0875,0.13638,98.198
0.10319,1.0993,0.15124,98.203
0.11134,1.0875,0.14789,98.208
0.11537,1.0638,0.14778,98.213
0.1397,1.0677,0.14236,98.218
0.14396,1.048,0.13465,98.223
0.13535,1.0441,0.15303,98.228
0.13972,1.0401,0.1418,98.232
0.14753,1.0164,0.14973,98.237
0.1558,1.0125,0.1427,98.242
0.14777,1.0046,0.14182,98.247
0.13125,0.98876,0.1554,98.252
0.13872,0.98086,0.17515,98.257
0.15065,0.97691,0.17999,98.262
0.1308,0.97297,0.17043,98.267
0.14642,0.94927,0.18675,98.271
0.154,0.94137,0.20266,98.276
0.16192,0.93742,0.20714,98.281
0.16088,0.94137,0.24175,98.286
0.14425,0.91768,0.25901,98.291
0.13209,0.91768,0.26176,98.296
0.14357,0.90583,0.28179,98.301
0.11558,0.89003,0.27511,98.306
0.1032,0.87424,0.28522,98.311
0.099516,0.89003,0.27367,98.315
0.087227,0.90583,0.28057,98.32
0.086769,0.90188,0.29584,98.325
0.063012,0.90978,0.28231,98.33
0.058996,0.90978,0.28195,98.335
0.050834,0.93347,0.28554,98.34
0.014229,0.92953,0.29755,98.345
0.0098655,0.93347,0.30878,98.35
0.0096235,0.95322,0.31685,98.354
0.0014664,0.96902,0.32027,98.359
-0.014373,0.97691,0.31131,98.364
-0.022298,0.98876,0.30699,98.369
-0.029764,1.0046,0.2874,98.374
-0.033797,1.0322,0.28759,98.379
-0.041386,1.0598,0.27207,98.384
-0.044839,1.0796,0.25292,98.389
-0.037391,1.0954,0.27314,98.394
-0.037396,1.1033,0.2733,98.398
-0.024668,1.123,0.25176,98.403
-0.00033081,1.1072,0.24594,98.408
-0.0047933,1.0835,0.26045,98.413
-0.00064772,1.0598,0.25651,98.418
0.016125,1.0322,0.23438,98.423
0.024617,1.0322,0.21976,98.428
0.02462,1.0283,0.21968,98.433
0.020613,1.0125,0.21901,98.438
0.0083457,0.99271,0.2252,98.442
-0.012419,0.98086,0.24617,98.447
0.0080147,0.96902,0.23624,98.452
0.015944,0.94927,0.2404,98.457
0.0080336,0.93742,0.23561,98.462
-0.00045465,0.92953,0.25007,98.467
-0.01628,0.91373,0.24064,98.472
-0.028214,0.91373,0.23572,98.477
-0.040035,0.91768,0.22704,98.481
-0.0084849,0.92558,0.24927,98.486
0.0077025,0.91373,0.24664,98.491
0.0079185,0.93742,0.23944,98.496
0.0037122,0.87029,0.24541,98.501
0.0001208,0.92953,0.23089,98.506
0.016529,0.93347,0.22091,98.511
0.0048205,0.94137,0.20847,98.516
0.012628,0.93347,0.21671,98.521
-0.019155,0.92953,0.20223,98.525
0.016637,0.94532,0.21731,98.53
0.072747,0.94927,0.22628,98.535
0.064717,0.94532,0.22548,98.54
0.060936,0.93742,0.21729,98.545
0.029247,0.96902,0.19968,98.55
0.049223,0.95322,0.20501,98.555
0.041073,0.95717,0.2082,98.56
0.037047,0.97297,0.20816,98.564
0.020982,0.97297,0.20671,98.569
0.024543,0.96507,0.22226,98.574
-0.0075736,0.94137,0.21889,98.579
-0.01928,0.94532,0.20638,98.584
0.0080265,0.94927,0.23584,98.589
0.016169,0.95717,0.23289,98.594
-0.0040224,0.94927,0.23476,98.599
-0.048314,0.94532,0.23454,98.604
-0.064955,0.94532,0.25228,98.608
-0.056932,0.96112,0.25331,98.613
-0.045005,0.97297,0.25847,98.618
-0.012419,0.98086,0.24617,98.623
0.0076481,1.0046,0.24845,98.628
-0.016095,0.98876,0.23446,98.633
-0.035836,0.99666,0.2213,98.638
-0.019418,0.98481,0.211,98.643
-0.019075,0.98876,0.19957,98.647
-0.026995,0.99271,0.19509,98.652
-0.031004,0.98086,0.1945,98.657
-0.039145,0.96902,0.19737,98.662
-0.035822,0.97297,0.22083,98.667
-0.024008,0.98086,0.22974,98.672
-0.032956,0.97297,0.25955,98.677
-0.053256,0.95322,0.26503,98.682
-0.069657,0.93742,0.27477,98.687
-0.029508,0.96112,0.27886,98.691
-0.017802,0.95717,0.29138,98.696
-0.017575,0.96112,0.28378,98.701
0.0033126,0.96112,0.25874,98.706
0.015707,0.96112,0.24831,98.711
0.0038809,0.97297,0.23979,98.716
-0.023761,0.95322,0.22152,98.721
-0.039265,0.97691,0.20137,98.726
-0.0064629,1.0085,0.18187,98.73
0.013621,1.0046,0.1836,98.735
0.017858,1.0204,0.1766,98.74
-0.0068105,1.0125,0.19346,98.745
-0.031014,0.99666,0.19481,98.75
-0.031249,1.0046,0.20264,98.755
-0.035711,0.98086,0.21715,98.76
-0.044312,0.96902,0.23537,98.765
-0.056925,0.94927,0.25308,98.77
-0.064852,0.96507,0.24883,98.774
-0.060718,0.96112,0.24528,98.779
-0.052352,0.98086,0.23489,98.784
-0.048004,1.0046,0.22421,98.789
-0.028242,0.96112,0.23666,98.794
-0.060824,0.94532,0.2488,98.799
-0.096611,0.92163,0.23357,98.804
-0.084571,0.93742,0.23497,98.809
-0.071719,0.94137,0.20927,98.813
-0.063586,0.96507,0.20663,98.818
-0.054177,0.97297,0.16148,98.823
-0.045696,0.99271,0.14725,98.828
-0.089647,0.99666,0.13568,98.833
-0.11397,0.98876,0.14103,98.838
-0.13783,0.97691,0.13095,98.843
-0.11053,0.99271,0.16065,98.848
-0.090915,1.0006,0.17796,98.853
-0.063605,0.99666,0.20726,98.857
-0.019545,1.0046,0.21523,98.862
-0.019205,1.0125,0.20388,98.867
-0.03088,0.96507,0.19034,98.872
-0.038675,0.95322,0.18171,98.877
-0.050607,0.94927,0.17671,98.882
-0.050719,0.94532,0.18047,98.887
-0.059426,0.91768,0.20221,98.892
-0.091786,0.91768,0.20699,98.896
-0.071829,0.93347,0.21295,98.901
-0.059083,0.92163,0.19078,98.906
-0.055654,0.94137,0.21072,98.911
-0.047398,0.95322,0.20401,98.916
-0.051415,0.95322,0.20365,98.921
-0.059226,0.96902,0.19556,98.926
-0.058632,0.93742,0.17575,98.931
-0.065988,0.96112,0.15248,98.936
-0.045797,0.96902,0.15061,98.94
-0.052446,0.96507,0.10378,98.945
-0.080442,0.96112,0.097331,98.95
-0.056114,0.96112,0.091827,98.955
-0.036378,0.96112,0.10514,98.96
-0.032369,0.97297,0.10574,98.965
-0.072184,0.96902,0.090538,98.97
-0.10902,0.96902,0.1103,98.975
-0.1089,0.95717,0.10623,98.979
-0.1097,0.94927,0.13293,98.984
-0.097423,0.95322,0.12642,98.989
-0.086065,0.95322,0.15052,98.994
-0.091467,0.96112,0.19635,98.999
-0.084132,0.97297,0.22033,99.004
-0.081403,1.0085,0.2636,99.009
-0.062966,1.0638,0.32022,99.014
0.0082157,1.1902,0.36377,99.019
0.14406,1.4074,0.39957,99.023
0.33969,1.6364,0.45638,99.028
0.51249,1.8576,0.46866,99.033
0.62612,2.0116,0.43966,99.038
0.66043,2.0274,0.36997,99.043
0.65085,1.9326,0.28644,99.048
0.62063,1.6167,0.2197,99.053
