0.022236,0.97297,0.29914,44.57
0.01822,0.97297,0.29878,44.575
0.029926,0.96902,0.3113,44.58
0.025792,0.97297,0.31485,44.585
0.01822,0.97297,0.29878,44.59
0.030722,0.98481,0.28476,44.595
0.030381,0.97691,0.29611,44.6
0.0344,0.97297,0.29639,44.604
0.034513,0.97691,0.29263,44.609
0.030041,0.96902,0.30746,44.614
0.038299,0.97691,0.30067,44.619
0.030501,0.96902,0.29211,44.624
0.034525,0.95717,0.29224,44.629
0.026382,0.94927,0.29519,44.634
0.042207,0.96507,0.30463,44.639
0.034515,0.97297,0.29255,44.644
0.050575,0.98086,0.29416,44.648
0.041975,0.96902,0.31238,44.653
0.05058,0.97297,0.294,44.658
0.046219,0.97297,0.30515,44.663
0.038301,0.97297,0.30059,44.668
0.029811,0.96902,0.31513,44.673
0.03429,0.96507,0.30007,44.678
0.045996,0.96112,0.31258,44.683
0.050007,0.96902,0.3131,44.688
0.04243,0.97691,0.29719,44.692
0.050463,0.97691,0.29791,44.697
0.026252,0.97297,0.2995,44.702
0.034059,0.96507,0.30774,44.707
0.037728,0.96902,0.31969,44.712
0.045991,0.96902,0.31274,44.717
0.050009,0.96507,0.31302,44.722
0.05058,0.97297,0.294,44.727
0.058845,0.96902,0.28697,44.731
0.054364,0.97691,0.30211,44.736
0.050463,0.97691,0.29791,44.741
0.046679,0.97297,0.2898,44.746
0.046343,0.95717,0.301,44.751
0.054254,0.96902,0.30579,44.756
0.046219,0.97297,0.30515,44.761
0.058268,0.97297,0.30623,44.766
0.054937,0.98086,0.28301,44.771
0.05838,0.97691,0.30247,44.775
0.050345,0.98086,0.30183,44.78
0.038757,0.98086,0.2854,44.785
0.04243,0.97691,0.29719,44.79
0.037951,0.98086,0.31225,44.795
0.050348,0.97691,0.30175,44.8
0.042083,0.98086,0.30878,44.805
0.034165,0.98086,0.30422,44.81
0.0422,0.97691,0.30486,44.814
0.038529,0.97691,0.29299,44.819
0.030264,0.98086,0.30002,44.824
0.04232,0.96902,0.30087,44.829
0.038301,0.97297,0.30059,44.834
0.05861,0.97691,0.2948,44.839
0.034167,0.97691,0.30414,44.844
0.018102,0.97691,0.3027,44.849
0.030038,0.97297,0.30754,44.854
0.03429,0.96507,0.30007,44.858
0.038759,0.97691,0.28532,44.863
0.038762,0.97297,0.28524,44.868
0.030266,0.97691,0.29994,44.873
0.046331,0.97691,0.30139,44.878
0.038414,0.97691,0.29683,44.883
0.050578,0.97691,0.29408,44.888
0.046338,0.96507,0.30115,44.893
0.038527,0.98086,0.29307,44.897
0.030381,0.97691,0.29611,44.902
0.042773,0.98086,0.28576,44.907
0.05081,0.97297,0.28633,44.912
0.03452,0.96507,0.2924,44.917
0.030386,0.96902,0.29595,44.922
0.046684,0.96507,0.28964,44.927
0.050583,0.96902,0.29392,44.932
0.034055,0.97297,0.3079,44.937
0.038644,0.97691,0.28916,44.941
0.038762,0.97297,0.28524,44.946
0.030729,0.97297,0.28452,44.951
0.030379,0.98086,0.29619,44.956
0.038416,0.97297,0.29675,44.961
0.034637,0.96112,0.28848,44.966
0.034513,0.97691,0.29263,44.971
0.034167,0.97691,0.30414,44.976
0.034172,0.96902,0.30398,44.98
0.030156,0.96902,0.30362,44.985
0.034172,0.96902,0.30398,44.99
0.042099,0.95322,0.30823,44.995
0.03028,0.95322,0.29947,45
0.034407,0.96112,0.29615,45.005
0.030271,0.96902,0.29979,45.01
0.034635,0.96507,0.28856,45.015
0.03463,0.97297,0.28872,45.02
0.038069,0.97691,0.30834,45.024
0.046101,0.97691,0.30906,45.029
0.046562,0.97691,0.29372,45.034
0.038646,0.97297,0.28908,45.039
0.038414,0.97691,0.29683,45.044
0.038536,0.96507,0.29276,45.049
0.022581,0.97297,0.28763,45.054
0.042545,0.97691,0.29336,45.059
0.034407,0.96112,0.29615,45.063
0.026605,0.96112,0.28776,45.068
0.026943,0.97297,0.27649,45.073
0.030964,0.96507,0.27669,45.078
0.042327,0.95717,0.30063,45.083
0.046564,0.97297,0.29364,45.088
0.042317,0.97297,0.30095,45.093
0.046444,0.98086,0.29763,45.098
0.050935,0.95717,0.28218,45.103
0.050933,0.96112,0.28225,45.107
0.059188,0.97297,0.27554,45.112
0.054714,0.96902,0.29045,45.117
0.046221,0.96902,0.30507,45.122
0.038419,0.96902,0.29667,45.127
0.042888,0.98086,0.28193,45.132
0.042207,0.96507,0.30463,45.137
0.042087,0.97297,0.30862,45.142
0.042315,0.97691,0.30103,45.146
0.034393,0.98481,0.29663,45.151
0.030386,0.96902,0.29595,45.156
0.026027,0.96507,0.30702,45.161
0.042435,0.96902,0.29703,45.166
0.034402,0.96902,0.29631,45.171
0.026943,0.97297,0.27649,45.176
0.026135,0.97691,0.30342,45.181
0.037958,0.96902,0.31202,45.186
0.038769,0.96112,0.28501,45.19
0.026262,0.95717,0.29919,45.195
0.030384,0.97297,0.29603,45.2
0.033942,0.96902,0.31166,45.205
0.046221,0.96902,0.30507,45.21
0.058157,0.96507,0.30991,45.215
0.0344,0.97297,0.29639,45.22
0.046566,0.96902,0.29356,45.225
0.038078,0.96112,0.30802,45.229
0.034412,0.95322,0.296,45.234
0.037961,0.96507,0.31194,45.239
0.033947,0.96112,0.3115,45.244
0.041979,0.96112,0.31222,45.249
0.042202,0.97297,0.30479,45.254
0.038421,0.96507,0.29659,45.259
0.050463,0.97691,0.29791,45.264
0.058387,0.96507,0.30224,45.269
0.062981,0.96112,0.28334,45.273
0.063202,0.97691,0.27598,45.278
0.059181,0.98481,0.27578,45.283
0.05058,0.97297,0.294,45.288
0.042663,0.97297,0.28944,45.293
0.05838,0.97691,0.30247,45.298
0.05873,0.96902,0.29081,45.303
0.062521,0.96112,0.29868,45.308
0.062974,0.97297,0.28358,45.313
0.066765,0.96507,0.29145,45.317
0.066418,0.96902,0.30304,45.322
0.054371,0.96507,0.30188,45.327
0.062401,0.96902,0.30268,45.332
0.062744,0.97297,0.29125,45.337
0.062519,0.96507,0.29876,45.342
0.062399,0.97297,0.30276,45.347
0.062171,0.96902,0.31035,45.352
0.06642,0.96507,0.30296,45.356
0.070662,0.97297,0.29581,45.361
0.050465,0.97297,0.29784,45.366
0.038531,0.97297,0.29292,45.371
0.038649,0.96902,0.289,45.376
0.038076,0.96507,0.3081,45.381
0.03739,0.95717,0.33096,45.386
0.037615,0.96507,0.32345,45.391
0.017877,0.96902,0.31021,45.396
0.034863,0.96902,0.28097,45.4
0.043236,0.97691,0.27034,45.405
0.038301,0.97297,0.30059,45.41
0.046794,0.97297,0.28597,45.415
0.042548,0.97297,0.29328,45.42
0.046216,0.97691,0.30523,45.425
0.05046,0.98086,0.29799,45.43
0.054592,0.98086,0.29452,45.435
0.054592,0.98086,0.29452,45.439
0.042423,0.98876,0.29743,45.444
0.034745,0.97297,0.28488,45.449
0.030846,0.96902,0.2806,45.454
0.039004,0.95322,0.27718,45.459
0.038421,0.96507,0.29659,45.464
0.033601,0.96112,0.32301,45.469
0.029472,0.95717,0.3264,45.474
0.021545,0.97297,0.32216,45.479
0.021776,0.97297,0.31449,45.483
0.026269,0.94532,0.29895,45.488
0.03005,0.95322,0.30714,45.493
0.022013,0.96112,0.30658,45.498
0.021322,0.96112,0.3296,45.503
0.030154,0.97297,0.3037,45.508
0.047142,0.96902,0.27438,45.513
0.059653,0.96507,0.26004,45.518
0.047139,0.97297,0.27446,45.522
0.046566,0.96902,0.29356,45.527
0.050806,0.98086,0.28648,45.532
0.06285,0.98876,0.28773,45.537
0.067099,0.98481,0.28034,45.542
0.06378,0.97297,0.25672,45.547
0.067681,0.97297,0.26092,45.552
0.071465,0.97691,0.26903,45.557
0.080073,0.97691,0.25057,45.562
0.091887,0.98481,0.25949,45.566
0.088098,0.98876,0.25153,45.571
0.079725,0.98086,0.26216,45.576
0.071115,0.98481,0.2807,45.581
0.070307,0.98876,0.30763,45.586
0.053098,0.97691,0.34431,45.591
0.053681,0.96507,0.32489,45.596
0.065957,0.96902,0.31838,45.601
0.054954,0.95322,0.28246,45.605
0.051167,0.95322,0.27442,45.61
0.062873,0.94927,0.28694,45.615
0.058975,0.94532,0.28266,45.62
0.054608,0.95322,0.29397,45.625
0.047031,0.96112,0.27806,45.63
0.042428,0.98086,0.29727,45.635
0.04266,0.97691,0.28952,45.64
0.030842,0.97691,0.28076,45.645
0.042428,0.98086,0.29727,45.649
0.058718,0.98876,0.2912,45.654
0.047017,0.98481,0.27853,45.659
0.051722,0.98876,0.25595,45.664
0.059754,0.98876,0.25667,45.669
0.043219,1.0046,0.27089,45.674
0.051717,0.99666,0.25611,45.679
0.055393,0.98876,0.26782,45.684
0.043459,0.98876,0.2629,45.688
0.066995,0.96507,0.28378,45.693
0.062408,0.95717,0.30244,45.698
0.066305,0.96507,0.3068,45.703
0.054942,0.97297,0.28285,45.708
0.059181,0.98481,0.27578,45.713
0.046679,0.97297,0.2898,45.718
0.038879,0.96902,0.28133,45.723
0.046794,0.97297,0.28597,45.728
0.043123,0.97297,0.2741,45.732
0.031304,0.97297,0.26534,45.737
0.023035,0.98481,0.27252,45.742
0.034748,0.96902,0.2848,45.747
0.039217,0.98086,0.27006,45.752
0.035088,0.97691,0.27345,45.757
0.038872,0.98086,0.28156,45.762
0.034633,0.96902,0.28864,45.767
0.0507,0.96507,0.29001,45.771
0.051041,0.97297,0.27865,45.776
0.054716,0.96507,0.29037,45.781
0.04301,0.96902,0.27785,45.786
0.051052,0.95322,0.27826,45.791
0.039457,0.96507,0.26207,45.796
0.048062,0.96902,0.24369,45.801
0.063547,0.97691,0.26447,45.806
0.047029,0.96507,0.27814,45.811
0.038996,0.96507,0.27741,45.815
0.026598,0.97297,0.28799,45.82
0.018332,0.97691,0.29502,45.825
0.014781,0.96902,0.27916,45.83
0.018459,0.95717,0.29079,45.835
0.0064105,0.95717,0.28971,45.84
0.0062978,0.95322,0.29347,45.845
0.018802,0.96112,0.27936,45.85
0.0065209,0.96507,0.28603,45.854
0.0068567,0.98086,0.27484,45.859
0.018678,0.97691,0.28351,45.864
0.018448,0.97691,0.29119,45.869
0.010983,0.98876,0.27152,45.874
0.0027229,0.98481,0.27839,45.879
-0.0055327,0.97297,0.2851,45.884
-0.0016363,0.98086,0.28946,45.889
0.0067392,0.98481,0.27875,45.894
0.010643,0.98086,0.28287,45.898
0.014896,0.96902,0.27532,45.903
0.023845,0.97691,0.24551,45.908
0.023735,0.96902,0.24919,45.913
0.031993,0.97691,0.2424,45.918
0.027521,0.96902,0.25723,45.923
0.031415,0.98086,0.26166,45.928
0.019246,0.98876,0.26457,45.933
0.023269,0.97691,0.26469,45.938
0.01903,0.96507,0.27177,45.942
0.034405,0.96507,0.29623,45.947
0.038644,0.97691,0.28916,45.952
0.043231,0.98481,0.2705,45.957
0.046789,0.98086,0.28612,45.962
0.054479,0.97691,0.29828,45.967
0.062394,0.98086,0.30291,45.972
0.06607,0.97297,0.31463,45.977
0.062164,0.98086,0.31059,45.981
0.049885,0.98086,0.31718,45.986
0.066295,0.98086,0.30711,45.991
0.066528,0.97691,0.29936,45.996
0.051048,0.96112,0.27842,46.001
0.046919,0.95717,0.28181,46.006
0.070671,0.95717,0.29549,46.011
0.062986,0.95322,0.28318,46.016
0.074918,0.95717,0.28818,46.021
0.075148,0.95717,0.28051,46.025
0.079284,0.94927,0.27688,46.03
0.079279,0.95717,0.27703,46.035
0.086741,0.94927,0.29678,46.04
0.094539,0.95717,0.30533,46.045
0.1066,0.94137,0.3061,46.05
0.098569,0.93347,0.30522,46.055
0.11486,0.94927,0.29931,46.06
0.12679,0.94532,0.30415,46.064
0.12301,0.93742,0.29596,46.069
0.12703,0.93347,0.29624,46.074
0.15054,0.94532,0.31783,46.079
0.13827,0.94137,0.32434,46.084
0.14181,0.96507,0.34052,46.089
0.14123,0.96902,0.35978,46.094
0.14513,0.97691,0.36413,46.099
0.14455,0.98481,0.38347,46.104
0.13719,1.0085,0.36021,46.108
0.13706,1.0283,0.36444,46.113
0.10894,1.0401,0.36214,46.118
0.088169,1.0441,0.38343,46.123
0.071065,1.048,0.41659,46.128
0.049823,1.0638,0.45346,46.133
0.02159,1.0717,0.45493,46.138
0.013433,1.0875,0.45835,46.143
-0.010092,1.0914,0.43708,46.147
-0.045424,1.0756,0.40666,46.152
-0.05689,1.0638,0.38616,46.157
-0.069157,1.0441,0.39235,46.162
-0.10953,1.0164,0.39586,46.167
-0.14303,0.99271,0.43853,46.172
-0.16321,0.96112,0.43993,46.177
-0.18774,0.91768,0.45224,46.182
-0.20413,0.89003,0.46175,46.187
-0.22489,0.87029,0.48257,46.191
-0.23382,0.8308,0.51175,46.196
-0.23405,0.815,0.5191,46.201
-0.2415,0.80315,0.49896,46.206
-0.26203,0.7992,0.51242,46.211
-0.2502,0.77946,0.52079,46.216
-0.22256,0.80315,0.53913,46.221
-0.19113,0.81105,0.5652,46.226
-0.18104,0.84264,0.4975,46.23
-0.16674,0.89398,0.55752,46.235
-0.13039,0.94532,0.55412,46.24
-0.082312,0.94927,0.56237,46.245
-0.046508,0.94532,0.57706,46.25
0.010297,0.94137,0.56286,46.255
0.027518,0.93347,0.52578,46.26
0.061387,0.91373,0.47073,46.265
0.082854,0.90583,0.42635,46.27
0.11237,0.87029,0.38213,46.274
0.12854,0.88609,0.38006,46.279
0.12774,0.87819,0.40676,46.284
0.12269,0.87819,0.44092,46.289
0.12095,0.89793,0.49886,46.294
0.12049,0.90188,0.51428,46.299
0.11233,0.90978,0.51755,46.304
0.088251,0.88609,0.51491,46.309
0.10859,0.84264,0.50818,46.313
0.097221,0.85844,0.48439,46.318
0.069448,0.86634,0.47051,46.323
0.06902,0.81105,0.48475,46.328
0.080278,0.78736,0.51222,46.333
0.092343,0.75971,0.51275,46.338
0.091549,0.73997,0.53921,46.343
0.087063,0.75576,0.55451,46.348
0.070648,0.76366,0.56473,46.353
0.042177,0.78341,0.57411,46.357
0.013718,0.78341,0.58308,46.362
0.016809,0.79131,0.61429,46.367
-0.0075264,0.80315,0.62003,46.372
-0.043812,0.84264,0.62141,46.377
-0.069321,0.89398,0.6663,46.382
-0.090227,0.92558,0.69197,46.387
-0.11122,0.91768,0.7207,46.392
-0.15081,0.92163,0.69798,46.396
-0.18282,0.90978,0.69102,46.401
-0.21517,0.89003,0.6954,46.406
-0.23064,0.85449,0.67407,46.411
-0.25024,0.82685,0.65636,46.416
-0.25013,0.83475,0.65268,46.421
-0.27398,0.79526,0.64206,46.426
-0.26088,0.77551,0.60822,46.431
-0.24377,0.75181,0.57467,46.436
-0.23905,0.73207,0.55162,46.44
-0.22727,0.80315,0.56179,46.445
-0.24396,0.87819,0.58102,46.45
-0.25809,0.89793,0.64939,46.455
-0.25281,0.87819,0.74179,46.46
-0.25843,0.87819,0.79513,46.465
-0.27978,0.87029,0.83537,46.47
-0.30042,0.84264,0.85219,46.475
-0.32346,0.8071,0.81479,46.479
-0.32194,0.77551,0.76428,46.484
-0.33121,0.73997,0.67042,46.489
-0.33658,0.70837,0.58083,46.494
-0.35435,0.70048,0.50214,46.499
-0.36926,0.68863,0.46209,46.504
-0.37281,0.68468,0.44631,46.509
-0.40551,0.66888,0.46228,46.514
-0.43831,0.63729,0.48178,46.519
-0.51173,0.6057,0.51301,46.523
-0.54773,0.55041,0.50481,46.528
-0.55551,0.51092,0.49563,46.533
-0.53573,0.43983,0.50753,46.538
-0.4617,0.40034,0.59034,46.543
-0.35475,0.38455,0.64965,46.548
-0.20592,0.39639,0.65559,46.553
-0.043686,0.43983,0.61721,46.558
0.12818,0.50302,0.52623,46.563
0.29212,0.59385,0.43125,46.567
0.43412,0.70837,0.39631,46.572
0.48285,0.76761,0.38265,46.577
0.51618,0.88214,0.34563,46.582
0.54987,0.96902,0.29654,46.587
0.53534,1.0875,0.24375,46.592
0.54984,1.206,0.29743,46.597
0.51902,1.3086,0.38519,46.602
0.51896,1.4034,0.38708,46.606
0.55211,1.435,0.35607,46.611
0.62062,1.4232,0.35431,46.616
0.63351,1.3758,0.32759,46.621
0.62874,1.2889,0.35235,46.626
0.6094,1.1783,0.45995,46.631
0.57275,1.0519,0.47336,46.636
0.53691,0.93742,0.46015,46.641
0.53304,0.88609,0.45493,46.646
0.50808,0.78736,0.48148,46.65
0.50309,0.66888,0.51328,46.655
0.5287,0.64914,0.46519,46.66
0.59376,0.66493,0.44443,46.665
0.59348,0.74787,0.45376,46.67
0.56874,0.86239,0.47306,46.675
0.55145,0.97297,0.51218,46.68
0.46624,1.0875,0.53373,46.685
0.38595,1.2099,0.5251,46.689
0.28502,1.3165,0.53354,46.694
0.14783,1.4271,0.54264,46.699
0.01465,1.5337,0.55202,46.704
-0.077542,1.6127,0.5376,46.709
-0.1253,1.6522,0.51871,46.714
-0.17743,1.7036,0.5112,46.719
-0.23368,1.747,0.507,46.724
-0.27467,1.7865,0.53103,46.729
-0.32345,1.7983,0.54611,46.733
-0.39265,1.7944,0.57058,46.738
-0.43303,1.7707,0.57416,46.743
-0.42912,1.7628,0.5782,46.748
-0.34799,1.7588,0.5585,46.753
-0.32662,1.7312,0.51756,46.758
-0.27597,1.668,0.44007,46.763
-0.26644,1.6562,0.39069,46.768
-0.26975,1.6285,0.36675,46.772
-0.23312,1.589,0.35388,46.777
-0.19703,1.5061,0.35931,46.782
-0.14851,1.5416,0.35285,46.787
-0.095603,1.5258,0.33421,46.792
-0.062418,1.4943,0.30195,46.797
-0.053899,1.4508,0.28646,46.802
-0.033106,1.4153,0.26454,46.807
-0.00012969,1.3481,0.23924,46.812
0.049245,1.3007,0.20427,46.816
0.024823,1.2652,0.2129,46.821
-0.028617,1.202,0.24914,46.826
-0.089399,1.1388,0.26164,46.831
-0.15362,1.0677,0.25444,46.836
-0.20579,1.0085,0.24856,46.841
-0.22593,0.90978,0.24862,46.846
-0.1872,0.81105,0.30013,46.851
-0.16412,0.77156,0.33604,46.855
-0.12333,0.66493,0.45298,46.86
-0.064745,0.55436,0.51374,46.865
0.0026824,0.43588,0.54821,46.87
0.051508,0.34505,0.53156,46.875
0.09068,0.28977,0.43396,46.88
0.066824,0.28977,0.28949,46.885
0.0026809,0.30556,0.14555,46.89
-0.08417,0.28582,0.087336,46.895
-0.18065,0.23843,0.081552,46.899
-0.21664,0.17919,0.073281,46.904
-0.19571,0.10416,0.046737,46.909
-0.15758,0.056769,-0.016172,46.914
-0.14823,-0.022214,-0.059224,46.919
-0.14753,-0.045909,-0.082715,46.924
-0.098713,-0.12094,-0.099055,46.929
-0.073624,-0.23942,-0.12994,46.934
-0.085348,-0.39738,-0.14185,46.938
-0.092154,-0.52375,-0.18345,46.943
-0.093639,-0.52375,-0.26821,46.948
-0.15185,-0.45267,-0.34127,46.953
-0.21615,-0.39738,-0.34595,46.958
-0.2699,-0.32235,-0.29928,46.963
-0.25682,-0.11699,-0.33247,46.968
-0.1297,0.12785,-0.40845,46.973
0.075252,0.30556,-0.39414,46.978
0.40005,0.3885,-0.21323,46.982
0.67034,0.46748,0.039628,46.987
0.77506,0.51882,0.17317,46.992
0.85692,0.6136,0.39785,46.997
0.86578,0.75181,0.50527,47.002
0.81656,0.93742,0.40069,47.007
0.59737,1.1941,0.18992,47.012
0.21026,1.4864,0.072452,47.017
0.076136,1.826,0.11333,47.021
0.26576,2.2801,0.37028,47.026
0.53925,2.7224,0.78456,47.031
0.76585,3.3148,1.1515,47.036
0.96535,3.7847,1.2134,47.041
0.96882,3.5794,0.96346,47.046
0.66945,3.0265,0.60618,47.051
0.46433,2.7817,0.32894,47.056
0.43029,2.7185,0.25538,47.061
0.48957,2.5961,0.29288,47.065
0.5299,2.4934,0.42525,47.07
0.34809,2.3512,0.57914,47.075
0.059564,2.209,0.66573,47.08
-0.17893,2.0708,0.69536,47.085
-0.33537,1.9405,0.67482,47.09
-0.45707,1.8734,0.57021,47.095
-0.70432,1.8141,0.48907,47.1
-0.80168,1.9168,0.3785,47.104
-0.74106,2.0669,0.37157,47.109
-0.64769,2.1103,0.48086,47.114
-0.57391,2.0985,0.57189,47.119
-0.43374,1.9997,0.59791,47.124
-0.37333,1.9129,0.59777,47.129
-0.2806,1.7036,0.59423,47.134
-0.22488,1.4034,0.61632,47.139
-0.15298,1.1033,0.63603,47.144
-0.09767,0.90188,0.6716,47.148
-0.058244,0.8071,0.56554,47.153
-0.0038317,0.80315,0.36264,47.158
-0.03549,0.80315,0.20977,47.163
-0.061379,0.73997,0.13309,47.168
-0.087363,0.64124,0.059537,47.173
-0.11363,0.44773,-0.0043979,47.178
-0.10764,0.21473,-0.070065,47.183
-0.08166,-0.041959,-0.13056,47.188
-0.07554,-0.28681,-0.2003,47.192
-0.038923,-0.47636,-0.34697,47.197
0.027339,-0.5514,-0.4079,47.202
0.11409,-0.73306,-0.48066,47.207
0.23824,-0.91472,-0.45773,47.212
0.34825,-1.049,-0.36589,47.217
0.42564,-1.1398,-0.26073,47.222
0.58791,-1.1714,-0.16598,47.227
0.74231,-1.0885,-0.077334,47.231
0.81667,-0.91472,-0.0056195,47.236
0.83169,-0.71331,0.030534,47.241
0.76996,-0.5277,0.07485,47.246
0.66872,-0.29865,0.0934,47.251
0.55995,-0.12489,0.094779,47.256
0.45245,0.033074,0.053643,47.261
0.37343,0.1634,0.0029776,47.266
0.34173,0.21473,-0.014235,47.271
0.29887,0.31346,-0.062278,47.275
0.2296,0.43194,-0.035369,47.28
0.10962,0.51882,0.07097,47.285
-0.04328,0.5899,0.20096,47.29
-0.18607,0.65309,0.26246,47.295
-0.27266,0.74392,0.32957,47.3
-0.3605,0.8387,0.30432,47.305
-0.44831,0.88214,0.27806,47.31
-0.49053,0.86239,0.3431,47.314
-0.41671,0.77551,0.56727,47.319
-0.0901,0.69258,0.82196,47.324
0.38648,0.64914,0.91014,47.329
0.8224,0.72022,0.74308,47.334
0.95545,0.84264,0.60363,47.339
1.0724,1.2415,0.32979,47.344
1.0865,1.7075,0.12881,47.349
1.0713,2.0629,-0.034708,47.354
1.0643,2.3433,-0.072038,47.358
1.0329,2.4262,-0.10013,47.363
1.0323,2.0906,-0.079971,47.368
0.99445,1.7115,0.10906,47.373
0.83259,1.5574,0.53763,47.378
0.45581,1.5811,0.88117,47.383
0.0059212,1.6759,0.97721,47.388
-0.27058,1.5969,0.93151,47.393
-0.32521,1.2573,0.73901,47.397
-0.17862,1.0046,0.55096,47.402
-0.11352,0.95322,0.52887,47.407
-0.030267,1.0362,0.57264,47.412
-0.01227,1.2494,0.64392,47.417
-0.042147,1.5021,0.70014,47.422
-0.027268,1.7549,0.74115,47.427
0.039032,1.9997,0.67893,47.432
0.12481,2.2959,0.63872,47.437
0.12996,2.521,0.60137,47.441
0.039301,2.5329,0.53575,47.446
-0.027275,2.3828,0.4729,47.451
-0.057094,2.1735,0.39295,47.456
-0.12382,2.0906,0.33528,47.461
-0.19632,2.0471,0.33558,47.466
-0.27396,1.9602,0.37301,47.471
-0.3064,1.8971,0.38037,47.476
-0.31402,1.7865,0.36593,47.48
-0.357,1.7115,0.32209,47.485
-0.40869,1.5969,0.29977,47.49
-0.41422,1.4666,0.21588,47.495
-0.41666,1.3007,0.29697,47.5
-0.388,1.1586,0.28132,47.505
-0.33526,1.0519,0.26855,47.51
-0.33235,0.97691,0.30578,47.515
-0.30122,0.91768,0.34201,47.52
-0.27491,0.85449,0.40466,47.524
-0.24596,0.77946,0.51347,47.529
-0.16651,0.70443,0.5499,47.534
-0.081653,0.61754,0.54041,47.539
-0.041347,0.57015,0.53924,47.544
0.023781,0.46748,0.51613,47.549
0.051757,0.33321,0.38902,47.554
0.030351,0.27792,0.16288,47.559
-0.065288,0.19499,-0.0051016,47.563
-0.19225,0.092311,-0.068589,47.568
-0.31785,0.0014809,-0.043243,47.573
-0.35933,-0.10909,-0.003027,47.578
-0.29925,-0.21967,0.007862,47.583
-0.19063,-0.33025,0.01158,47.588
-0.09328,-0.39343,-0.011696,47.593
-0.043687,-0.42108,-0.053945,47.598
-0.026236,-0.42897,-0.098693,47.603
-0.012895,-0.47241,-0.14067,47.607
-0.0082986,-0.48031,-0.15965,47.612
-0.0027814,-0.48821,-0.20932,47.617
0.050212,-0.44872,-0.23069,47.622
0.095077,-0.44082,-0.24957,47.627
0.12399,-0.42108,-0.2735,47.632
0.11175,-0.29865,-0.26831,47.637
0.11865,-0.13674,-0.22983,47.642
0.16906,-0.022214,-0.1653,47.646
0.2102,0.088362,-0.19401,47.651
0.24962,0.18709,-0.30004,47.656
0.29733,0.23843,-0.27933,47.661
0.39511,0.17919,-0.048608,47.666
0.51422,0.14365,0.27683,47.671
0.59048,0.19499,0.41935,47.676
0.59075,0.31741,0.41028,47.681
0.52527,0.45563,0.31099,47.686
0.38319,0.69258,0.21447,47.69
0.15169,0.96902,0.14531,47.695
0.056066,1.2297,0.11114,47.7
0.20696,1.589,0.31655,47.705
0.56139,2.3631,0.71782,47.71
0.75803,3.3266,1.2779,47.715
0.82938,4.2863,1.5844,47.72
0.85681,4.7167,1.2069,47.725
0.57614,4.5983,0.49459,47.729
0.33854,3.611,0.09187,47.734
0.39044,3.0028,-0.027176,47.739
0.47862,3.1094,-0.013261,47.744
0.40728,3.2319,0.08278,47.749
0.20851,3.2477,0.1306,47.754
-0.24474,3.2042,0.20434,47.759
-0.62358,3.0936,0.21419,47.764
-0.89366,3.0107,0.22285,47.769
-1.0626,2.9278,0.21752,47.773
-1.1875,2.8212,0.21953,47.778
-1.209,2.6355,0.2639,47.783
-1.0289,2.3157,0.30063,47.788
-0.6819,1.9523,0.41307,47.793
-0.35931,1.51,0.53327,47.798
-0.099167,1.1151,0.58725,47.803
0.054462,0.96507,0.5673,47.808
0.067437,0.95717,0.53754,47.813
-0.01369,0.94927,0.55701,47.817
0.046092,0.95322,0.57785,47.822
0.099548,0.98876,0.54106,47.827
0.15832,0.96902,0.46133,47.832
0.19189,0.86634,0.41614,47.837
0.25809,0.71232,0.35747,47.842
0.2896,0.60175,0.24654,47.847
0.27347,0.55041,0.11327,47.852
0.19139,0.41219,0.030037,47.856
0.11359,0.23448,-0.061299,47.861
0.078038,0.013328,-0.084309,47.866
0.05144,-0.21177,-0.13736,47.871
0.033008,-0.46846,-0.19416,47.876
0.10262,-0.77255,-0.23245,47.881
0.19962,-1.0213,-0.24408,47.886
0.26854,-1.1438,-0.25956,47.891
0.39053,-1.3373,-0.29861,47.896
0.5525,-1.4321,-0.32824,47.9
0.66553,-1.4163,-0.33699,47.905
0.74486,-1.3057,-0.29686,47.91
0.73418,-1.1003,-0.20909,47.915
0.6365,-0.87128,-0.17483,47.92
0.48235,-0.63038,-0.13773,47.925
0.33051,-0.38158,-0.17719,47.93
0.19979,-0.15253,-0.24977,47.935
0.1143,0.05282,-0.35337,47.939
0.1025,0.21473,-0.36273,47.944
0.13958,0.3569,-0.25654,47.949
0.16752,0.44378,-0.11381,47.954
0.1925,0.48722,-0.0068293,47.959
0.18854,0.54251,0.25934,47.964
0.14074,0.62149,0.5105,47.969
0.064152,0.67678,0.64704,47.974
-0.019286,0.70443,0.60931,47.979
-0.035558,0.70443,0.34627,47.983
-0.017381,0.67678,0.0088459,47.988
-0.083543,0.62544,-0.20201,47.993
-0.24631,0.50302,-0.14602,47.998
-0.37382,0.30951,0.077128,48.003
-0.40883,0.10021,0.30444,48.008
-0.22677,-0.022214,0.4107,48.013
-0.0070018,-0.053807,0.46831,48.018
0.19435,-0.022214,0.7371,48.022
0.31204,0.033074,0.84111,48.027
0.65164,0.3648,0.6629,48.032
0.93728,0.96507,0.26978,48.037
1.1574,1.672,0.18064,48.042
1.2621,2.3196,0.31457,48.047
1.279,2.9159,0.42418,48.052
1.1961,3.3582,0.36787,48.057
0.96835,3.3227,0.17356,48.062
0.32865,2.8567,0.28746,48.066
-0.39927,2.4934,0.65705,48.071
-0.58205,2.6276,0.84331,48.076
-0.38925,2.6,0.86011,48.081
-0.25035,2.3354,0.79423,48.086
-0.25168,2.0511,0.83843,48.091
-0.28143,1.9089,0.89061,48.096
-0.34805,1.6127,0.96332,48.101
-0.39393,1.4232,0.74768,48.105
-0.4007,1.4706,0.43644,48.11
-0.44454,1.6641,0.42097,48.115
-0.32753,2.0866,0.54766,48.12
-0.028462,2.6158,0.64671,48.125
0.20005,2.7382,0.68126,48.13
0.26408,2.5645,0.56046,48.135
0.24537,2.4025,0.37859,48.14
0.2249,2.3038,0.25553,48.145
0.18949,2.2248,0.22768,48.149
0.12737,2.0906,0.2848,48.154
0.097706,1.9918,0.33401,48.159
0.096935,1.9326,0.35968,48.164
0.045751,1.7351,0.45498,48.169
0.0033317,1.4666,0.52657,48.174
-0.055019,1.1862,0.45801,48.179
-0.10811,0.94532,0.3484,48.184
-0.1555,0.75181,0.31719,48.188
-0.16449,0.62149,0.34839,48.193
-0.16498,0.47538,0.36466,48.198
-0.16858,0.3569,0.35043,48.203
-0.18722,0.25422,0.30054,48.208
-0.2249,0.1476,0.21423,48.213
-0.26073,-0.0024682,0.20031,48.218
-0.26556,-0.17228,0.22726,48.223
-0.26216,-0.3026,0.24804,48.228
-0.24159,-0.34604,0.23363,48.232
-0.14895,-0.37764,0.09901,48.237
-0.047983,-0.33814,-0.04498,48.242
-0.0055301,-0.3184,-0.1177,48.247
-0.027352,-0.2947,-0.061488,48.252
-0.082345,-0.26311,0.026515,48.257
-0.098565,-0.19598,0.030244,48.262
-0.092961,-0.15648,-0.022315,48.267
-0.059119,-0.13279,-0.076495,48.271
-0.053029,-0.13674,-0.14527,48.276
-0.043256,-0.16043,-0.20256,48.281
-0.034859,-0.19203,-0.21398,48.286
-0.018777,-0.21967,-0.21308,48.291
0.004165,-0.21177,-0.17239,48.296
0.01989,-0.21967,-0.1596,48.301
0.044983,-0.17228,-0.056376,48.306
0.091172,-0.089349,0.014833,48.311
0.12633,0.025176,0.051061,48.315
0.17769,0.10811,0.084269,48.32
0.19763,0.1476,0.0907,48.325
0.18925,0.15155,0.10156,48.33
0.16782,0.11995,0.010531,48.335
0.19185,0.072565,-0.25367,48.34
0.18086,0.068616,-0.55863,48.345
0.16737,-0.010366,-0.51142,48.35
0.30843,-0.12884,-0.11258,48.354
0.42512,-0.17623,0.42782,48.359
0.34831,0.044921,0.70613,48.364
0.23584,0.27792,0.56219,48.369
0.042053,0.8387,0.30978,48.374
0.11777,1.3363,-0.20045,48.379
0.48562,1.822,-0.38073,48.384
0.73571,2.6513,0.0084082,48.389
0.85306,3.7334,0.92919,48.394
1.0018,4.7523,1.6092,48.398
1.4089,5.5066,1.1955,48.403
1.6475,5.2854,0.48935,48.408
1.4655,4.5746,0.11256,48.413
1.0685,3.6347,-0.076609,48.418
0.77279,3.2437,-0.28799,48.423
0.57871,3.2793,-0.1278,48.428
0.0945,3.1371,0.30661,48.433
-0.20626,2.9041,0.53261,48.438
-0.71648,2.7738,0.49178,48.442
-1.0647,2.5368,0.28645,48.447
-1.3406,2.3907,0.085596,48.452
-1.6367,2.3157,0.022824,48.457
-1.7784,2.2406,0.04704,48.462
-1.5392,2.1301,0.1279,48.467
-1.0126,2.0669,0.29328,48.472
-0.49571,2.0471,0.38172,48.477
-0.20178,1.9642,0.38343,48.481
-0.076847,1.8181,0.38021,48.486
-0.0072241,1.6838,0.34148,48.491
0.087319,1.5219,0.27751,48.496
0.12291,1.2889,0.29914,48.501
0.14783,1.0519,0.40819,48.506
0.18315,0.89793,0.43906,48.511
0.21975,0.55041,0.29308,48.516
0.23563,0.31741,0.032123,48.521
0.20643,0.25422,-0.20257,48.525
0.1859,0.24633,-0.32382,48.53
0.19819,0.23053,-0.33072,48.535
0.1885,0.11995,-0.27611,48.54
0.15462,-0.041959,-0.22085,48.545
0.12972,-0.23942,-0.19627,48.55
0.11266,-0.50006,-0.16455,48.555
0.14761,-0.80414,-0.12132,48.56
0.24719,-1.1596,-0.084849,48.564
0.36601,-1.4163,-0.15238,48.569
0.53261,-1.5584,-0.33641,48.574
0.64474,-1.5742,-0.44972,48.579
0.85064,-1.6058,-0.60108,48.584
0.96469,-1.5782,-0.64411,48.589
0.9488,-1.5071,-0.51718,48.594
0.72483,-1.1991,-0.30038,48.599
0.44689,-0.81599,-0.16386,48.604
0.18973,-0.44477,-0.048798,48.608
0.022921,-0.13279,0.0078217,48.613
-0.040359,0.1318,0.10359,48.618
-0.0074399,0.33321,0.21444,48.623
0.030111,0.48722,0.17089,48.628
0.10937,0.55436,0.079352,48.633
0.13782,0.57805,0.070846,48.638
0.11443,0.51882,0.17911,48.643
0.12065,0.48327,0.24051,48.647
0.11893,0.46748,0.29773,48.652
0.14071,0.51092,0.24286,48.657
0.15146,0.582,0.15293,48.662
0.16452,0.62544,0.12036,48.667
0.17587,0.64124,0.14477,48.672
0.16415,0.67678,0.13289,48.677
0.10311,0.66888,0.019532,48.682
0.024901,0.5978,-0.058168,48.687
-0.12062,0.43194,-0.039963,48.691
-0.22956,0.26607,0.23542,48.696
-0.25129,0.056769,0.82551,48.701
0.047173,-0.030112,1.4815,48.706
0.72673,0.17919,1.3814,48.711
1.044,0.3648,1.2752,48.716
1.4075,1.0598,0.97178,48.721
1.6356,2.1419,0.21385,48.726
1.4974,3.2161,-0.011755,48.73
0.91492,3.8637,-0.058922,48.735
0.21046,3.7295,-0.47121,48.74
-0.072052,2.7698,-0.58507,48.745
0.10052,1.9247,0.10596,48.75
0.28723,1.9839,0.86251,48.755
-0.33433,2.2841,0.90874,48.76
-0.91829,2.4934,0.64111,48.765
-1.0736,2.525,0.58161,48.77
-0.8388,2.1419,0.81049,48.774
-0.5008,1.6127,1.0881,48.779
-0.33898,1.3916,1.0636,48.784
0.029215,1.1349,0.73768,48.789
0.23909,1.1862,0.45371,48.794
0.22077,1.4982,0.52754,48.799
0.25557,1.8062,0.70993,48.804
0.4298,2.1182,0.80879,48.809
0.74397,2.5329,0.80689,48.813
0.87629,2.7303,0.69196,48.818
0.71796,2.7066,0.46567,48.823
0.46515,2.5605,0.30152,48.828
0.28881,2.3196,0.27313,48.833
0.15511,2.138,0.29978,48.838
0.017107,2.0629,0.33587,48.843
-0.12429,1.905,0.35075,48.848
-0.19745,1.8181,0.37321,48.853
-0.3271,1.589,0.39927,48.857
-0.39236,1.3284,0.42665,48.862
-0.35893,1.0875,0.38637,48.867
-0.34906,0.89793,0.32577,48.872
-0.37597,0.8071,0.28307,48.877
-0.46003,0.72812,0.26623,48.882
-0.50886,0.62939,0.28294,48.887
-0.48906,0.52671,0.29421,48.892
-0.45331,0.42009,0.31068,48.896
-0.4421,0.27397,0.33954,48.901
-0.41494,0.13575,0.37384,48.906
-0.40373,0.0014809,0.40294,48.911
-0.3269,-0.089349,0.39265,48.916
-0.25194,-0.12489,0.31021,48.921
-0.15622,-0.11699,0.072795,48.926
-0.10571,-0.11304,-0.13415,48.931
-0.13679,-0.14859,-0.17227,48.936
-0.15487,-0.23942,-0.10648,48.94
-0.12568,-0.32235,-0.0054971,48.945
-0.065593,-0.44872,0.0050768,48.95
0.016583,-0.46452,-0.04939,48.955
0.075205,-0.42502,-0.1241,48.96
0.078056,-0.38158,-0.21915,48.965
0.031786,-0.33025,-0.28768,48.97
-0.0074606,-0.32235,-0.32182,48.975
-0.044995,-0.3105,-0.27881,48.979
-0.053975,-0.26706,-0.24797,48.984
-0.048888,-0.15253,-0.14906,48.989
0.0036645,-0.14464,-0.15571,48.994
0.049401,-0.073552,-0.069391,48.999
0.075393,0.0093792,0.0038476,49.004
0.066036,0.10811,0.047293,49.009
0.057253,0.20684,0.071558,49.014
0.056199,0.23843,0.10671,49.019
0.056319,0.23053,0.10272,49.023
0.08078,0.19894,0.09275,49.028
0.093302,0.17919,0.078096,49.033
0.14278,0.1555,0.039761,49.038
0.20955,0.20289,-0.17254,49.043
0.2604,0.21078,-0.39091,49.048
0.35532,0.16734,-0.33323,49.053
0.48056,0.044921,0.05641,49.058
0.56078,-0.022214,0.3354,49.063
0.69043,-0.057756,0.84643,49.067
0.68509,0.39639,1.0243,49.072
0.57597,0.98086,0.90306,49.077
0.48805,1.6601,0.4779,49.082
0.44819,2.5131,0.32981,49.087
0.47847,3.6307,0.79726,49.092
0.7232,5.1551,1.2306,49.097
1.1508,5.7277,0.80354,49.102
1.399,5.7198,-0.085941,49.106
1.4268,4.8352,-0.20883,49.111
1.3106,3.8321,-0.093182,49.116
1.1873,3.6505,-0.27717,49.121
0.96899,3.6386,-0.11626,49.126
0.73012,3.5517,0.060533,49.131
0.051121,3.3187,0.4102,49.136
-0.59764,3.0265,0.55754,49.141
-0.97612,2.7145,0.42107,49.146
-1.2422,2.446,0.16095,49.15
-1.5714,2.3117,-0.0059977,49.155
-1.7228,2.1024,0.072361,49.16
-1.594,1.6917,0.47963,49.165
-1.1786,1.1546,0.72554,49.17
-0.61734,0.85054,0.54302,49.175
-0.35229,0.71627,0.4334,49.18
-0.33507,0.70837,0.39633,49.185
-0.34912,0.81105,0.32788,49.189
-0.31498,0.90583,0.2636,49.194
-0.27403,0.94532,0.24115,49.199
-0.18785,0.95322,0.18752,49.204
-0.092815,0.92558,0.10705,49.209
-0.00047517,0.81105,-0.017721,49.214
0.058468,0.69653,-0.10318,49.219
0.10242,0.50697,-0.091475,49.224
0.090128,0.32926,-0.084596,49.229
0.065545,0.17919,-0.070576,49.233
0.0088333,0.025176,-0.059527,49.238
-0.0064326,-0.15648,-0.087614,49.243
0.022713,-0.34209,-0.11948,49.248
0.09527,-0.59089,-0.12177,49.253
0.21994,-0.86733,-0.11608,49.258
0.38534,-1.1201,-0.12548,49.263
0.48603,-1.2109,-0.12593,49.268
0.71323,-1.3768,-0.18188,49.272
0.86075,-1.4755,-0.26675,49.277
0.96081,-1.4478,-0.38028,49.282
0.93587,-1.3768,-0.48881,49.287
0.73895,-1.1793,-0.50259,49.292
0.4567,-0.85153,-0.49066,49.297
0.24362,-0.51585,-0.36849,49.302
0.11374,-0.19203,-0.2006,49.307
0.032311,0.10021,-0.03668,49.312
0.015836,0.3806,0.10977,49.316
0.020161,0.6136,0.23407,49.321
0.025443,0.78736,0.32649,49.326
-0.0050488,0.91373,0.40321,49.331
-0.017798,0.92953,0.42546,49.336
-0.072079,0.94532,0.35549,49.341
-0.076257,0.85054,0.22628,49.346
-0.045406,0.70048,0.13758,49.351
0.0036734,0.57015,0.11247,49.355
0.043433,0.49512,-0.0047007,49.36
0.056078,0.47933,-0.15775,49.365
0.033026,0.46353,-0.19476,49.37
-0.017429,0.39244,-0.12379,49.375
-0.060633,0.28187,-0.026025,49.38
-0.066331,0.18709,0.1639,49.385
0.05455,0.068616,0.43014,49.39
0.19275,-0.045909,0.79033,49.395
0.40825,-0.065654,0.99012,49.399
0.57101,0.025176,1.2028,49.404
1.035,0.3569,1.1742,49.409
1.5982,1.1349,0.92505,49.414
2.2346,2.3512,0.24886,49.419
2.555,3.8558,0.042363,49.424
2.1034,4.9892,-0.21025,49.429
1.0731,5.1077,-1.0353,49.434
0.0085245,3.7571,-0.9889,49.438
-0.53103,2.2169,0.21653,49.443
-0.26482,1.9405,1.0081,49.448
-0.080502,2.3078,0.7705,49.453
-0.41742,2.1656,0.45653,49.458
-0.75684,2.134,0.49459,49.463
-0.9845,2.0945,0.70026,49.468
-1.1166,1.8181,1.0752,49.473
-1.0736,1.5179,1.2539,49.478
-0.76883,1.0283,0.89453,49.482
-0.34725,0.94532,0.26534,49.487
-0.18247,1.1744,0.14242,49.492
-0.058172,1.4745,0.42888,49.497
0.26118,1.8102,0.7913,49.502
0.59852,2.2169,0.95673,49.507
0.7909,2.5329,0.85343,49.512
0.70622,2.5605,0.58863,49.517
0.44626,2.4697,0.39417,49.521
0.17373,2.2801,0.35046,49.526
-0.072409,2.0748,0.36651,49.531
-0.21394,1.9563,0.38603,49.536
-0.24713,1.8023,0.41843,49.541
-0.24352,1.7075,0.43224,49.546
-0.21574,1.5021,0.44602,49.551
-0.26491,1.206,0.47414,49.556
-0.27938,0.815,0.55349,49.561
-0.22956,0.44378,0.36976,49.565
-0.16642,0.23053,0.14422,49.57
-0.17622,0.13575,0.068356,49.575
-0.14114,0.17524,0.10692,49.58
-0.063508,0.25817,0.20404,49.585
0.050536,0.27792,0.29548,49.59
0.14201,0.24633,0.33386,49.595
0.18999,0.21473,0.34524,49.6
0.23638,0.17919,0.27561,49.604
0.22725,0.10416,0.17712,49.609
0.24827,0.076514,0.14769,49.614
0.25393,0.029125,0.093397,49.619
0.23823,-0.010366,0.079655,49.624
0.18626,-0.030112,0.066889,49.629
0.079572,-0.069603,-0.0012027,49.634
0.00055706,-0.14464,-0.052128,49.639
-0.025781,-0.22757,-0.11386,49.644
-0.032594,-0.34209,-0.15523,49.648
-0.0086533,-0.46452,-0.14783,49.653
0.027752,-0.51191,-0.15319,49.658
0.031998,-0.51191,-0.1605,49.663
0.027503,-0.48031,-0.14489,49.668
0.0030968,-0.34999,-0.13679,49.673
0.010424,-0.13279,-0.11255,49.678
0.013918,-0.030112,-0.094795,49.683
-0.0031548,0.11601,-0.062636,49.688
0.0076628,0.25028,-0.02051,49.692
0.0077377,0.31741,-0.023008,49.697
0.015876,0.33321,-0.025806,49.702
0.044709,0.28582,-0.047239,49.707
0.097191,0.21868,-0.051551,49.712
0.17583,0.15945,0.012041,49.717
0.2523,0.076514,0.013419,49.722
0.32738,0.040972,-0.072856,49.727
0.325,-0.0064173,-0.12787,49.731
0.337,-0.13279,0.0091619,49.736
0.41773,-0.27496,0.27131,49.741
0.51714,-0.35394,0.44793,49.746
0.53285,-0.17623,0.59523,49.751
0.48904,-0.034061,0.71337,49.756
0.2382,0.28977,1.0204,49.761
-0.04117,0.77156,1.0703,49.766
0.10204,1.5693,0.86063,49.771
0.48969,2.5092,0.82584,49.775
0.67617,3.7966,1.1876,49.78
0.76854,5.3328,1.1959,49.785
1.1956,5.9726,0.25085,49.79
1.7846,5.8738,-0.59053,49.795
2.1107,5.1393,-0.85668,49.8
1.7044,3.923,-0.60215,49.805
1.103,3.2556,-0.15417,49.81
0.6684,3.1173,0.10399,49.814
0.21424,2.8093,0.61088,49.819
-0.083216,2.6119,0.86096,49.824
-0.72184,2.2288,1.2074,49.829
-1.2444,1.9208,1.3081,49.834
-1.5365,1.5416,1.2473,49.839
-1.9259,0.92163,1.6076,49.844
-2.1029,0.30556,0.92926,49.849
-2.1033,0.18709,-0.13098,49.854
-2.0293,0.26212,-0.44978,49.858
-1.6406,0.77946,-0.25059,49.863
-1.0562,1.2376,0.0034993,49.868
-0.44531,1.4587,0.1783,49.873
-0.047544,1.5614,0.3431,49.878
0.040307,1.6206,0.50221,49.883
-0.10051,1.6404,0.49762,49.888
-0.18678,1.6246,0.4203,49.893
-0.22651,1.5179,0.13379,49.897
-0.11141,1.3442,-0.078589,49.902
0.031602,1.1112,-0.14731,49.907
0.15066,0.815,-0.088666,49.912
0.25825,0.49512,-0.05076,49.917
0.2748,0.27397,-0.065235,49.922
0.21179,0.10021,-0.11285,49.927
0.079055,0.044921,-0.11821,49.932
-0.046354,0.017277,-0.099272,49.937
-0.096365,-0.026163,-0.043095,49.941
-0.082674,-0.097247,0.037496,49.946
-0.067107,-0.22757,0.055524,49.951
-0.026628,-0.36974,0.04863,49.956
-0.013463,-0.50401,0.012509,49.961
0.040287,-0.57509,-0.034081,49.966
0.11486,-0.72516,-0.10346,49.971
0.16106,-0.84363,-0.16706,49.976
0.19186,-0.91077,-0.25411,49.98
0.17455,-0.91472,-0.34806,49.985
0.17441,-0.88312,-0.3436,49.99
0.11275,-0.81994,-0.30172,49.995
0.085554,-0.64223,-0.2006,50
0.12719,-0.43292,-0.11189,50.005
0.18098,-0.19598,-0.025377,50.01
0.19877,-0.026163,0.052707,50.015
0.18752,0.1476,0.15903,50.02
0.22543,0.27397,0.23806,50.024
0.27748,0.349,0.24809,50.029
0.319,0.37665,0.20622,50.034
0.4124,0.42009,0.046239,50.039
0.50193,0.40034,-0.1192,50.044
0.52415,0.30161,-0.18841,50.049
0.48252,0.25028,-0.14318,50.054
0.39277,0.26212,-0.10486,50.059
0.25962,0.32531,-0.096347,50.063
0.12396,0.34505,-0.004301,50.068
0.048922,0.30161,0.21503,50.073
0.11213,0.28582,0.52429,50.078
0.27796,0.23053,0.76891,50.083
0.35685,0.064667,1.2266,50.088
0.59593,0.04887,2.1171,50.093
1.2176,0.51882,2.6056,50.098
1.6233,1.0006,1.9671,50.103
2.7979,2.5763,0.80412,50.107
3.7632,5.0129,0.9782,50.112
3.0173,6.3556,-0.46995,50.117
1.5543,6.2214,-2.7123,50.122
-0.010805,5.5105,-3.1636,50.127
-1.1563,3.7887,-0.41993,50.132
-1.2385,2.3986,2.7222,50.137
-0.43351,2.0906,1.2614,50.142
-0.089073,1.9208,0.38501,50.146
-0.15992,1.6127,0.33016,50.151
-0.55677,1.2731,0.53769,50.156
-0.79995,0.88609,0.72348,50.161
-0.65456,0.25422,1.1124,50.166
-0.45828,-0.0064173,1.0133,50.171
0.075398,0.0014809,0.00369,50.176
0.46321,0.17524,-0.5734,50.181
0.70355,0.61754,-0.26212,50.186
0.97176,1.2376,0.32834,50.19
1.3106,1.9445,0.84612,50.195
1.4297,2.4855,0.90228,50.2
1.1348,2.8054,0.53209,50.205
0.58886,2.9475,0.20499,50.21
0.039978,2.9989,0.11046,50.215
-0.37246,3.0265,0.16621,50.22
-0.59436,2.9712,0.17975,50.225
-0.64608,2.7224,0.15858,50.229
-0.57003,2.3828,0.17402,50.234
-0.52229,2.1932,0.19376,50.239
-0.45149,1.7944,0.24986,50.244
-0.28016,1.3995,0.31123,50.249
-0.067351,1.1033,0.33215,50.254
0.049829,0.88214,0.31904,50.259
0.030223,0.66493,0.30139,50.264
-0.060519,0.41614,0.37288,50.269
-0.14203,0.064667,0.53931,50.273
-0.0080233,0.0014809,-0.034591,50.278
0.08015,-0.014316,-0.42318,50.283
-0.011628,-0.089349,-0.18291,50.288
-0.099064,0.040972,0.18111,50.293
-0.048491,0.45168,0.37467,50.298
0.051986,0.72022,0.38139,50.303
0.083615,0.8071,0.26673,50.308
0.061451,0.84659,0.20013,50.313
0.0046306,0.89398,0.080564,50.317
-0.033693,0.89793,0.015648,50.322
-0.042625,0.86239,0.044906,50.327
-0.063244,0.7992,0.06102,50.332
-0.076052,0.72022,0.085214,50.337
-0.052916,0.5978,0.11947,50.342
-0.032766,0.48327,0.11899,50.347
-0.022016,0.34505,0.16335,50.352
-0.054977,0.19499,0.18816,50.356
-0.070145,0.040972,0.15679,50.361
-0.071459,-0.049858,0.06638,50.366
-0.048151,-0.057756,-0.039387,50.371
0.0016583,-0.061705,-0.088837,50.376
0.0054397,-0.053807,-0.080645,50.381
-0.011333,-0.026163,-0.058522,50.386
-0.032488,0.037023,-0.024542,50.391
-0.037371,0.1397,0.0039985,50.396
-0.046026,0.21868,0.024033,50.4
-0.074852,0.25422,0.045229,50.405
-0.091274,0.27397,0.055686,50.41
-0.11525,0.26212,0.049445,50.415
-0.14668,0.24633,0.02322,50.42
-0.21068,0.20289,0.0088974,50.425
-0.23007,0.19499,-0.016085,50.43
-0.2257,0.17919,-0.027548,50.435
-0.17338,0.18314,-0.026606,50.439
-0.11761,0.19499,-0.0059643,50.444
-0.082168,0.21078,0.020622,50.449
-0.019279,0.19499,0.072126,50.454
0.050945,0.19104,0.14761,50.459
0.11979,0.19104,0.2692,50.464
0.21571,0.18314,0.4277,50.469
0.35155,0.19499,0.59787,50.474
0.48974,0.33321,0.69001,50.479
0.62224,0.59385,0.7033,50.483
0.79095,0.92163,0.71735,50.488
0.90283,1.3205,0.74693,50.493
0.87938,1.747,0.85721,50.498
0.66646,2.213,0.97431,50.503
0.30744,2.7145,0.99434,50.508
0.047646,3.1252,0.79454,50.513
0.019324,3.3187,0.53044,50.518
0.21368,3.1884,0.49531,50.522
0.56805,2.7777,0.49591,50.527
0.7252,2.4894,0.49275,50.532
0.59043,2.3749,0.55527,50.537
0.49981,2.292,0.75702,50.542
0.51713,2.0748,0.98503,50.547
0.50721,1.7707,1.0473,50.552
0.42029,1.4785,0.99132,50.557
0.23375,1.2218,0.90016,50.562
-0.00015913,0.91373,0.91141,50.566
-0.21463,0.55831,0.67728,50.571
-0.35786,0.45563,0.35075,50.576
-0.466,0.69258,0.46501,50.581
-0.53139,1.0006,0.76532,50.586
-0.56741,1.1586,0.89218,50.591
-0.66928,1.4666,1.0661,50.596
-0.71761,1.6957,1.0664,50.601
-0.6712,1.822,0.99612,50.605
-0.58458,1.8497,0.92754,50.61
-0.4651,1.822,0.83772,50.615
-0.34556,1.6996,0.74602,50.62
-0.18984,1.514,0.65631,50.625
-0.018382,1.3086,0.57916,50.63
0.15329,1.1191,0.49465,50.635
0.27825,0.95717,0.35649,50.64
0.35524,0.80315,0.20647,50.645
0.38217,0.68468,0.1142,50.649
0.34905,0.6057,0.14426,50.654
0.34093,0.56226,0.14651,50.659
0.28715,0.49117,0.1941,50.664
0.24618,0.49117,0.21734,50.669
0.22657,0.47538,0.19987,50.674
0.21121,0.44378,0.17478,50.679
0.23855,0.40034,0.2033,50.684
0.2224,0.34505,0.20459,50.688
0.21955,0.31741,0.16531,50.693
0.19547,0.28582,0.16251,50.698
0.1667,0.24238,0.18213,50.703
0.14595,0.20289,0.20255,50.708
0.13667,0.17524,0.24348,50.713
0.12061,0.15945,0.24172,50.718
0.092266,0.15945,0.24686,50.723
0.084463,0.15945,0.23847,50.728
0.07264,0.16734,0.22987,50.732
0.075968,0.1634,0.25317,50.737
0.074824,0.15155,0.29129,50.742
0.081687,0.18314,0.33101,50.747
0.068215,0.25422,0.37738,50.752
0.053948,0.30556,0.45021,50.757
0.055954,0.39639,0.5176,50.762
0.067009,0.51882,0.55182,50.767
0.075994,0.65704,0.52077,50.771
0.076846,0.77156,0.49236,50.776
0.03684,0.89398,0.48352,50.781
0.027605,0.98086,0.52289,50.786
0.0072437,1.0638,0.53041,50.791
-0.045351,1.127,0.53848,50.796
-0.077841,1.1507,0.54757,50.801
-0.14635,1.1507,0.5491,50.806
-0.20268,1.127,0.5474,50.811
-0.2349,1.0835,0.54748,50.815
-0.25897,1.0362,0.54436,50.82
-0.26664,1.0085,0.53158,50.825
-0.31404,1.0243,0.5007,50.83
-0.32495,1.048,0.46173,50.835
-0.27311,1.0954,0.47888,50.84
-0.22849,1.1349,0.4683,50.845
-0.14818,1.1507,0.47585,50.85
-0.063147,1.1546,0.4605,50.854
0.013395,1.1507,0.45961,50.859
0.05332,1.1625,0.47114,50.864
0.065714,1.1625,0.46071,50.869
0.10254,1.1744,0.44118,50.874
0.13077,1.1744,0.43988,50.879
0.14662,1.1507,0.44852,50.884
0.19072,1.1033,0.45539,50.889
0.18706,1.0756,0.44297,50.894
0.19168,1.0283,0.4232,50.898
0.18769,0.99271,0.42213,50.903
0.19127,0.94532,0.4369,50.908
0.17935,0.91768,0.43142,50.913
0.16675,0.87819,0.44873,50.918
0.1421,0.84659,0.46512,50.923
0.11801,0.8229,0.46247,50.928
0.09829,0.80315,0.44876,50.933
0.09875,0.80315,0.43342,50.938
0.066639,0.77156,0.4299,50.942
0.050689,0.77156,0.42461,50.947
0.063532,0.79131,0.39924,50.952
0.063306,0.78341,0.40675,50.957
0.062493,0.79526,0.43384,50.962
0.10254,0.7992,0.44137,50.967
0.1217,0.79131,0.47371,50.972
0.11286,0.8071,0.50016,50.977
0.10458,0.8229,0.50743,50.981
0.088503,0.85054,0.50653,50.986
0.096188,0.85449,0.51884,50.991
0.088836,0.87029,0.49542,50.996
0.085057,0.85844,0.48715,51.001
0.085635,0.85449,0.46789,51.006
0.094586,0.85844,0.438,51.011
0.098847,0.83475,0.43021,51.016
0.11973,0.83475,0.40517,51.021
0.12468,0.8229,0.3746,51.025
0.12846,0.82685,0.38271,51.03
0.12032,0.815,0.38559,51.035
0.12756,0.7992,0.41285,51.04
0.13925,0.81105,0.42568,51.045
0.12283,0.82685,0.43606,51.05
0.10641,0.85054,0.4466,51.055
0.086079,0.88214,0.45309,51.06
0.049566,0.91768,0.46206,51.064
0.040831,0.93742,0.48475,51.069
0.028977,0.99666,0.47717,51.074
0.024948,1.0164,0.4772,51.079
0.020901,1.0677,0.47786,51.084
0.016862,1.1072,0.47829,51.089
0.01293,1.1586,0.47512,51.094
0.017385,1.1941,0.46084,51.099
0.025756,1.206,0.45029,51.104
0.03046,1.2099,0.42771,51.108
0.010503,1.1941,0.42176,51.113
0.034164,1.1546,0.43848,51.118
0.026623,1.1033,0.42139,51.123
0.031591,1.0519,0.39004,51.128
0.015882,1.0322,0.37669,51.133
0.0079721,1.0204,0.37189,51.138
-0.0084218,0.99271,0.3814,51.143
-0.0080694,0.98086,0.36966,51.147
-0.028712,0.95717,0.38656,51.152
-0.028705,0.94532,0.38632,51.157
-0.020538,0.91373,0.38258,51.162
-0.016045,0.88609,0.36705,51.167
-0.027855,0.87029,0.35797,51.172
-0.011562,0.87424,0.35183,51.177
-0.023733,0.88609,0.35481,51.182
-0.024202,0.90188,0.37047,51.187
-0.016292,0.91373,0.37527,51.191
-0.020548,0.92953,0.3829,51.196
-0.028585,0.93742,0.38233,51.201
-0.040752,0.94137,0.38516,51.206
-0.04535,0.95322,0.40422,51.211
-0.045238,0.95717,0.40046,51.216
-0.033666,0.98481,0.41744,51.221
-0.021746,1.0085,0.42283,51.226
-0.0095821,1.0085,0.42008,51.23
-0.013253,1.0085,0.40821,51.235
-0.0090043,1.0046,0.40082,51.24
0.01968,1.0125,0.38433,51.245
0.044248,0.99666,0.37084,51.25
0.056875,0.99271,0.35266,51.255
0.077184,0.99666,0.34687,51.26
0.073414,0.96902,0.33829,51.265
0.081224,0.95717,0.34645,51.27
0.073184,0.96902,0.34596,51.274
0.053462,0.94532,0.33217,51.279
0.061725,0.94532,0.32522,51.284
0.057483,0.93742,0.33238,51.289
0.024892,0.93742,0.34483,51.294
0.012602,0.95717,0.35181,51.299
-0.010806,0.95717,0.32663,51.304
-0.026758,0.96112,0.32142,51.309
-0.043284,0.96112,0.33532,51.313
-0.055903,0.95322,0.35326,51.318
-0.068292,0.94532,0.36353,51.323
-0.070925,0.94137,0.31705,51.328
-0.083427,0.92953,0.33108,51.333
-0.079416,0.93742,0.3316,51.338
-0.071045,0.94927,0.32105,51.343
-0.095373,0.94927,0.32655,51.348
-0.11109,0.94927,0.3136,51.353
-0.11603,0.94137,0.34377,51.357
-0.091808,0.93347,0.34194,51.362
-0.095833,0.94927,0.3419,51.367
-0.10766,0.96902,0.33353,51.372
-0.10343,0.98876,0.32661,51.377
-0.10377,0.98876,0.33812,51.382
-0.11146,0.98481,0.32581,51.387
-0.11902,0.96902,0.30943,51.392
-0.10721,0.97297,0.31827,51.396
-0.095037,0.96507,0.31536,51.401
-0.094927,0.97297,0.31168,51.406
-0.071402,0.96902,0.33295,51.411
-0.062902,0.95717,0.31809,51.416
-0.039152,0.96112,0.33185,51.421
-0.035136,0.96112,0.33221,51.426
-0.034448,0.96507,0.30927,51.431
-0.034673,0.95717,0.31678,51.436
-0.030666,0.97297,0.31746,51.44
-0.043286,0.96507,0.3354,51.445
-0.050976,0.96902,0.32325,51.45
-0.046734,0.97691,0.31609,51.455
-0.034457,0.98086,0.30958,51.46
-0.031012,0.97297,0.32897,51.465
-0.031359,0.97691,0.34056,51.47
-0.015303,0.99271,0.34232,51.475
-0.0066931,0.98876,0.32378,51.479
-0.027352,0.99271,0.34123,51.484
-0.015186,0.98876,0.3384,51.489
-0.0027942,0.99271,0.32806,51.494
0.0054756,0.98086,0.32087,51.499
0.017297,0.97691,0.32955,51.504
0.021318,0.96902,0.32975,51.509
0.017076,0.96112,0.33691,51.514
0.016958,0.96507,0.34082,51.519
0.013168,0.97297,0.33295,51.523
0.01271,0.96902,0.34821,51.528
0.0044516,0.96112,0.355,51.533
-0.0071345,0.95717,0.3385,51.538
-0.0070218,0.96112,0.33474,51.543
-0.0034635,0.95717,0.35037,51.548
-0.011614,0.96112,0.35356,51.553
0.0044492,0.96507,0.35508,51.558
-0.0039333,0.97297,0.36603,51.563
-0.011618,0.96902,0.35372,51.567
-0.0043866,0.96112,0.38114,51.572
0.0084632,0.96902,0.35552,51.577
0.02039,0.98086,0.36068,51.582
0.032559,0.97297,0.35777,51.587
0.048276,0.97691,0.3708,51.592
0.052412,0.96902,0.36717,51.597
0.048398,0.96507,0.36673,51.602
0.05253,0.96507,0.36326,51.606
0.040248,0.96902,0.36992,51.611
0.03199,0.96112,0.37672,51.616
0.040483,0.96112,0.36209,51.621
0.036368,0.93347,0.36502,51.626
0.035903,0.94137,0.38052,51.631
0.039577,0.93742,0.39231,51.636
0.032237,0.93347,0.36849,51.641
0.031767,0.94927,0.38415,51.646
0.036474,0.94927,0.3615,51.65
0.036702,0.95322,0.3539,51.655
0.028209,0.95322,0.36852,51.66
0.020181,0.94532,0.36764,51.665
0.016273,0.95717,0.36368,51.67
0.023847,0.95322,0.37967,51.675
0.016503,0.95717,0.35601,51.68
0.012146,0.94927,0.367,51.685
0.016381,0.96902,0.36008,51.689
0.012597,0.96507,0.35197,51.694
0.020512,0.96902,0.35661,51.699
0.028432,0.96507,0.36109,51.704
0.028094,0.95322,0.37236,51.709
0.040258,0.95322,0.36961,51.714
0.032105,0.96112,0.37288,51.719
0.036011,0.95322,0.37692,51.724
0.019831,0.95322,0.37931,51.729
0.01627,0.96112,0.36376,51.733
0.035884,0.97297,0.38115,51.738
0.048055,0.96112,0.37816,51.743
0.048055,0.96112,0.37816,51.748
0.043814,0.95322,0.38532,51.753
0.063667,0.94927,0.39472,51.758
0.052074,0.95717,0.37845,51.763
0.059991,0.95717,0.383,51.768
0.051501,0.95322,0.39755,51.772
0.051271,0.95322,0.40522,51.777
0.043694,0.96112,0.38931,51.782
0.0554,0.95717,0.40182,51.787
0.044046,0.94927,0.37756,51.792
0.056203,0.96112,0.37505,51.797
0.040373,0.95322,0.36577,51.802
0.044619,0.95322,0.35846,51.807
0.055865,0.94927,0.38632,51.812
0.051729,0.95717,0.38995,51.816
0.051959,0.95717,0.38228,51.821
0.051849,0.94927,0.38596,51.826
0.068146,0.94532,0.37965,51.831
0.044394,0.94532,0.36598,51.836
0.048412,0.94137,0.36626,51.841
0.052426,0.94532,0.3667,51.846
0.056544,0.96902,0.3637,51.851
0.064466,0.96112,0.3681,51.855
0.063778,0.95717,0.39104,51.86
0.071918,0.96902,0.38816,51.865
0.064219,0.98876,0.37632,51.87
0.064675,0.99666,0.36114,51.875
0.064212,1.0006,0.37656,51.88
0.052281,0.99666,0.37156,51.885
0.03623,0.97297,0.36964,51.89
0.044377,0.97297,0.36653,51.895
0.048859,0.96507,0.35139,51.899
0.048866,0.95322,0.35115,51.904
0.044852,0.94927,0.35071,51.909
0.05357,0.95717,0.32857,51.914
0.041167,0.97297,0.33931,51.919
0.032446,0.96902,0.36153,51.924
0.056302,0.98876,0.37176,51.929
0.056762,0.98876,0.35642,51.934
0.076963,0.98086,0.35423,51.938
0.084763,0.98481,0.36271,51.943
0.084888,0.96902,0.35856,51.948
0.10084,0.97297,0.36392,51.953
0.11633,0.96902,0.38446,51.958
0.13275,0.94927,0.37401,51.963
0.13667,0.92163,0.37765,51.968
0.1166,0.89398,0.3753,51.973
0.088146,0.89003,0.3842,51.978
0.083784,0.89003,0.39534,51.982
0.059811,0.87424,0.38902,51.987
0.052347,0.88609,0.36935,51.992
0.044878,0.90583,0.34984,51.997
0.037658,0.89398,0.32203,52.002
0.025499,0.88609,0.32462,52.007
0.025602,0.90583,0.32118,52.012
0.012874,0.88609,0.34272,52.017
-0.0033153,0.90188,0.34543,52.021
0.00070094,0.90188,0.34579,52.026
-0.019954,0.89793,0.36308,52.031
-0.036954,0.92163,0.3928,52.036
-0.057836,0.91373,0.41769,52.041
-0.065981,0.90978,0.42073,52.046
-0.076208,0.92163,0.49313,52.051
-0.082648,0.95322,0.43933,52.056
-0.098828,0.95322,0.44172,52.061
-0.10285,0.95717,0.44144,52.065
-0.10251,0.96507,0.43008,52.07
-0.10664,0.97297,0.43372,52.075
-0.12271,0.97297,0.43227,52.08
-0.089877,0.95717,0.41183,52.085
-0.066014,0.96507,0.42183,52.09
-0.064983,0.97297,0.38746,52.095
-0.062003,0.97297,0.42235,52.1
-0.050182,0.96902,0.43103,52.104
-0.031251,0.96902,0.4712,52.109
-0.031944,0.97297,0.49429,52.114
-0.020356,0.97297,0.51072,52.119
-0.02437,0.96902,0.51028,52.124
-0.039955,0.93742,0.49286,52.129
-0.039479,0.90978,0.47696,52.134
-0.043713,0.89003,0.48388,52.139
-0.052077,0.86634,0.4942,52.144
-0.064912,0.83475,0.51933,52.148
-0.06514,0.8308,0.52693,52.153
-0.065262,0.84264,0.531,52.158
-0.069279,0.84264,0.53064,52.163
-0.049317,0.85054,0.53644,52.168
-0.05334,0.86239,0.53632,52.173
-0.052655,0.87029,0.51346,52.178
-0.052892,0.88214,0.52136,52.183
-0.061145,0.86634,0.528,52.188
-0.065159,0.86239,0.52756,52.192
-0.085809,0.85054,0.5447,52.197
-0.10139,0.81105,0.52712,52.202
-0.092763,0.77946,0.50803,52.207
-0.11993,0.72812,0.47378,52.212
-0.12302,0.72022,0.44257,52.217
-0.1306,0.73602,0.42682,52.222
-0.11822,0.76366,0.41695,52.227
-0.12227,0.81105,0.41753,52.231
-0.13021,0.85449,0.41384,52.236
-0.12222,0.92558,0.41598,52.241
-0.11409,0.95717,0.4135,52.246
-0.094502,1.0125,0.43175,52.251
-0.070224,1.0954,0.4279,52.256
-0.05212,1.1309,0.49564,52.261
-0.019689,1.206,0.48852,52.266
-0.0013697,1.2652,0.54905,52.271
0.023026,1.3442,0.54128,52.275
0.04377,1.3916,0.52102,52.28
0.057777,1.3876,0.45681,52.285
0.08421,1.3323,0.38115,52.29
