-0.29515,0.96902,0.13971,111.14
-0.27095,0.98481,0.13836,111.15
-0.27875,0.98481,0.12996,111.15
-0.27496,0.98481,0.138,111.16
-0.27096,1.0046,0.13875,111.16
-0.26683,1.0125,0.13544,111.17
-0.25892,1.0164,0.14007,111.17
-0.24664,1.0164,0.13349,111.18
-0.22312,1.0204,0.15491,111.18
-0.22691,1.0322,0.14712,111.19
-0.20706,1.0283,0.15652,111.19
-0.19914,1.0204,0.16092,111.2
-0.16712,1.0204,0.16765,111.2
-0.16332,0.99271,0.17513,111.21
-0.13865,0.99666,0.1582,111.21
-0.13509,0.98876,0.17375,111.22
-0.13497,0.98086,0.16975,111.22
-0.13095,0.98086,0.17011,111.23
-0.12647,0.97297,0.15497,111.23
-0.13426,0.95322,0.14618,111.24
-0.1189,0.96902,0.17096,111.24
-0.10639,0.97297,0.15678,111.25
-0.094572,0.97691,0.16561,111.25
-0.094347,0.98481,0.1581,111.25
-0.070136,0.98876,0.15651,111.26
-0.061888,1.0125,0.15003,111.26
-0.061895,1.0243,0.15027,111.27
-0.066498,1.0441,0.16948,111.27
-0.06248,1.0401,0.16977,111.28
-0.066491,1.0322,0.16925,111.28
-0.062947,1.0519,0.18535,111.29
-0.063283,1.0362,0.19654,111.29
-0.067527,1.0322,0.20377,111.3
-0.083583,1.0164,0.20201,111.3
-0.099408,1.0006,0.19258,111.31
-0.1111,0.98086,0.17959,111.31
-0.11568,0.96112,0.19802,111.32
-0.14413,0.94927,0.20676,111.32
-0.1392,0.95717,0.17659,111.33
-0.15171,0.96507,0.19101,111.33
-0.16033,0.97297,0.20962,111.34
-0.17651,0.97691,0.21209,111.34
-0.18455,0.98876,0.21161,111.35
-0.17619,1.0125,0.20129,111.35
-0.18411,1.0204,0.19689,111.36
-0.16402,1.0164,0.19862,111.36
-0.16781,1.0204,0.19067,111.37
-0.14762,1.0322,0.18887,111.37
-0.14246,1.0322,0.15087,111.38
-0.11423,1.0362,0.14964,111.38
-0.12191,1.0322,0.13733,111.39
-0.11835,1.0125,0.15265,111.39
-0.11456,1.0085,0.1606,111.4
-0.10675,1.0006,0.16884,111.4
-0.11053,0.98481,0.16049,111.41
-0.12246,0.98481,0.15557,111.41
-0.13084,0.98481,0.16636,111.42
-0.13875,0.98086,0.16172,111.42
-0.14701,0.97691,0.16859,111.43
-0.15895,0.97297,0.16359,111.43
-0.16732,0.97297,0.17438,111.44
-0.15919,0.98876,0.17158,111.44
-0.17583,0.99271,0.18939,111.45
-0.18845,0.99666,0.20757,111.45
-0.17744,0.99666,0.24318,111.46
-0.18181,1.0006,0.2544,111.46
-0.15324,1.0204,0.24198,111.46
-0.1125,1.0085,0.22618,111.47
-0.10905,1.0006,0.24557,111.47
-0.11009,1.0006,0.28009,111.48
-0.094126,0.98086,0.28498,111.48
-0.085401,0.97691,0.26261,111.49
-0.064394,0.96902,0.23357,111.49
-0.063816,0.96507,0.21431,111.5
-0.055431,0.95322,0.20328,111.5
-0.055424,0.94137,0.20305,111.51
-0.075747,0.96112,0.20931,111.51
-0.078963,0.96902,0.18225,111.52
-0.079078,0.96902,0.18608,111.52
-0.10272,0.97297,0.16865,111.53
-0.098929,0.96902,0.1766,111.53
-0.11935,0.96507,0.18623,111.54
-0.13496,0.96902,0.16952,111.54
-0.13105,0.96112,0.17356,111.55
-0.12337,0.96112,0.18579,111.55
-0.11947,0.96507,0.19006,111.56
-0.11569,0.97297,0.19826,111.56
-0.10398,0.96507,0.21069,111.57
-0.092496,0.94927,0.23064,111.57
-0.085386,0.95322,0.26213,111.58
-0.08906,0.95717,0.25034,111.58
-0.072414,0.94927,0.23245,111.59
-0.092148,0.94532,0.21905,111.59
-0.10854,0.90583,0.22833,111.6
-0.10496,0.87819,0.24349,111.6
-0.10508,0.88214,0.2474,111.61
-0.10498,0.90188,0.24396,111.61
-0.11668,0.89793,0.23129,111.62
-0.14077,0.88609,0.22888,111.62
-0.16498,0.89003,0.23063,111.63
-0.16167,0.90583,0.25432,111.63
-0.16994,0.91768,0.26151,111.64
-0.19404,0.92953,0.25957,111.64
-0.20587,0.93742,0.25098,111.65
-0.21827,0.95322,0.26172,111.65
-0.22665,0.96507,0.27274,111.66
-0.24216,0.98876,0.25258,111.66
-0.251,0.98876,0.27871,111.67
-0.25076,0.98086,0.27088,111.67
-0.2503,0.98086,0.25554,111.67
-0.26659,0.96902,0.26153,111.68
-0.24673,0.96112,0.27085,111.68
-0.24306,0.94927,0.28249,111.69
-0.23112,0.95322,0.28748,111.69
-0.22665,0.95717,0.27258,111.7
-0.23491,0.95717,0.27953,111.7
-0.20645,0.95322,0.27047,111.71
-0.21392,0.96902,0.25088,111.71
-0.2138,0.96507,0.24697,111.72
-0.20956,0.97691,0.23989,111.72
-0.21334,0.96902,0.2317,111.73
-0.20152,0.96112,0.2403,111.73
-0.20197,0.95322,0.25549,111.74
-0.1944,0.94532,0.2714,111.74
-0.16939,0.95717,0.24311,111.75
-0.14954,0.97297,0.25291,111.75
-0.13279,0.96902,0.23126,111.76
-0.1251,0.96507,0.24341,111.76
-0.13289,0.95717,0.23486,111.77
-0.12532,0.95322,0.25085,111.77
-0.10994,0.94927,0.27523,111.78
-0.11773,0.92953,0.26644,111.78
-0.11738,0.92163,0.25478,111.79
-0.1136,0.92558,0.26289,111.79
-0.12083,0.92953,0.23539,111.8
-0.11279,0.92558,0.23604,111.8
-0.088813,0.92953,0.24212,111.81
-0.10958,0.91373,0.26301,111.81
-0.097534,0.92558,0.26434,111.82
-0.092832,0.93347,0.24184,111.82
-0.089983,0.96112,0.28111,111.83
-0.085396,0.96902,0.26245,111.83
-0.08953,0.97297,0.266,111.84
-0.097337,0.98086,0.25777,111.84
-0.093675,0.99666,0.26995,111.85
-0.08564,0.99271,0.27059,111.85
-0.081849,0.98481,0.27847,111.86
-0.07784,0.99666,0.27907,111.86
-0.081739,0.99271,0.27479,111.87
-0.077504,1.0125,0.26788,111.87
-0.061547,1.0006,0.27292,111.88
-0.061545,0.99666,0.27284,111.88
-0.066134,0.99271,0.29158,111.88
-0.073941,1.0006,0.28335,111.89
-0.074061,1.0085,0.28734,111.89
-0.073819,0.98876,0.27927,111.9
-0.066245,0.98481,0.29526,111.9
-0.062463,0.99271,0.30345,111.91
-0.05879,0.98876,0.31525,111.91
-0.066942,0.99666,0.31852,111.92
-0.067055,0.99271,0.32227,111.92
-0.070601,0.97691,0.30625,111.93
-0.058433,0.96902,0.30334,111.93
-0.066695,0.96902,0.31029,111.94
-0.062216,0.96507,0.29523,111.94
-0.082648,0.97297,0.30509,111.95
-0.086544,0.96507,0.30073,111.95
-0.082768,0.98086,0.30908,111.96
-0.091268,0.99271,0.32394,111.96
-0.09942,1.0006,0.32721,111.97
-0.084276,1.0006,0.35935,111.97
-0.072584,1.0204,0.37234,111.98
-0.072478,1.0362,0.36882,111.98
-0.059408,1.0598,0.33585,111.99
-0.059288,1.0519,0.33185,111.99
-0.046889,1.0441,0.32127,112
-0.051009,1.0243,0.32435,112
-0.066937,0.98876,0.31836,112.01
-0.079317,0.96507,0.32831,112.01
-0.082979,0.94927,0.31613,112.02
-0.067137,0.93742,0.32501,112.02
-0.06771,0.93347,0.34411,112.03
-0.071498,0.93742,0.33616,112.03
-0.063358,0.94927,0.33328,112.04
-0.087798,0.94532,0.34254,112.04
-0.067489,0.94927,0.33675,112.05
-0.059809,0.96112,0.34922,112.05
-0.051668,0.97297,0.34634,112.06
-0.055793,0.96112,0.34958,112.06
-0.060394,0.97691,0.36872,112.07
-0.072448,0.98481,0.36779,112.07
-0.072452,0.99271,0.36795,112.08
-0.064305,0.99271,0.36484,112.08
-0.053057,0.98481,0.39262,112.08
-0.069124,0.98876,0.39125,112.09
-0.083026,1.0085,0.45194,112.09
-0.096339,1.0046,0.49298,112.1
-0.12354,1.0125,0.45991,112.1
-0.12765,0.98086,0.46276,112.11
-0.1398,0.96112,0.46512,112.11
-0.1476,0.95322,0.45656,112.12
-0.13785,0.97297,0.40013,112.12
-0.13257,0.98086,0.35845,112.13
-0.12075,0.97691,0.36713,112.13
-0.12557,0.96112,0.39331,112.14
-0.13313,0.94532,0.37693,112.14
-0.13577,0.95322,0.33069,112.15
-0.16331,0.95717,0.30905,112.15
-0.17581,0.94137,0.323,112.16
-0.18395,0.92558,0.3258,112.16
-0.19139,0.89793,0.30534,112.17
-0.19138,0.88214,0.30503,112.17
-0.19528,0.87819,0.30075,112.18
-0.21099,0.87029,0.28764,112.18
-0.23094,0.8387,0.28136,112.19
-0.23472,0.8229,0.27302,112.19
-0.22679,0.81105,0.27734,112.2
-0.24802,0.7992,0.31366,112.2
-0.26041,0.79526,0.324,112.21
-0.24906,0.8071,0.34834,112.21
-0.26913,0.79526,0.3463,112.22
-0.28152,0.78341,0.35649,112.22
-0.30631,0.79526,0.37757,112.23
-0.31093,0.8387,0.39726,112.23
-0.32197,0.87424,0.36236,112.24
-0.31704,0.89003,0.33234,112.24
-0.29662,0.90188,0.32288,112.25
-0.30545,0.88609,0.34869,112.25
-0.30625,0.88609,0.37555,112.26
-0.30306,0.91768,0.40339,112.26
-0.30698,0.94532,0.39975,112.27
-0.30228,0.95322,0.37725,112.27
-0.30617,0.94137,0.37281,112.28
-0.28977,0.95717,0.36307,112.28
-0.28185,0.94532,0.36739,112.29
-0.2613,0.94137,0.35377,112.29
-0.24123,0.95322,0.35582,112.29
-0.2372,0.93347,0.35578,112.3
-0.22549,0.91768,0.36806,112.3
-0.19772,0.92163,0.38218,112.31
-0.18614,0.93347,0.39885,112.31
-0.19372,0.94927,0.38309,112.32
-0.2045,0.94927,0.33981,112.32
-0.20426,0.93347,0.33182,112.33
-0.19966,0.90978,0.31253,112.33
-0.19186,0.90978,0.32092,112.34
-0.18405,0.89793,0.32908,112.34
-0.17189,0.90583,0.32649,112.35
-0.1596,0.89793,0.31974,112.35
-0.13998,0.90188,0.33697,112.36
-0.13632,0.90978,0.349,112.36
-0.13667,0.92163,0.36075,112.37
-0.12841,0.92163,0.3538,112.37
-0.11602,0.92558,0.34345,112.38
-0.10867,0.92558,0.36719,112.38
-0.092834,0.91768,0.37615,112.39
-0.093306,0.93742,0.39189,112.39
-0.085276,0.94137,0.39269,112.4
-0.080468,0.96507,0.36667,112.4
-0.10008,0.95717,0.34936,112.41
-0.095488,0.94927,0.33039,112.41
-0.11477,0.95717,0.30188,112.42
-0.09399,0.94532,0.28044,112.42
-0.09433,0.93742,0.29179,112.43
-0.1144,0.92558,0.28974,112.43
-0.12289,0.91373,0.30413,112.44
-0.11164,0.90978,0.33199,112.44
-0.091683,0.91768,0.33779,112.45
-0.079056,0.91373,0.31961,112.45
-0.058167,0.90978,0.29449,112.46
-0.057819,0.90583,0.2829,112.46
-0.04186,0.89003,0.28787,112.47
-0.04643,0.85449,0.30598,112.47
-0.038518,0.86239,0.3107,112.48
-0.054796,0.83475,0.31637,112.48
-0.050893,0.8308,0.32049,112.49
-0.047104,0.82685,0.32845,112.49
-0.031046,0.8387,0.33013,112.5
-0.031168,0.85054,0.3342,112.5
-0.0097343,0.89793,0.29092,112.5
0.010779,0.94532,0.27832,112.51
-0.00072028,0.98876,0.25893,112.51
0.0032818,1.0125,0.25976,112.52
0.027032,1.0164,0.27352,112.52
0.054568,1.0204,0.29531,112.53
0.079129,1.0164,0.28205,112.53
0.058244,1.0125,0.30702,112.54
0.056966,1.0322,0.34961,112.54
0.029876,1.0519,0.31295,112.55
0.007373,1.0796,0.25762,112.55
-0.024349,1.1665,0.24112,112.56
-0.10371,1.2889,0.20181,112.56
-0.192,1.3797,0.057196,112.57
-0.21589,1.4153,0.048064,112.57
-0.20868,1.4469,0.076271,112.58
-0.19288,1.5021,0.086492,112.58
-0.19241,1.4943,0.070989,112.59
-0.17594,1.3995,0.059036,112.59
-0.18778,1.2415,0.050964,112.6
-0.18458,1.0677,0.07855,112.6
-0.17832,0.94532,0.13821,112.61
-0.17012,0.86634,0.13352,112.61
-0.15461,0.81895,0.15321,112.62
-0.15035,0.7992,0.1455,112.62
-0.13519,0.78341,0.17732,112.63
-0.14748,0.78736,0.18399,112.63
-0.14393,0.80315,0.20001,112.64
-0.13993,0.83475,0.201,112.64
-0.1559,0.87029,0.19643,112.65
-0.15879,0.90583,0.15841,112.65
-0.14204,0.91768,0.13708,112.66
-0.16189,0.91768,0.1276,112.66
-0.17876,0.91768,0.15301,112.67
-0.17498,0.91373,0.16096,112.67
-0.16741,0.92558,0.17727,112.68
-0.17546,0.95322,0.17709,112.68
-0.14311,0.97297,0.17271,112.69
-0.13519,0.97297,0.17727,112.69
-0.10697,0.98481,0.1762,112.7
-0.082303,0.99271,0.15934,112.7
-0.066583,0.99271,0.1723,112.71
-0.057975,0.99271,0.15384,112.71
-0.045818,1.0046,0.15132,112.71
-0.030321,0.99271,0.17171,112.72
-0.038236,0.98876,0.16708,112.72
-0.046492,0.97691,0.17379,112.73
-0.058423,0.97297,0.16879,112.73
-0.086305,0.96902,0.15851,112.74
-0.078394,0.98086,0.1633,112.74
-0.098135,0.98876,0.15014,112.75
-0.10204,0.99271,0.14603,112.75
-0.10285,0.99666,0.17296,112.76
-0.095051,1.0085,0.18159,112.76
-0.091376,1.0006,0.1933,112.77
-0.090683,0.99666,0.17021,112.77
-0.10273,0.98876,0.16896,112.78
-0.098135,0.98876,0.15014,112.78
-0.12728,0.97297,0.18183,112.79
-0.12716,0.97297,0.17799,112.79
-0.15586,0.98481,0.19488,112.8
-0.18409,0.98876,0.19626,112.8
-0.19177,0.98481,0.18395,112.81
-0.23607,0.98876,0.18389,112.81
-0.23537,0.97691,0.16064,112.82
-0.25558,0.99666,0.16306,112.82
-0.25558,0.98876,0.1629,112.83
-0.26005,0.98876,0.17789,112.83
-0.26716,0.98086,0.14631,112.84
-0.26647,0.97691,0.12322,112.84
-0.26669,0.97297,0.13081,112.85
-0.27484,0.96902,0.13385,112.85
-0.2628,0.97691,0.13509,112.86
-0.25878,0.98481,0.13561,112.86
-0.24306,0.98481,0.14856,112.87
-0.24766,0.99271,0.16754,112.87
-0.25581,0.99666,0.17073,112.88
-0.23137,1.0006,0.16147,112.88
-0.25088,1.0085,0.14064,112.89
-0.24675,1.0125,0.13724,112.89
-0.24663,0.99271,0.13301,112.9
-0.24249,0.99271,0.12954,112.9
-0.21828,0.98481,0.12771,112.91
-0.21094,0.99666,0.15169,112.91
-0.20268,1.0006,0.14482,112.92
-0.199,0.98876,0.15645,112.92
-0.19476,0.99271,0.14922,112.92
-0.16251,0.98876,0.1482,112.93
-0.16012,1.0085,0.20266,112.93
-0.14359,0.99666,0.18853,112.94
-0.12363,1.0125,0.19448,112.94
-0.11112,1.0164,0.1803,112.95
-0.091284,1.0401,0.19025,112.95
-0.074648,1.048,0.17268,112.96
-0.065688,1.0362,0.14247,112.96
-0.048932,1.0362,0.1209,112.97
-0.053174,1.0283,0.12805,112.97
-0.044799,1.0322,0.11735,112.98
-0.056025,1.0046,0.088857,112.98
-0.063583,0.98086,0.072316,112.99
-0.064133,0.93742,0.090631,112.99
-0.077074,0.89003,0.11929,113
-0.059282,0.87029,0.19743,113
-0.04481,0.8387,0.25196,113.01
-0.017391,0.84659,0.27766,113.01
0.01057,0.90978,0.28529,113.02
0.056107,0.94927,0.24402,113.02
0.081449,0.98481,0.20469,113.03
0.088883,1.0243,0.22539,113.03
0.076705,1.048,0.22861,113.04
0.064639,1.0756,0.22808,113.04
0.0489,1.1072,0.21575,113.05
0.017688,1.1112,0.18225,113.05
-0.018691,1.1151,0.18675,113.06
-0.046793,1.0954,0.18382,113.06
-0.078449,1.0717,0.16511,113.07
-0.082909,1.0441,0.17955,113.07
-0.091042,1.0204,0.18219,113.08
-0.091253,0.98876,0.18923,113.08
-0.083207,0.96507,0.18948,113.09
-0.079747,0.93347,0.20839,113.09
-0.067928,0.93347,0.21715,113.1
-0.051724,0.89398,0.21397,113.1
-0.039429,0.86634,0.20683,113.11
-0.042982,0.86239,0.19105,113.11
-0.02749,0.85844,0.2116,113.12
-0.023483,0.87424,0.21227,113.12
-0.015693,0.89398,0.22106,113.12
-0.020186,0.92163,0.2366,113.13
-0.032477,0.94137,0.24358,113.13
-0.040528,0.97297,0.24349,113.14
-0.060502,0.98481,0.23808,113.14
-0.065202,0.97297,0.2605,113.15
-0.077253,0.97691,0.25949,113.15
-0.061758,0.96902,0.27996,113.16
-0.070016,0.96112,0.28676,113.16
-0.062435,0.94532,0.30251,113.17
-0.095263,0.95717,0.32287,113.17
-0.10318,0.96507,0.31847,113.18
-0.10674,0.96902,0.30284,113.18
-0.115,0.96112,0.30963,113.19
-0.13532,0.97297,0.31574,113.19
-0.14381,0.96902,0.33028,113.2
-0.14002,0.96902,0.33831,113.2
-0.14358,0.97297,0.32269,113.21
-0.14324,0.97691,0.31126,113.21
-0.12718,0.98876,0.31294,113.22
-0.1196,0.97691,0.32877,113.22
-0.1188,0.98481,0.30207,113.23
-0.1032,0.98876,0.31894,113.23
-0.10652,0.98876,0.29556,113.24
-0.098152,0.99666,0.28493,113.24
-0.090457,0.98481,0.29693,113.25
-0.090575,0.98876,0.30085,113.25
-0.078192,1.0085,0.29081,113.26
-0.057876,1.0006,0.28479,113.26
-0.058334,0.99666,0.30006,113.27
-0.057294,0.98876,0.26537,113.27
-0.041797,0.97691,0.28576,113.28
-0.053726,0.96902,0.28069,113.28
-0.041442,0.96112,0.27394,113.29
-0.037886,0.96112,0.28965,113.29
-0.041555,0.95717,0.2777,113.3
-0.041435,0.94927,0.2737,113.3
-0.033745,0.94532,0.28586,113.31
-0.033975,0.94532,0.29353,113.31
-0.034091,0.94532,0.29737,113.32
-0.034321,0.94532,0.30504,113.32
-0.03822,0.94137,0.30076,113.33
-0.038105,0.94137,0.29693,113.33
-0.049926,0.94532,0.28825,113.33
-0.057855,0.96507,0.28408,113.34
-0.05809,0.97297,0.29191,113.34
-0.086549,0.97297,0.30089,113.35
-0.090678,0.96902,0.30429,113.35
-0.098713,0.97297,0.30364,113.36
-0.079094,0.97691,0.32087,113.36
-0.083111,0.97691,0.32051,113.37
-0.087005,0.96507,0.31608,113.37
-0.08677,0.95717,0.30825,113.38
-0.074613,0.96902,0.30573,113.38
-0.066693,0.96507,0.31021,113.39
-0.078624,0.96112,0.30521,113.39
-0.078512,0.96507,0.30146,113.4
-0.094699,0.97691,0.30408,113.4
-0.078404,0.97691,0.29786,113.41
-0.078293,0.98481,0.29418,113.41
-0.081962,0.98086,0.28223,113.42
-0.09057,0.98086,0.30069,113.42
-0.094694,0.96902,0.30393,113.43
-0.098368,0.97297,0.29213,113.43
-0.086664,0.97297,0.30473,113.44
-0.070709,0.96507,0.30985,113.44
-0.082873,0.96507,0.3126,113.45
-0.070592,0.96112,0.30594,113.45
-0.078176,0.98086,0.29026,113.46
-0.078282,0.96507,0.29378,113.46
-0.086197,0.96112,0.28915,113.47
-0.073805,0.96507,0.2788,113.47
-0.061869,0.96112,0.28364,113.48
-0.070139,0.97297,0.29083,113.48
-0.078514,0.96902,0.30154,113.49
-0.058198,0.96112,0.29551,113.49
-0.082063,0.95717,0.28559,113.5
-0.094464,0.96902,0.29625,113.5
-0.08665,0.94927,0.30426,113.51
-0.090558,0.96112,0.30029,113.51
-0.090443,0.96112,0.29646,113.52
-0.10616,0.96112,0.2835,113.52
-0.11029,0.96112,0.28698,113.53
-0.12257,0.95322,0.29341,113.53
-0.115,0.95717,0.30956,113.54
-0.11041,0.95717,0.29074,113.54
-0.11844,0.96112,0.29009,113.54
-0.11466,0.96112,0.29812,113.55
-0.11052,0.95717,0.29457,113.55
-0.1189,0.94927,0.3052,113.56
-0.10295,0.95322,0.31056,113.56
-0.1026,0.95717,0.29913,113.57
-0.094685,0.95322,0.30361,113.57
-0.095035,0.96112,0.31528,113.58
-0.094349,0.96902,0.29242,113.58
-0.081957,0.97297,0.28207,113.59
-0.086434,0.97297,0.29706,113.59
-0.09848,0.96902,0.29589,113.6
-0.0823,0.96902,0.2935,113.6
-0.070479,0.96507,0.30218,113.61
-0.089877,0.97691,0.27759,113.61
-0.081614,0.97691,0.27064,113.62
-0.081845,0.97691,0.27831,113.62
-0.081847,0.98086,0.27839,113.63
-0.074042,0.97691,0.28671,113.63
-0.093774,0.96902,0.27324,113.64
-0.094112,0.95717,0.28451,113.64
-0.09848,0.96902,0.29589,113.65
-0.094124,0.97691,0.2849,113.65
-0.098142,0.98086,0.28462,113.66
-0.086201,0.96902,0.2893,113.66
-0.090333,0.96902,0.29278,113.67
-0.10284,0.97297,0.30712,113.67
-0.10272,0.96507,0.30312,113.68
-0.10272,0.96507,0.30312,113.68
-0.10239,0.97691,0.29185,113.69
-0.10227,0.96902,0.28786,113.69
-0.11419,0.95322,0.28262,113.7
-0.11798,0.95322,0.27459,113.7
-0.10628,0.96507,0.28742,113.71
-0.12223,0.96112,0.28206,113.71
-0.12578,0.96112,0.26635,113.72
-0.11752,0.96507,0.25948,113.72
-0.11328,0.97691,0.2524,113.73
-0.11339,0.96902,0.25608,113.73
-0.10135,0.96902,0.25717,113.74
-0.11304,0.96112,0.24442,113.74
-0.10513,0.96507,0.24905,113.75
-0.085166,0.96902,0.25478,113.75
-0.0816,0.95322,0.27017,113.75
-0.065883,0.95717,0.2832,113.76
-0.058083,0.96112,0.29168,113.76
-0.061751,0.95717,0.27973,113.77
-0.057279,0.96507,0.2649,113.77
-0.053496,0.96902,0.27301,113.78
-0.053148,0.96507,0.26143,113.78
-0.04981,0.94532,0.28441,113.79
-0.022497,0.93742,0.31364,113.79
-0.030539,0.95322,0.31323,113.8
-0.038699,0.97297,0.31674,113.8
-0.042264,0.98876,0.30135,113.81
-0.041708,1.0204,0.2828,113.81
-0.052603,1.0164,0.24327,113.82
-0.060286,1.0085,0.23088,113.82
-0.072563,1.0046,0.23739,113.83
-0.068431,1.0046,0.23391,113.83
-0.064763,1.0085,0.24586,113.84
-0.068311,0.99666,0.22992,113.84
-0.070033,0.98876,0.28731,113.85
-0.070719,0.98086,0.31017,113.85
-0.043991,0.98876,0.35889,113.86
-0.035152,0.98876,0.33276,113.86
-0.04962,1.0125,0.27808,113.87
-0.063602,0.99271,0.20718,113.87
-0.063363,0.97691,0.1992,113.88
-0.039493,0.97297,0.20896,113.88
-0.047398,0.95322,0.20401,113.89
-0.043965,0.96507,0.22379,113.89
-0.032378,0.96902,0.24029,113.9
-0.024574,0.96507,0.24861,113.9
-0.012647,0.97691,0.25377,113.91
-0.013338,0.97691,0.27679,113.91
-0.025513,0.99666,0.27993,113.92
-0.013114,0.98876,0.26935,113.92
-0.025055,1.0006,0.26467,113.93
-0.0091076,1.0046,0.27003,113.93
-0.013004,0.99666,0.26567,113.94
-0.016673,0.99271,0.25372,113.94
-0.016666,0.98086,0.25349,113.95
-0.012537,0.98481,0.25009,113.95
-0.0086259,0.96902,0.25397,113.96
-0.021022,0.97297,0.26448,113.96
-0.013453,0.97691,0.28062,113.96
-0.012988,0.96902,0.26512,113.97
-0.017704,0.98481,0.28809,113.97
-0.021255,0.97691,0.27223,113.98
-0.0047295,0.97691,0.25833,113.98
-0.011966,0.99271,0.23107,113.99
-0.0086378,0.98876,0.25437,113.99
-0.0091028,0.99666,0.26987,114
-0.01288,0.98086,0.26152,114
-0.0092132,0.98876,0.27355,114.01
-0.021262,0.98876,0.27246,114.01
-0.020802,0.98876,0.25712,114.02
-0.024933,0.98876,0.26059,114.02
-0.024583,0.98086,0.24893,114.03
-0.040874,0.97297,0.255,114.03
-0.036407,0.98876,0.24033,114.04
-0.048678,0.97691,0.24668,114.04
-0.044662,0.97691,0.24704,114.05
-0.040075,0.98481,0.22838,114.05
-0.044777,0.97691,0.25088,114.06
-0.053273,0.98086,0.26558,114.06
-0.040883,0.98876,0.25531,114.07
-0.036869,0.99271,0.25575,114.07
-0.040881,0.98481,0.25523,114.08
-0.04031,0.99271,0.23621,114.08
-0.052465,0.97691,0.23864,114.09
-0.056596,0.97691,0.24212,114.09
-0.068875,0.97691,0.24871,114.1
-0.068985,0.96902,0.25239,114.1
-0.0691,0.96902,0.25622,114.11
-0.088841,0.97691,0.24306,114.11
-0.10089,0.97297,0.2419,114.12
-0.11317,0.97691,0.24857,114.12
-0.1056,0.97691,0.26464,114.13
-0.10158,0.97297,0.26492,114.13
-0.10536,0.96902,0.25681,114.14
-0.10835,0.97691,0.22208,114.14
-0.10904,0.97297,0.24501,114.15
-0.10513,0.97297,0.24921,114.15
-0.093543,0.96902,0.26556,114.16
-0.097327,0.96507,0.25745,114.16
-0.097442,0.96507,0.26129,114.17
-0.097099,0.96902,0.24986,114.17
-0.092975,0.98086,0.24662,114.17
-0.10823,0.98086,0.21832,114.18
-0.1204,0.97691,0.22099,114.18
-0.11673,0.97691,0.23286,114.19
-0.11259,0.96507,0.22915,114.19
-0.1088,0.95717,0.23703,114.2
-0.10466,0.94927,0.23339,114.2
-0.12911,0.95322,0.24281,114.21
-0.13335,0.94927,0.25005,114.21
-0.12922,0.96112,0.24681,114.22
-0.10903,0.95717,0.2447,114.22
-0.12107,0.95717,0.24361,114.23
-0.1252,0.95322,0.24701,114.23
-0.13279,0.97297,0.23134,114.24
-0.1204,0.98086,0.22107,114.24
-0.11684,0.97691,0.2367,114.25
-0.12866,0.98086,0.22802,114.25
-0.13233,0.98481,0.21623,114.26
-0.14013,0.98086,0.20775,114.26
-0.14806,0.99271,0.20343,114.27
-0.14416,0.98876,0.20755,114.27
-0.15654,0.97297,0.21766,114.28
-0.18087,0.97691,0.22324,114.28
-0.18109,0.96507,0.23068,114.29
-0.18523,0.96507,0.23415,114.29
-0.18489,0.97691,0.22288,114.3
-0.1928,0.96112,0.21801,114.3
-0.18534,0.96507,0.23799,114.31
-0.18534,0.95717,0.23783,114.31
-0.20095,0.96507,0.2212,114.32
-0.19279,0.95322,0.21785,114.32
-0.19222,0.96902,0.19898,114.33
-0.18442,0.96507,0.2073,114.33
-0.16813,0.97297,0.20123,114.34
-0.16859,0.97297,0.21657,114.34
-0.17627,0.96507,0.20419,114.35
-0.18018,0.96902,0.20007,114.35
-0.1811,0.97297,0.23084,114.36
-0.17353,0.97691,0.24698,114.36
-0.15723,0.96902,0.2406,114.37
-0.15309,0.96112,0.23697,114.37
-0.17731,0.96507,0.23871,114.38
-0.16515,0.98086,0.23628,114.38
-0.16561,0.97297,0.25146,114.38
-0.14587,0.97297,0.26478,114.39
-0.13417,0.97691,0.27745,114.39
-0.12636,0.96507,0.28561,114.4
-0.11878,0.95717,0.30152,114.4
-0.09457,0.95322,0.29977,114.41
-0.082756,0.96112,0.30869,114.41
-0.063708,0.95717,0.34494,114.42
-0.07645,0.96112,0.36696,114.42
-0.057059,0.96112,0.39178,114.43
-0.04869,0.97691,0.38131,114.43
-0.048345,0.97691,0.3698,114.44
-0.043652,1.0006,0.34762,114.44
-0.063039,0.99271,0.32264,114.45
-0.07062,1.0085,0.30688,114.45
-0.067983,1.0046,0.3532,114.46
-0.064765,0.99271,0.38018,114.46
-0.053508,0.96902,0.40765,114.47
-0.053738,0.96902,0.41532,114.47
-0.050872,0.96902,0.45404,114.48
-0.054656,0.96507,0.44593,114.48
-0.048218,0.95717,0.36557,114.49
-0.032479,0.94532,0.24366,114.49
-0.028907,0.93742,0.12457,114.5
-0.048753,0.92953,0.11494,114.5
-0.05082,0.92163,0.18383,114.51
-0.060126,0.93347,0.22555,114.51
-0.062308,0.92558,0.29828,114.52
-0.087315,0.90583,0.32641,114.52
-0.14056,0.90978,0.35631,114.53
-0.16111,0.91768,0.37001,114.53
-0.17695,0.92953,0.36113,114.54
-0.22608,0.94532,0.38779,114.54
-0.25008,0.98086,0.3825,114.55
-0.30666,0.98086,0.38895,114.55
-0.34706,0.99666,0.39332,114.56
-0.36346,0.97691,0.40299,114.56
-0.37117,1.0164,0.39154,114.57
-0.38416,1.0559,0.42194,114.57
-0.3562,1.1112,0.42941,114.58
-0.3484,1.1191,0.43796,114.58
-0.30501,1.0875,0.46816,114.58
-0.29637,1.048,0.44891,114.59
-0.29473,0.99271,0.3941,114.59
-0.26189,0.96112,0.37335,114.6
-0.26211,0.93742,0.38055,114.6
-0.25098,0.94927,0.41256,114.61
-0.227,0.94927,0.41856,114.61
-0.22367,0.94532,0.44186,114.62
-0.22321,0.93742,0.42636,114.62
-0.22285,0.92163,0.41454,114.63
-0.21458,0.89793,0.40712,114.63
-0.2219,0.86239,0.38267,114.64
-0.22121,0.86239,0.35965,114.64
-0.22939,0.92558,0.36402,114.65
-0.23406,0.86634,0.3855,114.65
-0.2422,0.85449,0.38837,114.66
-0.2585,0.86239,0.39476,114.66
-0.27021,0.86239,0.38216,114.67
-0.2911,0.86239,0.40721,114.67
-0.31071,0.85844,0.38998,114.68
-0.32241,0.84264,0.37707,114.68
-0.31402,0.82685,0.36597,114.69
-0.32274,0.82685,0.38827,114.69
-0.30265,0.81105,0.38976,114.7
-0.29783,0.80315,0.36311,114.7
-0.28624,0.81105,0.37969,114.71
-0.27879,0.81105,0.3996,114.71
-0.27914,0.8308,0.4115,114.72
-0.26708,0.815,0.41227,114.72
-0.23094,0.81895,0.4156,114.73
-0.23069,0.78736,0.4073,114.73
-0.23918,0.78341,0.42184,114.74
-0.23068,0.76366,0.40683,114.74
-0.2464,0.77551,0.39411,114.75
-0.27488,0.7992,0.40356,114.75
-0.27571,0.8387,0.4312,114.76
-0.30795,0.8387,0.43215,114.76
-0.30096,0.84659,0.46755,114.77
-0.30589,0.8308,0.49757,114.77
-0.30645,0.815,0.51643,114.78
-0.32757,0.81895,0.54923,114.78
-0.35606,0.85844,0.559,114.79
-0.35205,0.87424,0.55968,114.79
-0.3827,0.90978,0.50762,114.79
-0.37698,0.94532,0.45115,114.8
-0.35161,0.93742,0.41096,114.8
-0.32281,0.94532,0.39063,114.81
-0.3142,0.92953,0.37185,114.81
-0.29445,0.90583,0.3847,114.82
-0.2812,0.83475,0.346,114.82
-0.26418,0.77551,0.31558,114.83
-0.22848,0.75181,0.3337,114.83
-0.2294,0.75181,0.36439,114.84
-0.24296,0.77551,0.41365,114.84
-0.26821,0.76761,0.44969,114.85
-0.28061,0.77551,0.46027,114.85
-0.33614,0.77551,0.43219,114.86
-0.28782,0.75576,0.4323,114.86
-0.27968,0.76761,0.42942,114.87
-0.26764,0.78341,0.43082,114.87
-0.25686,0.79131,0.47426,114.88
-0.26329,0.77946,0.55423,114.88
-0.23997,0.73207,0.58231,114.89
-0.21931,0.72812,0.56485,114.89
-0.19383,0.73602,0.52114,114.9
-0.18431,0.74392,0.47215,114.9
-0.17961,0.75971,0.44981,114.91
-0.1555,0.73997,0.45159,114.91
-0.15525,0.70837,0.44328,114.92
-0.098536,0.65704,0.43197,114.92
-0.038742,0.64124,0.45243,114.93
0.0055543,0.63729,0.45249,114.93
0.070247,0.68468,0.44387,114.94
0.18447,0.81105,0.39513,114.94
0.26414,0.96112,0.2899,114.95
0.32386,1.0914,0.17864,114.95
0.34878,1.2534,0.15335,114.96
0.35453,1.4153,0.23019,114.96
0.28271,1.5693,0.3422,114.97
0.17476,1.6917,0.45034,114.97
0.10454,1.668,0.50894,114.98
0.020637,1.51,0.48669,114.98
-0.018363,1.2968,0.44429,114.99
-0.045104,1.1191,0.39602,114.99
-0.052014,0.97297,0.35785,115
-0.083989,0.90583,0.34979,115
-0.12787,0.79526,0.33593,115
-0.17933,0.68468,0.30601,115.01
-0.23151,0.63334,0.30029,115.01
-0.2798,0.5978,0.29908,115.02
-0.33153,0.5741,0.27856,115.02
-0.34771,0.56226,0.28071,115.03
-0.36364,0.53066,0.2748,115.03
-0.3596,0.49907,0.27453,115.04
-0.33492,0.48722,0.25728,115.04
-0.3123,0.47143,0.17438,115.05
-0.29666,0.43194,0.055747,115.05
-0.26786,0.43194,0.03526,115.06
-0.20611,0.42404,-0.0093479,115.06
-0.18523,0.43194,-0.034237,115.07
-0.14518,0.42404,-0.026944,115.07
-0.11387,0.45563,0.0034323,115.08
-0.090968,0.53066,0.045461,115.08
-0.071523,0.63334,0.068498,115.09
-0.068019,0.72022,0.085937,115.09
-0.043835,0.76761,0.085215,115.1
-0.019645,0.8071,0.084335,115.1
0.019813,0.8308,0.11144,115.11
0.067654,0.84659,0.1276,115.11
0.10689,0.86239,0.16222,115.12
0.13051,0.88214,0.18013,115.12
0.15955,0.87819,0.15189,115.13
0.17218,0.87424,0.13372,115.13
0.14878,0.84659,0.10798,115.14
0.13192,0.83475,0.13315,115.14
0.039108,0.7992,0.13947,115.15
-0.076792,0.80315,0.10989,115.15
-0.15631,0.80315,0.075803,115.16
-0.20529,0.76366,0.097532,115.16
-0.22638,0.72022,0.12938,115.17
-0.21946,0.65309,0.16713,115.17
-0.19142,0.58595,0.17216,115.18
-0.15466,0.53066,0.15513,115.18
-0.10518,0.48722,0.1164,115.19
-0.051904,0.44378,0.085706,115.19
0.012973,0.37665,0.070968,115.2
0.088841,0.34505,0.092551,115.2
0.16927,0.3569,0.096181,115.21
0.1968,0.37665,0.11829,115.21
0.24785,0.40034,0.16182,115.21
0.30451,0.43983,0.15232,115.22
0.33698,0.45563,0.14402,115.22
0.30599,0.47143,0.10308,115.23
0.27421,0.46353,0.088524,115.23
0.22511,0.43588,0.11433,115.24
0.14699,0.37665,0.16766,115.24
0.13345,0.37665,0.21644,115.25
0.11208,0.40824,0.25747,115.25
0.036901,0.44773,0.21302,115.26
-0.04206,0.47538,0.16031,115.26
-0.10048,0.49512,0.093901,115.27
-0.17184,0.47933,0.056389,115.27
-0.20052,0.47143,0.072883,115.28
-0.2377,0.45563,0.10384,115.28
-0.26282,0.44773,0.13604,115.29
-0.26779,0.49117,0.16724,115.29
-0.25598,0.50697,0.17631,115.3
-0.25563,0.49907,0.16464,115.3
-0.22292,0.50302,0.14843,115.31
-0.17413,0.45958,0.13272,115.31
-0.090793,0.41219,0.17389,115.32
0.0085946,0.38455,0.21691,115.32
0.099837,0.35295,0.26295,115.33
0.15767,0.3569,0.21438,115.33
0.1947,0.42799,0.18836,115.34
0.22013,0.51092,0.14615,115.34
0.29237,0.60175,0.15447,115.35
0.25148,0.65309,0.1749,115.35
0.2255,0.73207,0.23568,115.36
0.1707,0.82685,0.31727,115.36
0.14491,0.94927,0.37126,115.37
0.13163,1.0954,0.41145,115.37
0.17021,1.2336,0.46769,115.38
0.22509,1.3679,0.51763,115.38
0.28991,1.5851,0.50473,115.39
0.32644,1.9129,0.49534,115.39
0.40952,2.2841,0.54486,115.4
0.4595,2.5803,0.48989,115.4
0.5226,2.8054,0.40006,115.41
0.55429,2.9594,0.41753,115.41
0.4875,2.9633,0.49622,115.42
0.47799,2.9238,0.54458,115.42
0.47115,2.837,0.6384,115.42
0.45052,2.7975,0.65498,115.43
0.41149,2.8172,0.6134,115.43
0.34066,2.8843,0.55836,115.44
0.26489,2.9436,0.53349,115.44
0.16743,2.9989,0.56045,115.45
0.061729,3.0147,0.59356,115.45
-0.0090468,2.9594,0.67072,115.46
-0.11605,2.8527,0.74743,115.46
-0.26997,2.7185,0.77705,115.47
-0.45029,2.6079,0.74707,115.47
-0.55348,2.4697,0.69655,115.48
-0.66941,2.3196,0.66773,115.48
-0.7333,2.2762,0.64957,115.49
-0.82597,2.2011,0.65127,115.49
-0.82204,2.1459,0.65436,115.5
-0.78931,2.1064,0.63729,115.5
-0.69208,2.0511,0.618,115.51
-0.59744,1.9208,0.55083,115.51
-0.49165,1.7588,0.5148,115.52
-0.43324,1.5772,0.44718,115.52
-0.37933,1.4192,0.39502,115.53
-0.34515,1.2613,0.32954,115.53
-0.33588,1.1191,0.28907,115.54
-0.35095,1.0085,0.25473,115.54
-0.38602,0.92558,0.21529,115.55
-0.41821,0.8387,0.2145,115.55
-0.43261,0.74392,0.15746,115.56
-0.44636,0.70837,0.21321,115.56
-0.49909,0.61754,0.22588,115.57
-0.49939,0.53856,0.23581,115.57
-0.54283,0.44773,0.20701,115.58
-0.56262,0.349,0.19556,115.58
-0.55819,0.24633,0.18236,115.59
-0.54126,0.13575,0.15475,115.59
-0.50519,0.072565,0.16058,115.6
-0.51733,0.040972,0.1627,115.6
-0.52524,0.021227,0.15775,115.61
-0.52476,-0.0024682,0.14193,115.61
-0.49193,-0.034061,0.12117,115.62
-0.47125,-0.057756,0.10333,115.62
-0.47549,-0.081451,0.11017,115.62
-0.47181,-0.089349,0.12188,115.63
-0.47181,-0.097247,0.12172,115.63
-0.47626,-0.13279,0.136,115.64
-0.49621,-0.16833,0.12964,115.64
-0.46404,-0.23547,0.1312,115.65
-0.44804,-0.30655,0.13506,115.65
-0.43951,-0.36579,0.11926,115.66
-0.42629,-0.40923,0.081111,115.66
-0.40986,-0.44477,0.070339,115.67
-0.40536,-0.48426,0.054567,115.67
-0.39283,-0.5198,0.039598,115.68
-0.35725,-0.5277,0.061875,115.68
-0.36138,-0.52375,0.065428,115.69
-0.3458,-0.49216,0.08285,115.69
-0.32218,-0.45662,0.10107,115.7
-0.29389,-0.37764,0.097506,115.7
-0.2485,-0.28286,0.061173,115.71
-0.20286,-0.21177,0.016695,115.71
-0.11408,-0.15253,0.010483,115.72
-0.030242,-0.081451,0.034837,115.72
0.048564,-0.022214,-0.041512,115.73
0.11852,0.056769,-0.091337,115.73
0.22347,0.1318,-0.099624,115.74
0.28803,0.21078,-0.10377,115.74
0.34467,0.29767,-0.11233,115.75
0.46902,0.3648,-0.095945,115.75
0.66037,0.44378,-0.030983,115.76
0.8361,0.55436,0.017818,115.76
0.89264,0.60965,0.012472,115.77
1.0507,0.69653,-0.02157,115.77
1.1489,0.70443,-0.074118,115.78
1.2103,0.66098,-0.10409,115.78
1.2596,0.59385,-0.13945,115.79
1.2574,0.55041,-0.19823,115.79
1.3405,0.52671,-0.28354,115.8
1.4509,0.47933,-0.33994,115.8
1.5505,0.34111,-0.30297,115.81
1.6448,0.17524,-0.22472,115.81
1.6664,-0.0024682,-0.14169,115.82
1.6929,-0.21967,-0.082116,115.82
1.6371,-0.48426,-0.10396,115.83
1.6221,-0.72121,-0.14083,115.83
1.6131,-0.95816,-0.10791,115.83
1.6121,-1.0411,-0.075039,115.84
1.5676,-1.1161,-0.069002,115.84
1.4952,-1.0964,-0.071279,115.85
1.3386,-1.0213,-0.087716,115.85
1.2363,-0.85548,-0.032063,115.86
1.1144,-0.64618,0.0034674,115.86
1.0497,-0.44082,-0.12134,115.87
1.0474,-0.27891,-0.17986,115.87
1.0203,-0.17228,-0.080154,115.88
0.94792,-0.093298,-0.085085,115.88
0.96796,-0.014316,-0.081703,115.89
0.98056,0.013328,-0.099248,115.89
0.98161,-0.018265,0.00022712,115.9
0.94112,-0.053807,0.0074125,115.9
0.92127,-0.061705,-0.002225,115.91
0.91428,-0.073552,-0.037711,115.91
0.64842,-0.077502,-0.16942,115.92
1.1989,-0.018265,0.004401,115.92
1.6667,-0.010366,0.11974,115.93
1.6858,-0.10909,0.019473,115.93
1.9359,-0.30655,0.0034181,115.94
2.2728,0.037023,-0.21712,115.94
2.7845,0.22263,-0.090426,115.95
3.6727,0.32531,0.23775,115.95
4.4747,0.29372,0.21698,115.96
4.9553,0.46353,0.036681,115.96
5.1354,0.815,-0.59786,115.97
5.8133,1.1112,-0.50785,115.97
6.0565,1.0559,-0.82942,115.98
6.1613,1.1151,-1.7728,115.98
5.5887,1.0441,-1.3449,115.99
3.7042,0.88609,-0.40982,115.99
2.1282,0.87029,0.1712,116
1.276,0.81895,0.5243,116
1.3357,0.48327,0.54604,116.01
1.4842,-0.097247,0.42855,116.01
1.2553,-0.56719,0.14082,116.02
0.88341,-0.82784,-0.082502,116.02
0.68498,-0.98185,-0.045741,116.03
0.81454,-1.0134,0.065301,116.03
1.1025,-0.85943,0.13276,116.04
1.3611,-0.60274,0.2381,116.04
1.4209,-0.026163,0.25886,116.04
1.3358,0.23053,0.27557,116.05
1.0499,0.66493,0.27392,116.05
0.82369,0.93742,0.29748,116.06
0.72067,1.0835,0.24112,116.06
0.60008,1.0796,0.0994,116.07
0.39853,0.98086,-0.02842,116.07
0.28755,0.82685,-0.087649,116.08
0.30326,0.64914,-0.074403,116.08
0.35167,0.48722,-0.077131,116.09
0.36688,0.37665,-0.0472,116.09
0.32168,0.34111,-0.017358,116.1
0.27591,0.30951,0.031744,116.1
0.19217,0.27397,0.0042624,116.11
0.18097,0.19104,-0.02533,116.11
0.19292,0.17524,-0.020725,116.12
0.18929,0.10811,-0.033934,116.12
0.22525,0.021227,-0.024741,116.13
0.3014,-0.081451,-0.012249,116.13
0.4217,-0.16043,0.0046923,116.14
0.55795,-0.21967,0.02731,116.14
0.70199,-0.27891,0.058322,116.15
0.88253,-0.33419,0.081158,116.15
1.0199,-0.40923,0.065097,116.16
1.1333,-0.5198,0.046159,116.16
1.2119,-0.63828,-0.026063,116.17
1.2986,-0.73306,-0.097089,116.17
1.3832,-0.84758,-0.095619,116.18
1.3721,-0.95421,-0.12952,116.18
1.3517,-0.9937,-0.12061,116.19
1.3028,-1.0292,-0.10264,116.19
1.2795,-1.0292,-0.13166,116.2
1.2446,-0.9937,-0.1764,116.2
1.1599,-0.90287,-0.17067,116.21
1.0153,-0.7686,-0.18484,116.21
0.87873,-0.66197,-0.19501,116.22
0.81086,-0.56324,-0.21453,116.22
0.79862,-0.43687,-0.20925,116.23
0.8176,-0.33814,-0.17095,116.23
0.82694,-0.23152,-0.079505,116.24
0.81941,-0.14464,0.17159,116.24
0.80535,-0.049858,0.23761,116.25
0.9298,0.056769,0.11631,116.25
1.0277,0.10416,0.07606,116.25
1.1857,0.17129,0.041624,116.26
1.2308,0.21078,0.015698,116.26
1.2771,0.21868,0.08541,116.27
1.3,0.20684,0.12571,116.27
1.2596,0.22263,0.13008,116.28
1.1742,0.22658,0.022461,116.28
1.1326,0.25422,-0.065362,116.29
1.149,0.29372,-0.074638,116.29
1.1916,0.32136,-0.020238,116.3
1.2063,0.37665,0.028346,116.3
1.1927,0.45168,0.078631,116.31
1.1435,0.49907,0.10593,116.31
1.0861,0.53856,0.14002,116.32
1.1464,0.55831,0.14583,116.32
1.1017,0.55041,0.15705,116.33
1.1144,0.51092,0.13816,116.33
1.0873,0.45958,0.10008,116.34
1.0244,0.42404,0.051389,116.34
0.96002,0.37665,0.048496,116.35
0.86342,0.34111,0.046785,116.35
0.80308,0.30951,0.044569,116.36
0.77531,0.30951,0.03053,116.36
0.75204,0.28582,0.0010341,116.37
0.77407,0.28582,-0.062376,116.37
0.79244,0.28582,-0.13766,116.38
0.80531,0.25817,-0.16398,116.38
0.77172,0.20289,-0.1181,116.39
0.78264,0.15945,-0.079519,116.39
0.77784,0.1318,-0.053578,116.4
0.75686,0.092311,-0.025482,116.4
0.77213,0.064667,0.0022666,116.41
0.77492,0.0093792,0.043725,116.41
0.76208,-0.014316,0.069022,116.42
0.76266,-0.026163,0.049604,116.42
0.87616,-0.03801,0.024962,116.43
0.98518,-0.045909,0.015382,116.43
1.0371,-0.026163,0.028148,116.44
1.0732,-0.014316,0.035474,116.44
1.0973,-0.0064173,0.0378,116.45
1.1301,0.013328,0.018068,116.45
1.1106,0.017277,-0.0028423,116.46
1.1193,0.033074,-0.024822,116.46
1.1194,0.044921,-0.028422,116.46
1.1207,0.04887,-0.070543,116.47
1.149,0.072565,-0.075213,116.47
1.1727,0.10811,-0.060826,116.48
1.1853,0.1397,-0.078293,116.48
1.1737,0.17524,-0.094014,116.49
1.1247,0.21078,-0.070788,116.49
1.0961,0.25028,-0.057185,116.5
1.0716,0.28977,-0.047058,116.5
1.0391,0.32926,-0.037653,116.51
1.0111,0.32926,-0.044019,116.51
1.0067,0.36085,-0.032242,116.52
0.9901,0.3648,-0.014427,116.52
0.96475,0.34111,0.025131,116.53
0.95626,0.34505,0.039832,116.53
0.92781,0.32926,0.048496,116.54
0.9206,0.30161,0.020367,116.54
0.92542,0.28977,-0.006362,116.55
0.91384,0.27792,-0.023028,116.55
0.92177,0.25422,-0.018941,116.56
0.91732,0.21868,-0.0046665,116.56
0.93328,0.20289,0.00030064,116.57
0.94097,0.19104,0.012296,116.57
0.96864,0.16734,0.029699,116.58
0.97313,0.14365,0.014243,116.58
0.98932,0.13575,0.011695,116.59
0.98543,0.10416,0.0068668,116.59
1.0059,0.076514,-0.0033862,116.6
1.0017,0.037023,0.0031372,116.6
1.006,0.029125,-0.0081678,116.61
1.0099,0.0014809,-0.0045214,116.61
1.0064,0.0014809,-0.020228,116.62
1.0226,0.0093792,-0.022461,116.62
1.0424,-0.0024682,-0.013217,116.63
1.0428,-0.0064173,-0.024805,116.63
1.0438,-0.0024682,-0.059253,116.64
1.0116,0.0014809,-0.05823,116.64
1.0031,-0.010366,-0.043844,116.65
0.9987,-0.010366,-0.032696,116.65
0.98264,-0.0064173,-0.034063,116.66
0.96645,0.0014809,-0.031515,116.66
0.96209,0.0014809,-0.020368,116.67
0.94177,0.0093792,-0.014345,116.67
0.93362,0.021227,-0.010995,116.67
0.93269,0.025176,0.019774,116.68
0.93245,0.044921,0.02784,116.68
0.90432,0.072565,0.025861,116.69
0.91245,0.10811,0.023457,116.69
0.91245,0.10811,0.023457,116.7
0.91634,0.1239,0.02797,116.7
0.92379,0.14365,0.048268,116.71
0.92402,0.14365,0.040596,116.71
0.92826,0.1555,0.033521,116.72
0.93237,0.17919,0.030519,116.72
0.94418,0.19894,0.039669,116.73
0.96816,0.19499,0.045596,116.73
0.97334,0.18709,0.0074365,116.74
0.96485,0.18314,0.02198,116.74
0.98918,0.17524,0.016319,116.75
0.9893,0.15945,0.012167,116.75
1.0055,0.1555,0.0096981,116.76
1.0143,0.15155,-0.016512,116.76
1.0266,0.1476,-0.023179,116.77
1.0502,0.1555,-0.0055073,116.77
1.0226,0.1476,-0.02354,116.78
1.0306,0.1555,-0.02266,116.78
1.0306,0.1476,-0.022817,116.79
1.0345,0.1555,-0.018462,116.79
1.0186,0.1555,-0.023744,116.8
1.0148,0.14365,-0.032015,116.8
1.0019,0.13575,-0.0064025,116.81
0.98174,0.13575,-0.0043735,116.81
0.98554,0.12785,0.0035031,116.82
0.9775,0.12785,0.0027801,116.82
0.96936,0.12785,0.0058935,116.83
0.96097,0.13575,0.016837,116.83
0.94905,0.11995,0.011601,116.84
0.94526,0.12785,0.0037247,116.84
0.94882,0.11206,0.019116,116.85
0.96547,0.10416,0.0012231,116.85
0.94962,0.11995,-0.0075803,116.86
0.93712,0.11601,0.0066018,116.86
0.95329,0.12785,0.0044477,116.87
0.93734,0.1318,-0.00075575,116.87
0.94491,0.1397,0.01547,116.88
0.95306,0.13575,0.012278,116.88
0.95305,0.14365,0.012435,116.88
0.96555,0.1555,-0.0015892,116.89
0.97738,0.1476,0.0070103,116.89
0.9698,0.15155,-0.0089791,116.9
0.97462,0.15945,-0.035314,116.9
0.98276,0.17129,-0.038191,116.91
0.9955,0.16734,-0.060204,116.91
0.99527,0.17129,-0.052452,116.92
0.99138,0.15155,-0.057044,116.92
0.99137,0.15945,-0.056886,116.93
0.99149,0.1555,-0.060801,116.93
0.98713,0.15945,-0.049575,116.94
0.99585,0.1634,-0.071791,116.94
1.0038,0.15155,-0.067468,116.95
0.99964,0.1476,-0.064072,116.95
0.99918,0.1476,-0.048727,116.96
0.99517,0.15155,-0.04901,116.96
0.99529,0.1318,-0.05324,116.97
0.99116,0.1397,-0.049608,116.97
0.99139,0.13575,-0.057359,116.98
0.99104,0.13575,-0.04585,116.98
0.9914,0.11206,-0.057832,116.99
0.99565,0.11206,-0.065143,116.99
0.98336,0.1239,-0.058318,117
0.9993,0.1397,-0.052721,117
1.0033,0.1318,-0.052517,117.01
0.98714,0.13575,-0.050048,117.01
0.99528,0.1476,-0.052925,117.02
0.97922,0.1397,-0.054528,117.02
0.99575,0.13575,-0.068506,117.03
0.98726,0.13575,-0.053884,117.03
1.0072,0.1397,-0.048162,117.04
0.99519,0.11601,-0.049719,117.04
0.99898,0.10811,-0.041842,117.05
0.99472,0.1239,-0.034216,117.05
0.98704,0.11601,-0.046605,117.06
1.0031,0.11995,-0.045081,117.06
1.0032,0.11601,-0.048996,117.07
0.98715,0.11601,-0.050442,117.07
0.98703,0.1239,-0.046448,117.08
0.99495,0.1239,-0.041889,117.08
0.99471,0.13575,-0.03398,117.08
0.98278,0.1318,-0.038979,117.09
0.99529,0.13575,-0.053161,117.09
0.97888,0.1318,-0.043177,117.1
0.98267,0.1318,-0.035143,117.1
0.97878,0.11206,-0.039734,117.11
0.98681,0.11995,-0.038854,117.11
0.98267,0.11995,-0.035379,117.12
0.9829,0.1318,-0.042815,117.12
0.99036,0.12785,-0.02299,117.13
0.99058,0.1397,-0.030426,117.13
0.99035,0.13575,-0.022832,117.14
0.97475,0.13575,-0.039623,117.14
0.97084,0.1476,-0.043585,117.15
0.97864,0.15155,-0.03511,117.15
0.98645,0.1397,-0.026951,117.16
0.97853,0.14365,-0.031432,117.16
0.98668,0.1397,-0.034624,117.17
0.97934,0.1397,-0.058365,117.17
0.9908,0.15155,-0.037862,117.18
0.97509,0.1397,-0.051053,117.18
0.97922,0.1397,-0.054528,117.19
0.99161,0.1476,-0.064795,117.19
0.97543,0.14365,-0.062484,117.2
0.99116,0.13575,-0.049686,117.2
0.99908,0.1318,-0.045206,117.21
0.99414,0.13575,-0.014798,117.21
0.98256,0.1239,-0.031464,117.22
0.99047,0.1318,-0.026747,117.22
0.98279,0.11206,-0.039373,117.23
0.97854,0.1239,-0.031825,117.23
0.98279,0.12785,-0.039058,117.24
0.98277,0.1476,-0.038664,117.24
0.97853,0.1476,-0.031353,117.25
0.97039,0.12785,-0.028633,117.25
0.99036,0.1239,-0.023068,117.26
0.99036,0.1239,-0.023068,117.26
0.97865,0.1318,-0.035504,117.27
0.97062,0.12785,-0.036306,117.27
0.98188,0.10416,-0.00884,117.28
0.99105,0.1318,-0.045929,117.28
0.99059,0.1318,-0.030584,117.29
0.99426,0.1318,-0.018713,117.29
0.98221,0.12785,-0.019876,117.29
0.99036,0.11995,-0.023147,117.3
0.99059,0.11995,-0.03082,117.3
0.98669,0.11995,-0.035018,117.31
0.99036,0.11601,-0.023226,117.31
0.99048,0.10811,-0.02722,117.32
0.9984,0.11601,-0.022503,117.32
0.99484,0.1239,-0.038052,117.33
0.98232,0.12785,-0.023713,117.33
0.98692,0.12785,-0.042533,117.34
0.98645,0.1318,-0.027109,117.34
0.97463,0.13575,-0.035787,117.35
0.99482,0.1476,-0.03758,117.35
0.98278,0.1397,-0.038822,117.36
0.9868,0.12785,-0.038696,117.36
0.97887,0.14365,-0.042941,117.37
0.97463,0.1397,-0.035708,117.37
0.98278,0.1318,-0.038979,117.38
0.97487,0.12785,-0.043617,117.38
0.9907,0.12785,-0.034499,117.39
0.98244,0.13575,-0.027391,117.39
0.97807,0.13575,-0.016244,117.4
0.97027,0.13575,-0.024639,117.4
0.97452,0.1318,-0.032029,117.41
0.97017,0.11601,-0.021197,117.41
0.96672,0.11995,-0.040661,117.42
0.98221,0.13575,-0.019719,117.42
0.9658,0.1239,-0.009892,117.43
0.97005,0.12785,-0.017124,117.43
0.97865,0.1318,-0.035504,117.44
0.9744,0.13575,-0.028114,117.44
0.97015,0.1397,-0.020724,117.45
0.9704,0.11995,-0.028791,117.45
0.97015,0.1397,-0.020724,117.46
0.98221,0.1318,-0.019798,117.46
0.97027,0.13575,-0.024639,117.47
0.97854,0.1318,-0.031668,117.47
0.97854,0.11995,-0.031904,117.48
0.97133,0.10416,-0.059796,117.48
0.97865,0.1397,-0.035347,117.49
0.97051,0.1239,-0.032548,117.49
0.97464,0.11995,-0.036102,117.5
0.96626,0.1239,-0.025237,117.5
0.98658,0.11601,-0.03126,117.5
0.98267,0.12785,-0.035222,117.51
0.98645,0.14365,-0.026872,117.51
0.9907,0.1318,-0.03442,117.52
0.9985,0.13575,-0.025946,117.52
0.98325,0.12785,-0.054403,117.53
0.99484,0.11995,-0.038131,117.53
0.97499,0.11995,-0.047611,117.54
0.97866,0.1239,-0.035662,117.54
0.97865,0.12785,-0.035583,117.55
0.99885,0.12785,-0.037612,117.55
0.99082,0.1239,-0.038414,117.56
0.99885,0.1239,-0.037691,117.56
0.97476,0.1239,-0.03986,117.57
0.99472,0.11995,-0.034295,117.57
0.99048,0.11206,-0.027141,117.58
0.99025,0.11995,-0.019311,117.58
0.98647,0.11206,-0.027503,117.59
0.99427,0.11206,-0.019107,117.59
0.99059,0.11995,-0.03082,117.6
0.98634,0.12785,-0.023351,117.6
0.98634,0.13575,-0.023194,117.61
0.98314,0.10811,-0.050961,117.61
0.9789,0.10416,-0.043728,117.62
0.97877,0.11995,-0.039577,117.62
0.9665,0.11206,-0.033146,117.63
0.96637,0.1318,-0.028916,117.63
0.979,0.1318,-0.047013,117.64
0.97441,0.1239,-0.028351,117.64
0.97487,0.11601,-0.043853,117.65
0.9743,0.11995,-0.024593,117.65
0.97464,0.11995,-0.036102,117.66
0.97464,0.1318,-0.035866,117.66
0.97888,0.12785,-0.043256,117.67
0.97429,0.1239,-0.024514,117.67
0.97028,0.11995,-0.024955,117.68
0.97796,0.12785,-0.012565,117.68
0.97808,0.1318,-0.016323,117.69
0.96593,0.10416,-0.014122,117.69
0.98578,0.10416,-0.0046422,117.7
0.98577,0.1239,-0.0042483,117.7
0.97016,0.1239,-0.021039,117.71
0.97831,0.12785,-0.024074,117.71
0.97063,0.11601,-0.036542,117.71
0.97842,0.1318,-0.027832,117.72
0.98198,0.1239,-0.012282,117.72
0.98255,0.1318,-0.031306,117.73
0.98256,0.11601,-0.031622,117.73
0.99059,0.1318,-0.030584,117.74
0.99024,0.1239,-0.019232,117.74
0.98658,0.11995,-0.031181,117.75
0.99472,0.11995,-0.034295,117.75
0.99471,0.13575,-0.03398,117.76
0.98726,0.1318,-0.053963,117.76
0.99105,0.11995,-0.046165,117.77
0.98645,0.1318,-0.027109,117.77
0.97831,0.12785,-0.024074,117.78
0.98669,0.12785,-0.03486,117.78
0.9868,0.1239,-0.038775,117.79
0.98233,0.1239,-0.023791,117.79
0.97855,0.11206,-0.032062,117.8
0.99473,0.10416,-0.03461,117.8
0.98256,0.12785,-0.031385,117.81
0.97441,0.11995,-0.028429,117.81
0.97429,0.12785,-0.024436,117.82
0.97476,0.11206,-0.040096,117.82
0.97832,0.11206,-0.024389,117.83
0.98279,0.1239,-0.039137,117.83
0.98623,0.11601,-0.019751,117.84
0.97831,0.1239,-0.024153,117.84
0.99014,0.10811,-0.015711,117.85
0.98658,0.11995,-0.031181,117.85
0.98634,0.1318,-0.023272,117.86
0.9907,0.13575,-0.034341,117.86
0.97865,0.1318,-0.035504,117.87
0.97465,0.11206,-0.03626,117.87
0.98267,0.11995,-0.035379,117.88
0.9627,0.12785,-0.040865,117.88
0.97842,0.12785,-0.02791,117.89
0.97465,0.10811,-0.036338,117.89
0.98267,0.1239,-0.0353,117.9
0.98658,0.11601,-0.03126,117.9
0.98624,0.11206,-0.01983,117.91
0.9899,0.11995,-0.0078019,117.91
0.98268,0.11601,-0.035458,117.92
0.98221,0.12785,-0.019876,117.92
0.9821,0.1239,-0.016119,117.92
0.97429,0.13575,-0.024278,117.93
0.99036,0.1318,-0.022911,117.93
0.96649,0.12785,-0.032831,117.94
0.98716,0.11206,-0.05052,117.94
0.99024,0.1239,-0.019232,117.95
0.97832,0.11601,-0.02431,117.95
0.9782,0.11601,-0.020474,117.96
0.98268,0.11206,-0.035537,117.96
0.99461,0.1239,-0.03038,117.97
0.98691,0.1318,-0.042454,117.97
0.97452,0.1318,-0.032029,117.98
0.986,0.1239,-0.011921,117.98
0.9821,0.1239,-0.016119,117.99
0.97889,0.11995,-0.043413,117.99
0.979,0.12785,-0.047092,118
0.98313,0.1239,-0.050646,118
0.98704,0.11995,-0.046527,118.01
0.97831,0.11995,-0.024232,118.01
0.97407,0.11995,-0.01692,118.02
0.97786,0.11601,-0.0089651,118.02
0.97429,0.1318,-0.024357,118.03
0.9783,0.13575,-0.023917,118.03
0.97865,0.13575,-0.035425,118.04
0.97842,0.13575,-0.027753,118.04
0.97039,0.12785,-0.028633,118.05
0.97429,0.1318,-0.024357,118.05
0.98634,0.1318,-0.023272,118.06
0.97832,0.11206,-0.024389,118.06
0.97453,0.11995,-0.032266,118.07
0.97854,0.1239,-0.031825,118.07
0.97877,0.11995,-0.039577,118.08
0.99105,0.11995,-0.046165,118.08
0.98668,0.1318,-0.034781,118.09
0.97821,0.10811,-0.020632,118.09
0.97005,0.11995,-0.017282,118.1
0.98588,0.12785,-0.0080059,118.1
0.98232,0.1318,-0.023634,118.11
0.98233,0.11601,-0.023949,118.11
0.99071,0.1239,-0.034577,118.12
0.98279,0.1239,-0.039137,118.12
0.99072,0.10021,-0.03505,118.12
0.99461,0.11206,-0.030616,118.13
0.98279,0.11995,-0.039215,118.13
0.97889,0.11601,-0.043492,118.14
0.98302,0.11206,-0.047046,118.14
0.98726,0.1239,-0.05412,118.15
0.97521,0.12785,-0.055126,118.15
0.97464,0.1239,-0.036023,118.16
0.97888,0.1318,-0.043177,118.16
0.98669,0.1239,-0.034939,118.17
0.99484,0.11995,-0.038131,118.17
0.99071,0.11601,-0.034735,118.18
0.99863,0.10811,-0.030333,118.18
0.98658,0.11206,-0.031339,118.19
0.9821,0.11995,-0.016198,118.19
0.98302,0.11601,-0.046967,118.2
0.97889,0.11601,-0.043492,118.2
0.97464,0.11995,-0.036102,118.21
0.97051,0.11601,-0.032706,118.21
0.97855,0.11206,-0.032062,118.22
0.97418,0.11601,-0.020836,118.22
0.98692,0.11995,-0.04269,118.23
0.98245,0.11601,-0.027785,118.23
0.96615,0.1239,-0.021401,118.24
0.98268,0.10811,-0.035615,118.24
0.99427,0.11601,-0.019028,118.25
0.98244,0.11995,-0.027706,118.25
0.99059,0.11995,-0.03082,118.26
0.98257,0.10811,-0.031779,118.26
0.98692,0.11995,-0.04269,118.27
0.98657,0.1318,-0.030945,118.27
0.97854,0.1239,-0.031825,118.28
0.98279,0.11206,-0.039373,118.28
0.97877,0.11995,-0.039577,118.29
0.98681,0.11995,-0.038854,118.29
0.98326,0.11206,-0.054718,118.3
0.97096,0.1318,-0.047736,118.3
0.97854,0.12785,-0.031747,118.31
0.98268,0.11206,-0.035537,118.31
0.98257,0.10811,-0.031779,118.32
0.9945,0.11206,-0.02678,118.32
0.99816,0.13575,-0.014437,118.33
0.98657,0.12785,-0.031024,118.33
0.99461,0.11995,-0.030458,118.33
0.9907,0.1318,-0.03442,118.34
0.98302,0.12785,-0.04673,118.34
0.979,0.11995,-0.047249,118.35
0.99645,0.1239,-0.091761,118.35
0.98646,0.1239,-0.027266,118.36
0.99036,0.1239,-0.023068,118.36
0.98703,0.12785,-0.046369,118.37
0.98256,0.11995,-0.031543,118.37
0.98267,0.11995,-0.035379,118.38
0.98703,0.12785,-0.046369,118.38
0.98289,0.1397,-0.042658,118.39
0.97441,0.1318,-0.028193,118.39
0.98232,0.12785,-0.023713,118.4
0.98221,0.1318,-0.019798,118.4
0.98233,0.11206,-0.024028,118.41
0.99118,0.10021,-0.050395,118.41
0.9867,0.10811,-0.035254,118.42
0.98669,0.11995,-0.035018,118.42
0.98244,0.1239,-0.027628,118.43
0.98267,0.12785,-0.035222,118.43
0.98704,0.11601,-0.046605,118.44
0.97889,0.11206,-0.043571,118.44
0.96707,0.11995,-0.05217,118.45
0.97877,0.1239,-0.039498,118.45
0.98658,0.11601,-0.03126,118.46
0.99002,0.11601,-0.011717,118.46
0.97832,0.11601,-0.02431,118.47
0.97809,0.11206,-0.016717,118.47
0.99001,0.12785,-0.011481,118.48
0.99851,0.11601,-0.026339,118.48
0.98256,0.1239,-0.031464,118.49
0.98681,0.11995,-0.038854,118.49
0.98531,0.11601,0.010939,118.5
0.98693,0.10811,-0.042927,118.5
0.98622,0.1318,-0.019436,118.51
0.9907,0.1318,-0.03442,118.51
0.98669,0.11601,-0.035096,118.52
0.98267,0.1239,-0.0353,118.52
0.97074,0.1239,-0.040221,118.53
0.99071,0.1239,-0.034577,118.53
0.99036,0.11601,-0.023226,118.54
0.9906,0.11206,-0.030977,118.54
0.98291,0.11206,-0.043209,118.54
0.98221,0.12785,-0.019876,118.55
0.99471,0.13575,-0.03398,118.55
0.9946,0.1318,-0.030222,118.56
0.99071,0.1239,-0.034577,118.56
0.97499,0.1239,-0.047532,118.57
0.97441,0.11601,-0.028508,118.57
0.97051,0.12785,-0.03247,118.58
0.97476,0.1239,-0.03986,118.58
0.98257,0.10811,-0.031779,118.59
0.99059,0.11995,-0.03082,118.59
0.97889,0.11995,-0.043413,118.6
0.98703,0.1239,-0.046448,118.6
0.99036,0.1239,-0.023068,118.61
0.99047,0.12785,-0.026826,118.61
0.98657,0.1318,-0.030945,118.62
0.97453,0.11601,-0.032344,118.62
0.9907,0.1318,-0.03442,118.63
0.97464,0.11995,-0.036102,118.63
0.97889,0.11995,-0.043413,118.64
0.97889,0.1239,-0.043334,118.64
0.97464,0.11601,-0.036181,118.65
0.98692,0.1239,-0.042611,118.65
0.99438,0.11995,-0.022786,118.66
0.98256,0.11206,-0.0317,118.66
0.97453,0.11995,-0.032266,118.67
0.98658,0.11601,-0.03126,118.67
0.99484,0.1239,-0.038052,118.68
0.98256,0.1239,-0.031464,118.68
0.97051,0.1239,-0.032548,118.69
0.98716,0.10811,-0.050599,118.69
0.98646,0.1239,-0.027266,118.7
0.98612,0.11995,-0.015836,118.7
0.97854,0.1239,-0.031825,118.71
0.97051,0.11995,-0.032627,118.71
0.96615,0.11601,-0.021558,118.72
0.97855,0.10811,-0.032141,118.72
0.98279,0.1239,-0.039137,118.73
0.98279,0.11995,-0.039215,118.73
0.99083,0.11601,-0.038571,118.74
0.99863,0.11206,-0.030254,118.74
0.99427,0.11601,-0.019028,118.75
0.99048,0.11995,-0.026984,118.75
0.97843,0.1239,-0.027989,118.75
0.97865,0.12785,-0.035583,118.76
0.99083,0.11601,-0.038571,118.76
0.98669,0.11995,-0.035018,118.77
0.99885,0.12785,-0.037612,118.77
0.98645,0.1318,-0.027109,118.78
0.97796,0.12785,-0.012565,118.78
0.97831,0.1239,-0.024153,118.79
0.98279,0.11601,-0.039294,118.79
0.97499,0.11995,-0.047611,118.8
0.97074,0.11995,-0.0403,118.8
0.98704,0.11206,-0.046684,118.81
0.98705,0.10416,-0.046842,118.81
0.9828,0.10416,-0.03953,118.82
0.98692,0.11601,-0.042769,118.82
0.98704,0.11206,-0.046684,118.83
0.99484,0.11601,-0.03821,118.83
0.97866,0.11206,-0.035898,118.84
0.98302,0.11995,-0.046888,118.84
0.98325,0.11601,-0.054639,118.85
0.97844,0.10021,-0.028462,118.85
0.9782,0.11206,-0.020553,118.86
0.97842,0.1318,-0.027832,118.86
0.99426,0.1239,-0.018871,118.87
0.98668,0.1318,-0.034781,118.87
0.98301,0.1318,-0.046652,118.88
0.99472,0.1239,-0.034216,118.88
1.0068,0.11995,-0.03321,118.89
1.0025,0.1239,-0.02582,118.89
0.99093,0.12785,-0.042171,118.9
0.9705,0.1318,-0.032391,118.9
0.98645,0.1318,-0.027109,118.91
0.98691,0.13575,-0.042375,118.91
0.98657,0.13575,-0.030866,118.92
0.99082,0.12785,-0.038335,118.92
0.98726,0.1239,-0.05412,118.93
0.98314,0.10811,-0.050961,118.93
0.979,0.1318,-0.047013,118.94
0.9704,0.11601,-0.02887,118.94
0.97441,0.11601,-0.028508,118.95
0.97407,0.11206,-0.017078,118.95
0.97866,0.11601,-0.035819,118.96
0.98279,0.11601,-0.039294,118.96
0.97052,0.11206,-0.032785,118.96
0.97419,0.10416,-0.021072,118.97
0.98647,0.10416,-0.02766,118.97
0.9984,0.10811,-0.022661,118.98
0.9867,0.10811,-0.035254,118.98
0.95457,0.11206,-0.038067,118.99
0.97854,0.11995,-0.031904,118.99
0.97854,0.1318,-0.031668,119
0.97452,0.12785,-0.032108,119
0.97429,0.1239,-0.024514,119.01
0.97441,0.11995,-0.028429,119.01
0.98256,0.12785,-0.031385,119.02
0.99013,0.11995,-0.015475,119.02
0.99025,0.11995,-0.019311,119.03
0.97877,0.12785,-0.039419,119.03
0.99495,0.11995,-0.041967,119.04
0.99472,0.1239,-0.034216,119.04
0.99082,0.1239,-0.038414,119.05
0.99105,0.11995,-0.046165,119.05
0.99094,0.1239,-0.04225,119.06
0.99071,0.1239,-0.034577,119.06
0.99048,0.11995,-0.026984,119.07
0.97866,0.11995,-0.035741,119.07
0.99058,0.13575,-0.030505,119.08
0.9828,0.10811,-0.039452,119.08
0.99519,0.10811,-0.049876,119.09
0.98256,0.1239,-0.031464,119.09
0.98279,0.11995,-0.039215,119.1
0.98256,0.11995,-0.031543,119.1
0.97854,0.1239,-0.031825,119.11
0.97052,0.10811,-0.032863,119.11
0.97854,0.12785,-0.031747,119.12
0.97832,0.11206,-0.024389,119.12
0.99036,0.1318,-0.022911,119.13
0.99048,0.11995,-0.026984,119.13
0.98232,0.1318,-0.023634,119.14
0.98669,0.11995,-0.035018,119.14
0.98658,0.11995,-0.031181,119.15
0.98634,0.1239,-0.02343,119.15
0.99059,0.11995,-0.03082,119.16
0.99071,0.11601,-0.034735,119.16
0.98256,0.1239,-0.031464,119.17
0.98623,0.1239,-0.019594,119.17
0.99427,0.10416,-0.019264,119.17
0.98233,0.1239,-0.023791,119.18
0.99494,0.13575,-0.041652,119.18
0.97889,0.1239,-0.043334,119.19
0.9789,0.10811,-0.043649,119.19
0.97484,0.16734,-0.042829,119.2
0.97866,0.11601,-0.035819,119.2
0.97075,0.10021,-0.040694,119.21
0.97797,0.1239,-0.012644,119.21
0.96673,0.11206,-0.040819,119.22
0.97821,0.10811,-0.020632,119.22
0.97396,0.11206,-0.013242,119.23
0.98244,0.11995,-0.027706,119.23
0.98232,0.12785,-0.023713,119.24
0.98645,0.1318,-0.027109,119.24
0.98245,0.11206,-0.027864,119.25
0.97865,0.1318,-0.035504,119.25
0.99439,0.10811,-0.023022,119.26
0.98244,0.1239,-0.027628,119.26
0.99852,0.10416,-0.026576,119.27
0.99048,0.11206,-0.027141,119.27
0.99898,0.10811,-0.041842,119.28
0.99874,0.11206,-0.034091,119.28
0.99094,0.10811,-0.042565,119.29
0.99059,0.12785,-0.030662,119.29
1.0026,0.11995,-0.029735,119.3
1.0025,0.11206,-0.026057,119.3
0.99852,0.10021,-0.026654,119.31
0.99405,0.10021,-0.011671,119.31
0.98601,0.10021,-0.012394,119.32
0.98234,0.10021,-0.024264,119.32
0.98245,0.10416,-0.028022,119.33
0.99049,0.10416,-0.027299,119.33
0.99059,0.11601,-0.030899,119.34
0.98647,0.10811,-0.027581,119.34
0.98199,0.11206,-0.012519,119.35
0.98199,0.10416,-0.012676,119.35
0.97441,0.11995,-0.028429,119.36
0.97855,0.11601,-0.031983,119.36
0.98256,0.1239,-0.031464,119.37
0.98245,0.11601,-0.027785,119.37
0.98256,0.11206,-0.0317,119.38
0.98187,0.11601,-0.0086036,119.38
0.97809,0.11206,-0.016717,119.38
0.98211,0.10021,-0.016591,119.39
0.98613,0.10416,-0.016151,119.39
0.97407,0.10811,-0.017157,119.4
0.97797,0.11601,-0.012801,119.4
0.98245,0.11206,-0.027864,119.41
0.98211,0.10811,-0.016434,119.41
0.97843,0.11206,-0.028225,119.42
0.9704,0.11206,-0.028948,119.42
0.98255,0.1318,-0.031306,119.43
0.97441,0.11601,-0.028508,119.43
0.97441,0.12785,-0.028272,119.44
0.96638,0.1239,-0.029074,119.44
0.97865,0.1397,-0.035347,119.45
0.97854,0.12785,-0.031747,119.45
0.99036,0.1239,-0.023068,119.46
0.97419,0.11206,-0.020914,119.46
0.97855,0.11601,-0.031983,119.47
0.9907,0.1318,-0.03442,119.47
0.98278,0.1397,-0.038822,119.48
0.97877,0.12785,-0.039419,119.48
0.99437,0.1318,-0.022549,119.49
0.9829,0.12785,-0.042894,119.49
0.98681,0.11601,-0.038933,119.5
0.98291,0.11601,-0.04313,119.5
0.9867,0.11206,-0.035175,119.51
0.98234,0.10811,-0.024106,119.51
0.98245,0.11601,-0.027785,119.52
0.98646,0.1239,-0.027266,119.52
0.99048,0.11601,-0.027062,119.53
1.0025,0.1239,-0.02582,119.53
0.99083,0.11206,-0.03865,119.54
0.98257,0.10811,-0.031779,119.54
0.99047,0.12785,-0.026826,119.55
0.99449,0.1239,-0.026543,119.55
0.99026,0.10416,-0.019626,119.56
0.97855,0.10811,-0.032141,119.56
0.98269,0.09626,-0.035852,119.57
0.99095,0.10416,-0.042644,119.57
0.98222,0.10811,-0.02027,119.58
0.97855,0.11601,-0.031983,119.58
0.98267,0.11995,-0.035379,119.58
0.97819,0.12785,-0.020238,119.59
0.97407,0.11995,-0.01692,119.59
0.98588,0.1239,-0.0080846,119.6
0.97039,0.1239,-0.028712,119.6
0.98646,0.11995,-0.027345,119.61
0.98302,0.11601,-0.046967,119.61
0.99518,0.11995,-0.04964,119.62
0.9868,0.1239,-0.038775,119.62
0.98658,0.11601,-0.03126,119.63
0.99495,0.11995,-0.041967,119.63
0.99472,0.1239,-0.034216,119.64
0.98269,0.10021,-0.035773,119.64
0.98704,0.11601,-0.046605,119.65
0.975,0.10416,-0.047926,119.65
0.98705,0.10416,-0.046842,119.66
0.99071,0.11206,-0.034814,119.66
0.9906,0.10811,-0.031056,119.67
0.99129,0.10021,-0.054232,119.67
0.9828,0.10416,-0.03953,119.68
0.98257,0.10811,-0.031779,119.68
0.98705,0.10021,-0.04692,119.69
0.98662,0.044921,-0.032678,119.69
0.98693,0.10416,-0.043005,119.7
0.98669,0.11601,-0.035096,119.7
0.98256,0.11995,-0.031543,119.71
0.99117,0.11206,-0.050159,119.71
0.99862,0.1239,-0.030018,119.72
0.98635,0.11995,-0.023509,119.72
0.97441,0.12785,-0.028272,119.73
0.98669,0.12785,-0.03486,119.73
0.98635,0.11601,-0.023587,119.74
0.97901,0.11601,-0.047328,119.74
0.9867,0.10416,-0.035333,119.75
0.98268,0.11601,-0.035458,119.75
0.9789,0.10416,-0.043728,119.76
0.97901,0.11601,-0.047328,119.76
0.98681,0.10811,-0.03909,119.77
0.98279,0.11995,-0.039215,119.77
0.99093,0.12785,-0.042171,119.78
0.98692,0.12785,-0.042533,119.78
0.98657,0.1239,-0.031103,119.79
0.98257,0.10811,-0.031779,119.79
0.98704,0.11995,-0.046527,119.79
0.98325,0.11601,-0.054639,119.8
0.98726,0.1239,-0.05412,119.8
0.97867,0.10811,-0.035977,119.81
0.97442,0.10021,-0.028823,119.81
0.97442,0.10811,-0.028666,119.82
0.97856,0.09626,-0.032377,119.82
0.97889,0.11206,-0.043571,119.83
0.9828,0.10811,-0.039452,119.83
0.97453,0.11601,-0.032344,119.84
0.9906,0.11206,-0.030977,119.84
0.99083,0.10416,-0.038808,119.85
0.98727,0.11206,-0.054357,119.85
0.97866,0.11995,-0.035741,119.86
0.97464,0.12785,-0.035944,119.86
0.97453,0.10811,-0.032502,119.87
0.98623,0.1239,-0.019594,119.87
0.99897,0.11995,-0.041606,119.88
0.99461,0.11995,-0.030458,119.88
0.99059,0.11601,-0.030899,119.89
0.98715,0.11995,-0.050363,119.89
0.97867,0.10811,-0.035977,119.9
0.98244,0.1239,-0.027628,119.9
0.99071,0.11601,-0.034735,119.91
0.98209,0.12785,-0.01604,119.91
0.98233,0.11995,-0.02387,119.92
0.97477,0.10416,-0.040253,119.92
0.97854,0.11995,-0.031904,119.93
0.98646,0.11601,-0.027424,119.93
0.97453,0.10811,-0.032502,119.94
0.97821,0.10811,-0.020632,119.94
0.98624,0.10811,-0.019909,119.95
0.98693,0.10811,-0.042927,119.95
0.97453,0.11601,-0.032344,119.96
0.97464,0.11601,-0.036181,119.96
0.99059,0.1239,-0.030741,119.97
0.9782,0.1239,-0.020317,119.97
0.96649,0.12785,-0.032831,119.98
0.97854,0.1318,-0.031668,119.98
0.98623,0.1239,-0.019594,119.99
0.99839,0.1239,-0.022345,119.99
0.98623,0.11995,-0.019672,120
0.99036,0.11601,-0.023226,120
0.98669,0.11995,-0.035018,120
0.97877,0.11995,-0.039577,120.01
0.98256,0.11206,-0.0317,120.01
0.99059,0.1239,-0.030741,120.02
0.99059,0.1239,-0.030741,120.02
0.97843,0.11601,-0.028147,120.03
0.97854,0.11995,-0.031904,120.03
0.99484,0.1239,-0.038052,120.04
0.9907,0.13575,-0.034341,120.04
0.9868,0.1239,-0.038775,120.05
0.99519,0.10811,-0.049876,120.05
0.98681,0.11206,-0.039011,120.06
0.98681,0.11206,-0.039011,120.06
0.98646,0.11995,-0.027345,120.07
0.97842,0.12785,-0.02791,120.07
0.98669,0.11601,-0.035096,120.08
0.96258,0.13575,-0.036871,120.08
0.97121,0.10811,-0.055881,120.09
0.97476,0.1239,-0.03986,120.09
0.98256,0.11206,-0.0317,120.1
0.97465,0.11206,-0.03626,120.1
0.9828,0.10416,-0.03953,120.11
0.9906,0.10021,-0.031214,120.11
0.97063,0.11601,-0.036542,120.12
0.99496,0.11601,-0.042046,120.12
0.98256,0.11601,-0.031622,120.13
0.99485,0.10811,-0.038367,120.13
0.97877,0.11995,-0.039577,120.14
0.97901,0.10416,-0.047565,120.14
0.98234,0.10811,-0.024106,120.15
0.98613,0.10416,-0.016151,120.15
0.98704,0.11601,-0.046605,120.16
0.97877,0.12785,-0.039419,120.16
0.97465,0.11206,-0.03626,120.17
0.99461,0.1239,-0.03038,120.17
0.98255,0.1318,-0.031306,120.18
0.99059,0.1239,-0.030741,120.18
0.98634,0.1318,-0.023272,120.19
0.98692,0.11995,-0.04269,120.19
0.97901,0.10811,-0.047486,120.2
1.0025,0.11206,-0.026057,120.2
0.99829,0.10811,-0.018824,120.21
0.98693,0.10811,-0.042927,120.21
0.9867,0.11206,-0.035175,120.21
0.99083,0.11206,-0.03865,120.22
0.9743,0.11601,-0.024672,120.22
0.97855,0.11206,-0.032062,120.23
0.97441,0.1239,-0.028351,120.23
0.9907,0.12785,-0.034499,120.24
0.98612,0.11601,-0.015915,120.24
0.98635,0.10811,-0.023745,120.25
0.98693,0.10416,-0.043005,120.25
0.98704,0.11995,-0.046527,120.26
0.98279,0.1239,-0.039137,120.26
0.99059,0.11995,-0.03082,120.27
0.99071,0.11601,-0.034735,120.27
0.97086,0.10811,-0.044372,120.28
0.98233,0.11206,-0.024028,120.28
0.99863,0.11206,-0.030254,120.29
0.99886,0.11206,-0.037927,120.29
0.98279,0.12785,-0.039058,120.3
0.97464,0.1239,-0.036023,120.3
0.97442,0.10811,-0.028666,120.31
0.98659,0.09626,-0.031654,120.31
0.98246,0.10021,-0.0281,120.32
0.97878,0.11601,-0.039656,120.32
0.97499,0.1239,-0.047532,120.33
0.98257,0.10416,-0.031858,120.33
0.98267,0.11995,-0.035379,120.34
0.98692,0.12785,-0.042533,120.34
0.99094,0.11995,-0.042329,120.35
0.98302,0.11601,-0.046967,120.35
0.98681,0.11995,-0.038854,120.36
0.98658,0.11995,-0.031181,120.36
0.98693,0.10811,-0.042927,120.37
0.99059,0.1239,-0.030741,120.37
0.98714,0.1318,-0.050127,120.38
0.98738,0.1239,-0.057957,120.38
0.98279,0.11995,-0.039215,120.39
0.98704,0.11206,-0.046684,120.39
0.98268,0.11601,-0.035458,120.4
0.97487,0.1239,-0.043696,120.4
0.9789,0.10811,-0.043649,120.41
0.98314,0.10811,-0.050961,120.41
0.98704,0.10811,-0.046763,120.42
0.9712,0.11995,-0.055645,120.42
