0.40316,0.84659,0.48861,110.86
0.45985,0.84659,0.47833,110.86
0.50907,0.85449,0.44829,110.87
0.55452,0.85054,0.40999,110.87
0.50966,0.8308,0.42864,110.88
0.45653,0.8229,0.45447,110.88
0.43196,0.85054,0.4682,110.89
0.40854,0.87029,0.44341,110.89
0.41002,0.89398,0.39401,110.9
0.40578,0.89003,0.40124,110.9
0.42871,0.92163,0.4424,110.91
0.45657,0.95717,0.45332,110.91
0.47024,0.94137,0.40038,110.92
0.4799,0.90583,0.34668,110.92
0.48003,0.87819,0.3423,110.93
0.45604,0.89398,0.33661,110.93
0.41531,0.88609,0.35201,110.94
0.37906,0.87029,0.35228,110.94
0.35817,0.87029,0.37733,110.95
0.35324,0.85844,0.40742,110.95
0.32041,0.86634,0.42771,110.96
0.24883,0.84264,0.39771,110.96
0.18939,0.8387,0.36535,110.97
0.14164,0.85449,0.34599,110.97
0.1258,0.86634,0.3371,110.98
0.074272,0.88214,0.3097,110.98
0.02998,0.87819,0.30948,110.99
0.025853,0.87029,0.3128,110.99
0.010265,0.84264,0.29546,111
-0.030243,0.84264,0.30335,111
-0.042863,0.83475,0.32129,111.01
-0.055734,0.86239,0.34761,111.01
-0.064685,0.85844,0.3775,111.02
-0.061126,0.85449,0.39313,111.02
-0.056765,0.85449,0.38198,111.03
-0.028531,0.84659,0.38052,111.03
-0.016137,0.84659,0.37009,111.04
0.056398,0.82685,0.36853,111.04
0.084059,0.815,0.38617,111.04
0.068696,0.79526,0.36132,111.05
0.064215,0.80315,0.37646,111.05
0.076494,0.80315,0.36987,111.06
0.092444,0.80315,0.37515,111.06
0.095772,0.7992,0.39845,111.07
0.08338,0.79526,0.4088,111.07
0.075813,0.78736,0.39257,111.08
0.075921,0.7992,0.38897,111.08
0.063299,0.79526,0.40699,111.09
0.034722,0.7992,0.41988,111.09
0.062613,0.78736,0.42985,111.1
0.058122,0.81105,0.44531,111.1
0.061897,0.8308,0.45374,111.11
0.077842,0.8387,0.45917,111.11
0.094473,0.85449,0.44175,111.12
0.1227,0.85449,0.44045,111.12
0.12282,0.85844,0.43669,111.13
0.12316,0.86239,0.42526,111.13
0.11971,0.87029,0.40587,111.14
0.12797,0.87424,0.399,111.14
0.13635,0.87819,0.3883,111.15
0.18075,0.89793,0.38499,111.15
0.20484,0.90583,0.38732,111.16
0.20163,0.89793,0.35995,111.16
0.16996,0.90583,0.34187,111.17
0.15422,0.92953,0.32939,111.17
0.14597,0.91768,0.3361,111.18
0.11245,0.93347,0.37956,111.18
0.091676,0.93347,0.40077,111.19
0.035455,0.92163,0.39547,111.19
0.027413,0.93742,0.39506,111.2
0.0069788,0.94927,0.405,111.2
-0.016785,0.96902,0.39172,111.21
-0.016778,0.95717,0.39148,111.21
-0.024804,0.94532,0.39052,111.22
-0.037071,0.92558,0.39672,111.22
-0.0086047,0.91373,0.3875,111.23
0.039495,0.88214,0.39505,111.23
0.071876,0.84659,0.38956,111.24
0.063517,0.815,0.39971,111.24
0.051123,0.815,0.41014,111.25
0.050869,0.85449,0.4186,111.25
0.021936,0.87819,0.44339,111.25
-0.0060728,0.89398,0.43734,111.26
-0.014683,0.89793,0.45588,111.26
-0.025919,0.88609,0.4277,111.27
0.02641,0.88214,0.42849,111.27
0.074603,0.88609,0.4329,111.28
0.086657,0.87819,0.43383,111.28
0.062806,0.85054,0.42344,111.29
0.042849,0.83475,0.41748,111.29
0.0022136,0.85449,0.4296,111.3
-0.00077159,0.86239,0.39487,111.3
0.019761,0.87819,0.38165,111.31
0.06417,0.87819,0.37795,111.31
0.054982,0.88609,0.41575,111.32
0.031471,0.86634,0.39401,111.32
0.023775,0.88214,0.38209,111.33
0.019847,0.92558,0.37876,111.33
0.023624,0.94137,0.38711,111.34
0.023727,0.96112,0.38367,111.34
0.014762,0.98086,0.41403,111.35
0.016127,0.98876,0.50278,111.35
0.013027,0.99666,0.47189,111.36
0.0021451,0.96902,0.43189,111.36
0.018246,0.92953,0.29791,111.37
0.013637,0.95717,0.31729,111.37
0.0075283,0.99271,0.38669,111.38
-0.048827,1.0125,0.38586,111.38
-0.069932,0.99271,0.41818,111.39
-0.11306,0.96507,0.37913,111.39
-0.11099,0.97691,0.31031,111.4
-0.1047,1.0125,0.23465,111.4
-0.074794,1.0993,0.17754,111.41
-0.026454,1.2415,0.17704,111.41
-0.0075797,1.3363,0.2191,111.42
-0.00029441,1.4311,0.24473,111.42
0.0036628,1.5298,0.24706,111.43
0.015939,1.7272,0.24057,111.43
0.03493,1.8378,0.14448,111.44
0.045408,1.7904,0.063697,111.44
0.061319,1.6641,0.070295,111.45
0.015179,1.4785,0.13167,111.45
-0.058845,1.2928,0.18284,111.46
-0.10788,1.1586,0.20652,111.46
-0.14053,1.0717,0.22107,111.46
-0.14211,1.0204,0.27376,111.47
-0.14324,0.97297,0.31118,111.47
-0.18407,0.93347,0.32979,111.48
-0.21098,0.85449,0.28732,111.48
-0.22311,0.79131,0.28881,111.49
-0.23125,0.77156,0.29153,111.49
-0.22663,0.73207,0.27193,111.5
-0.21423,0.71627,0.26119,111.5
-0.14079,0.73207,0.22965,111.51
-0.082854,0.75971,0.17771,111.51
-0.065657,0.79131,0.14143,111.52
-0.068435,0.8387,0.099809,111.52
-0.050804,0.91373,0.049044,111.53
-0.029724,0.97691,0.017584,111.53
-0.036639,1.0322,-0.020399,111.54
-0.012342,1.0835,-0.024879,111.54
0.0080802,1.0914,-0.034423,111.55
0.052269,1.0756,-0.030762,111.55
0.080615,1.0717,-0.035983,111.56
0.10839,1.0559,-0.022259,111.56
0.15705,1.0519,-0.033345,111.57
0.201,1.0559,-0.021618,111.57
0.22476,1.048,-0.0080975,111.58
0.23635,1.0441,0.0082534,111.58
0.23554,1.0401,0.035029,111.59
0.23084,1.0283,0.057449,111.59
0.19435,1.0362,0.065862,111.6
0.15751,1.0283,0.085469,111.6
0.141,1.0085,0.098975,111.61
0.14194,0.98086,0.067733,111.61
0.10131,0.99666,0.079779,111.62
0.081562,1.0085,0.066699,111.62
0.061478,1.0125,0.06497,111.63
0.049664,1.0046,0.056056,111.63
0.017644,1.0125,0.049485,111.64
0.029696,1.0085,0.050491,111.64
0.0060582,1.0085,0.032977,111.65
0.0066549,0.97297,0.013086,111.65
-0.0086046,0.97297,-0.015214,111.66
-0.028554,0.94532,-0.021409,111.66
-0.07652,0.94532,-0.033419,111.67
-0.080404,0.91768,-0.038168,111.67
-0.092676,0.90583,-0.031816,111.67
-0.076468,0.85844,-0.035152,111.68
-0.081033,0.815,-0.017198,111.68
-0.093183,0.79131,-0.014919,111.69
-0.1097,0.77156,-0.0014136,111.69
-0.11417,0.77156,0.01357,111.7
-0.13035,0.77156,0.015961,111.7
-0.13497,0.81105,0.035568,111.71
-0.13509,0.8229,0.039641,111.71
-0.13544,0.8229,0.05115,111.72
-0.13522,0.84264,0.043871,111.72
-0.15131,0.88214,0.043213,111.73
-0.14756,0.94137,0.052429,111.73
-0.11889,0.97297,0.036408,111.74
-0.078512,1.0046,0.03298,111.74
-0.042621,1.048,0.044772,111.75
-0.038967,1.0756,0.057194,111.75
-0.038976,1.0914,0.057509,111.76
-0.047338,1.0638,0.067744,111.76
-0.055361,1.048,0.066706,111.77
-0.051567,1.0362,0.074503,111.77
-0.031357,1.0125,0.072002,111.78
-0.019883,1.0125,0.092268,111.78
-0.020233,1.0204,0.10393,111.79
-0.01931,1.0164,0.073165,111.79
-0.014942,1.0046,0.061781,111.8
-0.034788,0.99666,0.052144,111.8
-0.030774,1.0006,0.052584,111.81
-0.038462,1.0006,0.040352,111.81
-0.042818,0.99271,0.051342,111.82
-0.059118,1.0006,0.057726,111.82
-0.051431,1.0006,0.069958,111.83
-0.027106,1.0046,0.064533,111.83
-0.038819,1.0204,0.052255,111.84
-0.038478,1.0283,0.040903,111.84
-0.038476,1.0243,0.040825,111.85
-0.014615,1.0362,0.050902,111.85
-0.014397,1.0559,0.043624,111.86
-0.023252,1.0835,0.070306,111.86
-0.015353,1.1151,0.075496,111.87
-0.015262,1.1546,0.072447,111.87
-0.02743,1.1625,0.075356,111.88
-0.02674,1.1625,0.052339,111.88
-0.018695,1.1428,0.052668,111.88
-0.022357,1.127,0.040482,111.89
-0.0104,1.0875,0.044615,111.89
0.0052266,1.0519,0.060697,111.9
0.029569,1.0283,0.054721,111.9
0.029456,1.0243,0.058478,111.91
0.02109,1.0046,0.068871,111.91
0.02924,1.0006,0.065678,111.92
0.037287,0.97691,0.065929,111.92
0.065297,0.95717,0.071901,111.93
0.077368,0.92163,0.072277,111.93
0.077255,0.91768,0.076034,111.94
0.036263,0.95717,0.10006,111.94
0.032239,0.96902,0.099937,111.95
0.024564,0.94927,0.087311,111.95
0.032932,0.96507,0.07684,111.96
0.036603,0.96507,0.08871,111.96
0.029266,0.95717,0.064812,111.97
0.029381,0.95717,0.060976,111.97
-0.0073363,0.94927,0.076746,111.98
-0.072405,0.95322,0.097896,111.98
-0.10927,0.99271,0.11845,111.99
-0.077044,1.0322,0.11829,111.99
-0.063962,1.0362,0.084928,112
-0.059584,1.0085,0.073229,112
-0.047638,0.98876,0.077756,112.01
-0.051767,0.98481,0.081152,112.01
-0.076107,1.0046,0.08705,112.02
-0.076236,1.0283,0.091359,112.02
-0.075884,1.0164,0.079613,112.03
-0.051903,1.0204,0.085697,112.03
-0.044669,1.0085,0.11304,112.04
-0.037665,0.99666,0.14805,112.04
-0.049144,1.0046,0.12794,112.05
-0.04869,1.0164,0.11283,112.05
-0.052946,1.0322,0.12046,112.06
-0.044674,1.0164,0.1132,112.06
-0.04008,1.0125,0.094297,112.07
-0.04752,0.98481,0.073841,112.07
-0.043617,0.98086,0.07796,112.08
-0.05199,0.97297,0.088588,112.08
-0.036373,0.95322,0.10499,112.08
-0.044289,0.94927,0.10035,112.09
-0.035911,0.94927,0.089561,112.09
-0.047837,0.93742,0.084404,112.1
-0.055304,0.95322,0.064815,112.1
-0.046924,0.94927,0.05395,112.11
-0.047612,0.94532,0.076889,112.11
0.032829,0.94532,0.080282,112.12
0.013095,0.94137,0.066887,112.12
0.0052809,0.96112,0.058886,112.13
-0.067846,1.0085,0.080179,112.13
-0.064072,1.0283,0.088607,112.14
-0.035505,1.0401,0.076028,112.14
-0.03896,1.0638,0.056958,112.15
-0.046191,1.0717,0.029538,112.15
-0.025765,1.0717,0.019836,112.16
-0.029541,1.0559,0.011487,112.16
-0.061885,1.0283,0.015717,112.17
0.0016588,1.0717,0.045384,112.17
0.048934,1.0717,0.080413,112.18
0.041136,1.0638,0.071859,112.18
0.03746,1.0717,0.060147,112.19
0.033326,1.0756,0.0637,112.19
0.037796,1.0875,0.048953,112.2
0.057743,1.1191,0.055227,112.2
0.07013,1.1309,0.045038,112.21
0.094123,1.1151,0.050728,112.21
0.12235,1.1191,0.049501,112.22
0.16276,1.0914,0.044892,112.22
0.22336,1.0796,0.038568,112.23
0.243,1.0401,0.054933,112.23
0.19434,1.0441,0.06602,112.24
0.17345,1.048,0.091145,112.24
0.16553,1.0638,0.086901,112.25
0.21395,1.0677,0.083645,112.25
0.24642,1.0796,0.075264,112.26
0.25446,1.0638,0.075672,112.26
0.23818,1.0322,0.081269,112.27
0.23016,1.0164,0.08023,112.27
0.18954,1.0085,0.091804,112.28
0.21766,1.0046,0.094255,112.28
0.20092,0.96902,0.11512,112.29
0.16856,0.96902,0.1199,112.29
0.17179,0.94927,0.14672,112.29
0.14334,0.92953,0.15531,112.3
0.15093,0.89793,0.17074,112.3
0.15873,0.90583,0.1793,112.31
0.16711,0.89398,0.16827,112.31
0.15977,0.89398,0.14453,112.32
0.18022,0.85449,0.13404,112.32
0.18838,0.83475,0.13054,112.33
0.18012,0.82685,0.13733,112.33
0.16372,0.81895,0.14723,112.34
0.183,0.81105,0.17574,112.34
0.1418,0.81105,0.20665,112.35
0.14466,0.81895,0.24553,112.35
0.1474,0.83475,0.28841,112.36
0.12319,0.8229,0.28984,112.36
0.09817,0.8308,0.31852,112.37
0.053392,0.87029,0.33451,112.37
0.025259,0.90188,0.33261,112.38
0.018027,0.90978,0.30519,112.38
0.0017037,0.95717,0.31237,112.39
-0.010254,0.99666,0.30823,112.39
-0.078787,1.0401,0.31063,112.4
-0.038298,1.0717,0.30336,112.4
-0.062541,1.123,0.30605,112.41
-0.11007,1.1665,0.27956,112.41
-0.17057,1.2099,0.28268,112.42
-0.21019,1.2573,0.26083,112.42
-0.20181,1.2613,0.25012,112.43
-0.21018,1.2455,0.26059,112.43
-0.2175,1.2099,0.23614,112.44
-0.18603,1.1625,0.26111,112.44
-0.17797,1.1112,0.26081,112.45
-0.19,1.0796,0.25909,112.45
-0.18253,1.0559,0.27853,112.46
-0.19113,1.0401,0.29667,112.46
-0.17068,1.0085,0.28634,112.47
-0.16299,1.0006,0.29841,112.47
-0.13475,0.97691,0.29663,112.48
-0.13531,0.94927,0.31526,112.48
-0.1073,0.93347,0.32131,112.49
-0.10326,0.89793,0.32097,112.49
-0.094412,0.88214,0.29452,112.5
-0.082236,0.86239,0.29137,112.5
-0.086591,0.85054,0.30229,112.5
-0.086593,0.85449,0.30236,112.51
-0.10288,0.8387,0.30828,112.51
-0.090363,0.82685,0.29378,112.52
-0.098623,0.8229,0.30065,112.52
-0.094605,0.81895,0.30093,112.53
-0.082892,0.80315,0.31321,112.53
-0.074286,0.8071,0.29483,112.54
-0.058676,0.7992,0.31146,112.54
-0.04651,0.79526,0.30863,112.55
-0.046841,0.77156,0.31967,112.55
-0.054867,0.75971,0.31871,112.56
-0.051207,0.77946,0.33098,112.56
-0.043407,0.78341,0.33945,112.57
-0.043525,0.78736,0.34336,112.57
-0.05156,0.79131,0.34272,112.58
-0.059832,0.8071,0.34999,112.58
-0.060081,0.8387,0.35829,112.59
-0.096585,0.85844,0.36694,112.59
-0.064353,0.88214,0.36647,112.6
-0.039323,0.86239,0.33755,112.6
-0.026584,0.86239,0.31562,112.61
-0.0059222,0.85449,0.29809,112.61
0.010941,0.86634,0.27291,112.62
0.015756,0.87819,0.24666,112.62
0.04776,0.89793,0.25378,112.63
0.060017,0.93347,0.2479,112.63
0.05955,0.94532,0.26348,112.64
0.079159,0.96507,0.28103,112.64
0.086926,1.0243,0.2906,112.65
0.070835,1.0677,0.29002,112.65
0.059575,1.0954,0.26264,112.66
0.037523,1.1388,0.19228,112.66
0.02659,1.1981,0.15402,112.67
0.03435,1.2692,0.16383,112.67
0.039465,1.356,0.12756,112.68
0.016532,1.3323,0.086556,112.68
0.017201,1.3679,0.064247,112.69
0.0045606,1.3955,0.082896,112.69
0.00826,1.3481,0.093821,112.7
0.019424,1.2889,0.12441,112.7
0.019379,1.1704,0.12589,112.71
0.0072745,1.0717,0.12667,112.71
-0.0097886,1.0085,0.15849,112.71
-0.038351,0.98876,0.17091,112.72
-0.035481,0.98086,0.20948,112.72
-0.028369,0.98086,0.24089,112.73
-0.00081882,0.96112,0.26221,112.73
-0.025027,0.95322,0.26372,112.74
-0.020771,0.93742,0.25609,112.74
1.0432e-05,0.92163,0.23457,112.75
0.016886,0.91373,0.209,112.75
0.012994,0.89793,0.20449,112.76
0.0090977,0.89003,0.20013,112.76
0.025518,0.87424,0.18976,112.77
0.020921,0.88214,0.20873,112.77
0.040317,0.87424,0.2334,112.78
0.056257,0.89003,0.239,112.78
0.048453,0.89398,0.23068,112.79
0.045228,0.91768,0.20394,112.79
0.04282,0.92163,0.14995,112.8
0.062907,0.91373,0.1516,112.8
0.079188,0.93742,0.14584,112.81
0.091107,0.96112,0.15124,112.81
0.090753,0.97691,0.16306,112.82
0.11838,1.0125,0.18165,112.82
0.12722,1.0204,0.15567,112.83
0.10415,1.0243,0.11905,112.83
0.11357,1.0243,0.073742,112.84
0.1215,1.0046,0.077907,112.84
0.13779,1.0125,0.071838,112.85
0.14948,1.0283,0.084746,112.85
0.16509,1.0283,0.10154,112.86
0.15717,1.0204,0.096821,112.86
0.1527,1.0164,0.11173,112.87
0.14467,1.0164,0.111,112.87
0.12907,1.0046,0.093975,112.88
0.1161,0.99666,0.12342,112.88
0.10842,0.98876,0.11103,112.89
0.12863,0.96507,0.10853,112.89
0.13656,0.94927,0.11278,112.9
0.13966,0.94927,0.14383,112.9
0.13175,0.92558,0.1388,112.91
0.12074,0.92953,0.10326,112.91
0.10468,0.91768,0.10158,112.92
0.10868,0.93742,0.10234,112.92
0.12094,0.97297,0.096459,112.92
0.12541,0.98086,0.081632,112.93
0.13275,0.98481,0.10545,112.93
0.13997,1.0046,0.13342,112.94
0.14433,1.0085,0.12235,112.94
0.12505,1.0046,0.093614,112.95
0.13516,1.0046,0.025283,112.95
0.10969,0.99271,0.068914,112.96
0.097756,0.98481,0.063836,112.96
0.092819,0.98481,0.094165,112.97
0.080886,0.98481,0.089244,112.97
0.085132,0.98481,0.081933,112.98
0.07709,1.0006,0.081525,112.98
0.060217,1.0046,0.10701,112.99
0.052539,0.98876,0.094465,112.99
0.053457,0.99271,0.063853,113
0.069041,1.0283,0.081353,113
0.04116,1.0243,0.071072,113.01
0.049194,1.0204,0.071716,113.01
0.054,1.048,0.045775,113.02
0.066591,1.1033,0.02878,113.02
0.078551,1.0598,0.032834,113.03
0.066027,1.0835,0.047568,113.03
0.081736,1.1033,0.060917,113.04
0.1062,1.0717,0.050946,113.04
0.078558,1.048,0.032598,113.05
0.078344,1.0204,0.039719,113.05
0.070213,0.99271,0.042281,113.06
0.090306,0.97297,0.043695,113.06
0.089848,0.96902,0.058961,113.07
0.093754,0.96112,0.063002,113.07
0.085374,0.96507,0.073866,113.08
0.081128,0.96507,0.081177,113.08
0.065401,0.97691,0.068459,113.09
0.073321,0.97297,0.072939,113.09
0.081121,0.97691,0.081414,113.1
0.077323,0.99666,0.073774,113.1
0.069283,1.0085,0.073287,113.11
0.069976,1.0046,0.05019,113.11
0.066777,0.98481,0.022581,113.12
0.070554,1.0006,0.03093,113.12
0.081799,0.99666,0.05879,113.12
0.08994,1.0085,0.055913,113.13
0.097848,1.0243,0.060787,113.13
0.073748,1.0283,0.058697,113.14
0.085571,1.0204,0.067296,113.14
0.073757,1.0125,0.058382,113.15
0.058385,1.0085,0.033839,113.15
0.045883,0.99666,0.047864,113.16
0.057819,0.99271,0.052706,113.16
0.049225,0.96902,0.070692,113.17
0.049112,0.96507,0.074449,113.17
0.060814,0.96902,0.087122,113.18
0.053004,0.98086,0.078962,113.18
0.076747,0.99666,0.092955,113.19
0.072956,1.0046,0.085079,113.19
0.05264,1.0125,0.091101,113.2
0.061023,1.0046,0.080158,113.2
0.052539,0.98876,0.094465,113.21
0.064813,0.99666,0.088034,113.21
0.06091,1.0006,0.083915,113.22
0.068952,0.98481,0.084323,113.22
0.080888,0.98086,0.089165,113.23
0.06494,0.97691,0.083804,113.23
0.081116,0.98481,0.081571,113.24
0.092827,0.97297,0.093928,113.24
0.08043,0.97691,0.10443,113.25
0.076862,0.99666,0.089119,113.25
0.085245,0.98876,0.078175,113.26
0.080778,0.97297,0.092844,113.26
0.096833,0.98876,0.094605,113.27
0.10876,0.99666,0.099683,113.27
0.10107,1.0006,0.08753,113.28
0.085118,1.0085,0.082405,113.28
0.076752,0.98876,0.092798,113.29
0.073076,0.99666,0.081085,113.29
0.072959,1.0006,0.085,113.3
0.086966,0.99666,0.020788,113.3
0.081114,0.98876,0.08165,113.31
0.072729,1.0006,0.092672,113.31
0.076404,0.99271,0.10439,113.32
0.068611,0.97691,0.095675,113.32
0.072743,0.97691,0.0922,113.33
0.080421,0.99271,0.10475,113.33
0.0686,0.99666,0.096069,113.33
0.072275,0.98876,0.10778,113.34
0.075942,0.99666,0.11981,113.34
0.076054,1.0006,0.11605,113.35
0.071688,1.0085,0.12736,113.35
0.079368,1.0204,0.13982,113.36
0.079248,1.0283,0.14382,113.36
0.087521,1.0125,0.13655,113.37
0.092117,1.0046,0.11758,113.37
0.091894,0.99271,0.12501,113.38
0.087878,0.99271,0.12465,113.38
0.096361,1.0085,0.11034,113.39
0.092119,1.0006,0.1175,113.39
0.10773,0.99666,0.13421,113.4
0.10371,0.99271,0.13377,113.4
0.10796,0.98876,0.12638,113.41
0.091887,1.0046,0.12525,113.41
0.10795,1.0046,0.12669,113.42
0.11185,1.0046,0.13089,113.42
0.11197,0.99666,0.1269,113.43
0.1238,0.98481,0.13542,113.43
0.12379,0.99666,0.13566,113.44
0.11151,0.99666,0.14224,113.44
0.12782,0.97691,0.13562,113.45
0.10808,0.98481,0.12246,113.45
0.13137,0.98876,0.15157,113.46
0.13939,1.0046,0.1526,113.46
0.13561,1.0046,0.14457,113.47
0.15108,1.0362,0.16583,113.47
0.15531,1.0559,0.15891,113.48
0.15921,1.0677,0.16334,113.48
0.15943,1.0756,0.15583,113.49
0.14806,1.1033,0.13228,113.49
0.15162,1.0914,0.14775,113.5
0.13202,1.048,0.12973,113.5
0.11939,1.0559,0.14798,113.51
0.11562,1.0362,0.13956,113.51
0.095199,1.0283,0.1491,113.52
0.09429,1.0085,0.1794,113.52
0.11909,0.98481,0.15808,113.53
0.12277,0.96507,0.16955,113.53
0.12197,0.96112,0.19633,113.54
0.12449,0.96112,0.24656,113.54
0.12402,0.97691,0.26222,113.54
0.12413,0.98086,0.25846,113.55
0.11645,0.97297,0.24607,113.55
0.10913,0.94532,0.22178,113.56
0.10019,0.92558,0.25136,113.56
0.091363,0.89793,0.27694,113.57
0.075317,0.86634,0.27486,113.57
0.055233,0.87029,0.27313,113.58
0.038365,0.86634,0.29846,113.58
0.017579,0.89003,0.32014,113.59
-0.0030899,0.90978,0.33791,113.59
-0.02742,0.91373,0.3435,113.6
-0.046809,0.90978,0.31859,113.6
-0.067123,0.91373,0.32454,113.61
-0.10775,0.91373,0.33627,113.61
-0.11911,0.92953,0.31248,113.62
-0.13885,0.92558,0.29908,113.62
-0.16352,0.92558,0.3161,113.63
-0.17558,0.94137,0.31533,113.63
-0.18442,0.94927,0.34162,113.64
-0.1757,0.95717,0.31948,113.64
-0.19166,0.96112,0.31427,113.65
-0.18328,0.95717,0.30341,113.65
-0.18339,0.96112,0.30733,113.66
-0.16483,0.99666,0.35971,113.66
-0.15728,1.0362,0.37657,113.67
-0.14317,1.048,0.30884,113.67
-0.13811,1.0401,0.27451,113.68
-0.13432,1.0322,0.28239,113.68
-0.11838,1.048,0.28799,113.69
-0.10243,1.0519,0.29335,113.69
-0.090486,1.0322,0.29788,113.7
-0.074632,1.0006,0.30636,113.7
-0.054766,0.97691,0.31537,113.71
-0.055215,0.95717,0.33032,113.71
-0.051659,0.95717,0.34603,113.72
-0.043845,0.93742,0.35403,113.72
-0.027432,0.93347,0.34389,113.73
-0.0074704,0.94137,0.34969,113.73
0.0044658,0.93742,0.35453,113.74
0.012271,0.93347,0.36285,113.74
0.036368,0.93347,0.36502,113.75
0.072853,0.94532,0.357,113.75
0.07698,0.95322,0.35368,113.75
0.10132,0.92953,0.3477,113.76
0.093637,0.92558,0.33539,113.76
0.089517,0.90583,0.33847,113.77
0.10239,0.87424,0.31207,113.77
0.10297,0.86634,0.29274,113.78
0.11078,0.85449,0.3009,113.78
0.13086,0.85449,0.3027,113.79
0.15061,0.8387,0.3157,113.79
0.15876,0.8387,0.31259,113.8
0.16748,0.83475,0.29022,113.8
0.16241,0.87029,0.32509,113.81
0.14183,0.93347,0.33989,113.81
0.10922,0.96507,0.35297,113.82
0.097164,0.97297,0.35205,113.82
0.085099,1.0006,0.35151,113.83
0.081543,1.0006,0.33581,113.83
0.086144,0.98481,0.31667,113.84
0.086616,0.96507,0.30093,113.84
0.083197,0.92953,0.28068,113.85
0.07943,0.89793,0.27202,113.85
0.10365,0.88609,0.27011,113.86
0.12409,0.86239,0.25994,113.86
0.13544,0.87424,0.28428,113.87
0.13521,0.88214,0.29211,113.87
0.1507,0.87819,0.31265,113.88
0.15975,0.90188,0.27932,113.88
0.14552,0.92558,0.21697,113.89
0.13461,0.94137,0.17784,113.89
0.15546,0.99666,0.15389,113.9
0.15256,1.0638,0.11651,113.9
0.17742,1.1349,0.09324,113.91
0.16613,1.2139,0.066877,113.91
0.17331,1.2928,0.096029,113.92
0.22134,1.3718,0.10578,113.92
0.23121,1.3797,0.045278,113.93
0.2343,1.3876,0.076487,113.93
0.22593,1.3758,0.087037,113.94
0.22159,1.3402,0.097476,113.94
0.14887,1.281,0.10513,113.95
0.10819,1.1823,0.11873,113.95
0.062807,1.0796,0.15491,113.96
0.037606,1.0006,0.18952,113.96
0.015596,0.95322,0.25199,113.96
-0.016508,0.90978,0.24823,113.97
-0.048154,0.87029,0.22921,113.97
-0.09265,0.8229,0.23579,113.98
-0.10973,0.78736,0.26817,113.98
-0.10239,0.78736,0.29191,113.99
-0.081506,0.79526,0.26702,113.99
-0.061182,0.77551,0.26076,114
-0.044429,0.77946,0.23927,114
-0.043865,0.7992,0.22048,114.01
-0.010469,0.7992,0.18117,114.01
-0.0057787,0.82685,0.15906,114.02
0.026901,0.87029,0.14364,114.02
0.027333,0.91768,0.12924,114.03
0.031558,0.95322,0.12264,114.03
0.036361,0.98481,0.096777,114.04
0.041171,1.0046,0.070678,114.04
0.033702,1.0243,0.051167,114.05
0.026229,1.0519,0.031814,114.05
0.026454,1.0598,0.024299,114.06
0.01864,1.0796,0.016297,114.06
0.030459,1.0796,0.025054,114.07
0.0072864,1.0717,-0.0079625,114.07
-0.00063586,1.0796,-0.012364,114.08
-0.00099294,1.0993,-0.00046139,114.08
0.010957,1.0717,0.0039079,114.09
0.010741,1.048,0.011108,114.09
0.02601,1.0322,0.039093,114.1
0.034167,1.0164,0.035664,114.1
0.034055,1.0125,0.039422,114.11
0.033825,1.0125,0.047095,114.11
0.053688,0.99271,0.056181,114.12
0.053467,0.97691,0.063538,114.12
0.065643,0.95717,0.060393,114.13
0.082168,0.95717,0.046493,114.13
0.078032,0.96507,0.050126,114.14
0.094323,0.97297,0.044056,114.14
0.10281,0.98086,0.029592,114.15
0.090064,0.99271,0.051761,114.15
0.093968,0.98876,0.05588,114.16
0.082269,0.98086,0.043129,114.16
0.070105,0.98086,0.045881,114.17
0.0779,0.99271,0.054513,114.17
0.090398,1.0125,0.040646,114.17
0.073755,1.0164,0.058461,114.18
0.077997,1.0243,0.051307,114.18
0.06537,1.0283,0.069483,114.19
0.049768,1.0243,0.052613,114.19
0.042078,1.0283,0.04046,114.2
0.039222,1.0125,0.0014203,114.2
0.043245,1.0006,0.0015455,114.21
0.03533,0.99666,-0.0030925,114.21
0.023512,0.99666,-0.01185,114.22
0.01938,0.99666,-0.0083747,114.22
0.01124,0.98481,-0.0054976,114.23
0.011007,0.98876,0.0022538,114.23
-0.0010466,0.99666,0.0013269,114.24
0.010429,0.99271,0.021514,114.24
0.014556,1.0006,0.018197,114.25
0.010312,0.99666,0.025429,114.25
-0.010127,1.0164,0.035525,114.26
0.014201,1.0164,0.030021,114.26
0.0061709,1.0125,0.029219,114.27
0.0067464,1.0125,0.010038,114.27
-0.0014037,1.0164,0.01323,114.28
0.018788,1.0243,0.011358,114.28
-0.0012933,1.0243,0.0095509,114.29
-0.009441,1.0243,0.012664,114.29
-0.0095537,1.0204,0.016422,114.3
-0.009441,1.0243,0.012664,114.3
0.0030753,1.0125,-0.0018329,114.31
0.0099641,1.0006,0.037017,114.31
-0.0015117,1.0046,0.01683,114.32
0.04209,1.0085,0.040066,114.32
0.062528,0.98876,0.029971,114.33
0.082948,1.0006,0.020505,114.33
0.09499,1.0125,0.021826,114.34
0.11118,1.0006,0.019199,114.34
0.10314,1.0046,0.018555,114.35
0.11507,1.0085,0.023555,114.35
0.11875,1.0006,0.035268,114.36
0.11484,1.0085,0.031227,114.36
0.11909,1.0046,0.023837,114.37
0.13091,1.0085,0.032673,114.37
0.13859,1.0204,0.045141,114.38
0.1184,1.0125,0.047013,114.38
0.12735,1.0046,0.016888,114.38
0.12724,0.99666,0.020566,114.39
0.12289,0.98481,0.031478,114.39
0.12737,0.98481,0.016494,114.4
0.1269,0.99666,0.032075,114.4
0.13046,0.98086,0.047467,114.41
0.13047,0.97691,0.047388,114.41
0.1471,0.98481,0.02981,114.42
0.13081,0.98876,0.036116,114.42
0.12669,0.96902,0.039197,114.43
0.093642,0.95717,0.066759,114.43
0.085372,0.96902,0.073945,114.44
0.076519,0.99271,0.10055,114.44
0.056203,1.0006,0.10657,114.45
0.028549,1.0006,0.088696,114.45
0.020982,0.99271,0.072471,114.46
-0.006559,0.99666,0.050838,114.46
-0.019421,1.0085,0.076844,114.47
-0.011043,1.0085,0.066058,114.47
-0.022986,1.0243,0.061452,114.48
-0.014495,1.0283,0.046908,114.48
-0.026439,1.0441,0.042303,114.49
-0.03849,1.048,0.041297,114.49
-0.030258,1.0993,0.035371,114.5
-0.027143,1.0677,0.065793,114.5
-0.011649,1.0598,0.086263,114.51
0.0046535,1.048,0.0798,114.51
0.0045408,1.0441,0.083558,114.52
0.017055,1.0362,0.069139,114.52
0.013755,0.99271,0.044893,114.53
0.033735,0.96902,0.050064,114.53
0.049458,0.96507,0.062941,114.54
0.065293,0.96507,0.072059,114.54
0.085954,0.95717,0.054527,114.55
0.10224,0.96507,0.048458,114.55
0.11016,0.97297,0.053175,114.56
0.12645,0.97691,0.047027,114.56
0.15491,0.97297,0.037969,114.57
0.18314,0.97691,0.036742,114.57
0.19933,0.96507,0.034115,114.58
0.21965,0.95322,0.028014,114.58
0.24432,0.95322,0.011001,114.58
0.22413,0.93742,0.012715,114.59
0.22355,0.95322,0.032211,114.59
0.20679,0.94927,0.053705,114.6
0.19487,0.93347,0.048469,114.6
0.20809,0.90188,0.01056,114.61
0.22063,0.85054,-0.0047248,114.61
0.2406,0.8387,0.00068251,114.62
0.24038,0.82685,0.0081188,114.62
0.21581,0.84264,0.02161,114.63
0.2033,0.85054,0.036029,114.63
0.18653,0.86239,0.057837,114.64
0.14603,0.84659,0.065416,114.64
0.11401,0.86239,0.059003,114.65
0.085898,0.85844,0.056394,114.65
0.085431,0.87029,0.071976,114.66
0.081757,0.87424,0.060184,114.66
0.065115,0.87819,0.077999,114.67
0.069352,0.89398,0.071003,114.67
0.065913,0.89003,0.051381,114.68
0.081861,0.89398,0.056742,114.68
0.093329,0.90188,0.077165,114.69
0.11399,0.89793,0.059712,114.69
0.11458,0.87424,0.040058,114.7
0.12472,0.81105,-0.029533,114.7
0.14472,0.75576,-0.024992,114.71
0.11985,0.70048,-0.0014095,114.71
0.078684,0.64519,0.0284,114.72
0.021693,0.5741,0.048776,114.72
0.0036876,0.54646,0.112,114.73
0.010226,0.54251,0.16251,114.73
0.037659,0.52671,0.18775,114.74
0.077806,0.55436,0.19191,114.74
0.10257,0.59385,0.17185,114.75
0.062825,0.66493,0.15431,114.75
0.0069985,0.76366,0.13587,114.76
-0.0247,0.81105,0.11858,114.76
-0.052178,0.90188,0.094843,114.77
-0.078944,0.95717,0.04738,114.77
-0.073594,1.0362,0.0032808,114.78
-0.049651,1.1033,0.010625,114.78
-0.0090515,1.1428,-0.00031785,114.79
-0.0032994,1.127,-0.057816,114.79
0.0068638,1.0283,-0.12812,114.79
4.359e-05,0.92558,-0.16925,114.8
-0.00068878,0.80315,-0.14484,114.8
-0.029545,0.69653,-0.12264,114.81
-0.042815,0.62149,-0.083022,114.81
-0.052552,0.58595,-0.026909,114.82
-0.037748,0.57805,0.016578,114.82
-0.0482,0.582,0.096497,114.83
-0.039625,0.63729,0.079141,114.83
-0.040257,0.73207,0.10021,114.84
-0.024834,0.84264,0.12305,114.84
-0.020517,0.91768,0.1134,114.85
0.0048017,0.99271,0.074861,114.85
0.053401,1.0875,0.065744,114.86
0.085712,1.1704,0.062617,114.86
0.10357,1.2455,0.0041786,114.87
0.17393,1.2257,-0.059124,114.87
0.24834,1.1546,-0.12309,114.88
0.28639,1.0598,-0.18311,114.88
0.30689,0.92558,-0.19549,114.89
0.32603,0.76761,-0.1623,114.89
0.28559,0.65309,-0.15669,114.9
0.28527,0.61754,-0.14589,114.9
0.23927,0.58595,-0.089119,114.91
0.23606,0.55831,0.017746,114.91
0.22996,0.5741,0.086754,114.92
0.208,0.63729,0.14759,114.92
0.20681,0.70048,0.18721,114.93
0.21422,0.79131,0.20893,114.93
0.21061,0.87029,0.1948,114.94
0.24846,0.91373,0.14137,114.94
0.27413,0.97297,0.091013,114.95
0.32876,0.98086,0.015307,114.95
0.31728,0.98481,-0.0048804,114.96
0.30616,0.97297,-0.036892,114.96
0.26327,0.93742,-0.083776,114.97
0.23539,0.92558,-0.094215,114.97
0.17117,0.85844,-0.10134,114.98
0.12223,0.76761,-0.080633,114.98
0.072016,0.67283,-0.017807,114.99
0.025798,0.61754,0.046167,114.99
-0.011126,0.57015,0.068823,115
-0.012596,0.52671,0.11783,115
-0.021429,0.51882,0.1438,115
-0.046016,0.56621,0.15792,115.01
-0.038235,0.60175,0.16703,115.01
-0.049911,0.74787,0.15351,115.02
-0.093501,0.91768,0.12991,115.02
-0.1086,1.0401,0.096376,115.03
-0.067579,1.1388,0.071269,115.03
-0.046368,1.1744,0.035422,115.04
-0.041001,1.2257,-0.009228,115.04
-0.019325,1.2534,-0.060578,115.05
0.018562,1.2297,-0.11534,115.05
0.080239,1.1428,-0.15769,115.06
0.12873,1.0401,-0.16307,115.06
0.20927,0.86239,-0.16322,115.07
0.261,0.70443,-0.14249,115.07
0.28014,0.55831,-0.10907,115.08
0.28606,0.43194,-0.037981,115.08
0.31182,0.32531,0.042985,115.09
0.32217,0.28582,0.10083,115.09
0.28475,0.28582,0.13977,115.1
0.27729,0.29372,0.12003,115.1
0.26994,0.31346,0.096678,115.11
0.24212,0.40034,0.084372,115.11
0.2143,0.48722,0.072066,115.12
0.20357,0.5899,0.026994,115.12
0.18767,0.70048,0.020081,115.13
0.17671,0.80315,-0.017319,115.13
0.21621,0.75576,0.0083685,115.14
0.20739,0.72022,0.033791,115.14
0.16654,0.71232,0.053037,115.15
0.15393,0.69653,0.070819,115.15
0.13766,0.65309,0.076179,115.16
0.15388,0.57805,0.072292,115.16
0.16173,0.50302,0.079191,115.17
0.12481,0.44773,0.10169,115.17
0.15109,0.43194,0.16529,115.18
0.19448,0.40824,0.19564,115.18
0.26631,0.42009,0.21773,115.19
0.29877,0.44378,0.20959,115.19
0.25243,0.42404,0.14347,115.2
0.22592,0.42404,0.087235,115.2
0.20238,0.45563,0.066515,115.21
0.17115,0.48722,0.033563,115.21
0.12292,0.55831,0.030643,115.21
0.13564,0.5741,0.0090247,115.22
0.10145,0.582,-0.059288,115.22
0.014963,0.72417,-0.12962,115.23
0.13686,0.46748,-0.031465,115.23
0.13941,0.42009,0.017823,115.24
0.045507,0.47143,0.060405,115.24
0.035235,0.55831,0.13431,115.25
0.18189,0.70443,0.48124,115.25
0.38796,0.90188,0.72684,115.26
0.61286,1.0835,0.8815,115.26
1.0841,1.6009,0.88041,115.27
1.0644,1.2257,0.86344,115.27
1.1832,1.0559,0.79765,115.28
1.3036,1.3323,0.41011,115.28
1.2896,1.2218,0.20277,115.29
1.3172,1.1823,0.089063,115.29
1.1429,1.1823,-0.007404,115.3
0.52776,0.93742,0.093895,115.3
0.19682,0.89793,0.25181,115.31
0.38206,1.0283,0.38649,115.31
0.54713,1.1072,0.52217,115.32
0.83695,1.3323,0.79509,115.32
0.89073,1.5693,0.88161,115.33
0.81203,1.7312,0.82006,115.33
0.73522,1.822,0.69572,115.34
0.65001,1.7746,0.44861,115.34
0.57986,1.5021,0.10219,115.35
0.50768,1.1586,-0.1766,115.35
0.47016,0.98086,-0.26816,115.36
0.50511,0.85449,-0.22523,115.36
0.57583,0.77551,-0.031957,115.37
0.46737,0.75576,0.36179,115.37
0.36424,0.92953,1.383,115.38
0.28896,1.5653,3.6239,115.38
0.38952,2.0906,6.1784,115.39
1.3538,3.2753,6.789,115.39
2.2599,4.227,5.3124,115.4
1.6122,4.7918,1.3995,115.4
-0.96819,3.5636,-1.5884,115.41
-1.5294,1.6522,-1.2733,115.41
-1.1273,-0.18413,0.49182,115.42
-1.3554,-1.2741,1.115,115.42
-1.2975,-1.1991,0.93318,115.42
-1.7294,-0.7844,0.025566,115.43
-2.4201,-0.42502,0.093686,115.43
-2.3737,-0.15648,0.29172,115.44
-2.0399,0.013328,-0.22877,115.44
-2.4797,-0.12094,-1.4096,115.45
-2.1122,-0.7844,1.1066,115.45
-2.2545,-1.1359,1.4215,115.46
-2.5916,-1.7677,0.70918,115.46
-2.6411,-1.8823,0.47933,115.47
-2.5346,-1.6848,0.9583,115.47
-2.7486,-1.2899,0.84308,115.48
-2.1741,-0.59089,0.7549,115.48
-1.3344,0.0093792,0.8194,115.49
-0.68134,0.20289,0.66279,115.49
-0.32026,0.29767,0.57408,115.5
-0.024621,0.42799,0.51867,115.5
0.22503,0.52277,0.38532,115.51
0.46689,0.5978,0.37782,115.51
0.68706,0.46353,0.42187,115.52
0.88523,0.28977,0.39392,115.52
0.95712,0.18709,0.41372,115.53
0.9981,-0.03801,0.52446,115.53
0.99579,-0.23942,0.73564,115.54
1.0139,-0.40528,0.93783,115.54
0.93537,-0.57904,1.1389,115.55
0.71774,-0.71331,1.4128,115.55
0.47738,-0.80019,1.5048,115.56
0.19828,-0.93841,1.4115,115.56
-0.034791,-1.1003,1.2604,115.57
-0.41209,-1.4755,1.0843,115.57
-0.72716,-1.7045,0.9821,115.58
-0.95722,-1.9296,0.99921,115.58
-1.1191,-2.2456,1.0245,115.59
-1.2338,-2.5181,0.95486,115.59
-1.2461,-2.6523,0.9626,115.6
-1.3037,-2.9446,1.0054,115.6
-1.3907,-3.3079,0.95186,115.61
-1.3782,-3.375,0.80163,115.61
-1.3376,-2.909,0.65689,115.62
-1.1662,-2.4193,0.71672,115.62
-0.99584,-1.9889,0.80991,115.62
-0.84731,-1.4676,0.69137,115.63
-0.71555,-0.92261,0.59488,115.63
-0.66849,-0.39343,0.77126,115.64
-0.71241,-0.0854,1.0274,115.64
-0.74569,0.072565,1.1968,115.65
-0.73158,0.10021,1.1294,115.65
-0.61821,0.1239,0.97462,115.66
-0.48028,0.1634,0.80703,115.66
-0.37014,0.19499,0.75988,115.67
-0.27288,0.30951,0.60551,115.67
-0.23107,0.45958,0.41994,115.68
-0.1753,0.67283,0.30613,115.68
-0.18252,0.86239,0.14387,115.69
-0.24787,0.97691,0.040265,115.69
-0.36751,0.90188,0.0010699,115.7
-0.46397,0.64124,-0.0051315,115.7
-0.61644,0.3648,0.11025,115.71
-0.6573,0.15945,0.26403,115.71
-0.53591,-0.018265,0.3791,115.72
-0.43003,-0.16043,0.47426,115.72
-0.36203,-0.27101,0.48971,115.73
-0.35206,-0.42897,0.4259,115.73
-0.36656,-0.5514,0.37214,115.74
-0.40692,-0.7765,0.24092,115.74
-0.39248,-0.91867,0.16244,115.75
-0.38013,-1.0371,0.15349,115.75
-0.38009,-1.1043,0.15215,115.76
-0.38875,-1.2109,0.17232,115.76
-0.44191,-1.361,0.19915,115.77
-0.50241,-1.5189,0.20209,115.77
-0.57152,-1.6532,0.22395,115.78
-0.62069,-1.7677,0.25186,115.78
-0.65657,-1.827,0.23975,115.79
-0.71602,-1.8033,0.20795,115.79
-0.77897,-1.6808,0.15857,115.8
-0.86814,-1.4794,0.17765,115.8
-0.93534,-1.3768,0.26983,115.81
-1.0055,-1.1556,0.32564,115.81
-1.0376,-1.0016,0.45661,115.82
-1.0695,-0.85943,0.44505,115.82
-1.0769,-0.7528,0.42343,115.83
-1.0354,-0.67382,0.38259,115.83
-0.95393,-0.61458,0.35264,115.83
-0.8563,-0.57904,0.31982,115.84
-0.76269,-0.5198,0.28712,115.84
-0.72993,-0.42897,0.2688,115.85
-0.68049,-0.20387,0.23159,115.85
-0.73195,-0.29865,0.20199,115.86
-0.82821,-0.33025,0.18884,115.86
-0.8648,-0.34604,0.20062,115.87
-0.88912,-0.36579,0.20573,115.87
-0.93306,-0.38553,0.19369,115.88
-0.92916,-0.37764,0.19804,115.88
-0.90228,-0.43687,0.24159,115.89
-0.84054,-0.44872,0.33154,115.89
-0.80359,-0.47636,0.44202,115.9
-0.76972,-0.51585,0.52121,115.9
-0.71795,-0.54745,0.54062,115.91
-0.67249,-0.55929,0.50216,115.91
-0.6384,-0.57509,0.43952,115.92
-0.65951,-0.57114,0.33769,115.92
-0.67065,-0.54745,0.30639,115.93
-0.67834,-0.53165,0.29447,115.93
-0.65575,-0.5198,0.34675,115.94
-0.66138,-0.5198,0.4001,115.94
-0.67814,-0.50796,0.4219,115.95
-0.72244,-0.49611,0.422,115.95
-0.77879,-0.49216,0.42085,115.96
-0.82847,-0.49611,0.33168,115.96
-0.83866,-0.51585,0.26882,115.97
-0.87251,-0.51585,0.18884,115.97
-0.93689,-0.50401,0.18713,115.98
-1.0256,-0.45662,0.19163,115.98
-1.0658,-0.40528,0.18904,115.99
-1.0905,-0.42897,0.20558,115.99
-1.1232,-0.44082,0.22163,116
-1.0947,-0.44872,0.2125,116
-1.115,-0.46846,0.21797,116.01
-1.1234,-0.47241,0.22868,116.01
-1.1034,-0.48031,0.23416,116.02
-1.0748,-0.50401,0.22087,116.02
-1.027,-0.5198,0.23641,116.03
-0.98312,-0.5356,0.25158,116.03
-0.96339,-0.53165,0.26497,116.04
-0.95169,-0.51585,0.27788,116.04
-0.91071,-0.5435,0.25409,116.04
-0.84991,-0.50796,0.24104,116.05
-0.81228,-0.48426,0.19489,116.05
-0.83075,-0.49216,0.13922,116.06
-0.82592,-0.49216,0.11273,116.06
-0.85026,-0.47241,0.11862,116.07
-0.86691,-0.46846,0.13644,116.07
-0.87552,-0.45267,0.15521,116.08
-0.90555,-0.52375,0.21648,116.08
-0.91327,-0.47636,0.20519,116.09
-0.88033,-0.48031,0.18115,116.09
-0.82056,-0.44872,0.20255,116.1
-0.80105,-0.45662,0.22338,116.1
-0.7851,-0.46846,0.22843,116.11
-0.76052,-0.49216,0.21478,116.11
-0.74011,-0.47636,0.20539,116.12
-0.71579,-0.46452,0.20012,116.12
-0.70729,-0.46452,0.1855,116.13
-0.71865,-0.46846,0.16132,116.13
-0.74997,-0.48031,0.13134,116.14
-0.76993,-0.48821,0.12554,116.14
-0.77887,-0.50796,0.15511,116.15
-0.80387,-0.53165,0.18316,116.15
-0.82454,-0.52375,0.20069,116.16
-0.86136,-0.53955,0.22014,116.16
-0.87375,-0.5435,0.23049,116.17
-0.86551,-0.51585,0.22409,116.17
-0.81342,-0.50401,0.23286,116.18
-0.77625,-0.48031,0.20206,116.18
-0.80323,-0.44872,0.1618,116.19
-0.8309,-0.42108,0.14447,116.19
-0.84309,-0.38553,0.14793,116.2
-0.85468,-0.38158,0.13158,116.2
-0.82302,-0.36184,0.15021,116.21
-0.80272,-0.34604,0.14466,116.21
-0.78632,-0.33025,0.13491,116.22
-0.80688,-0.29865,0.14908,116.22
-0.81054,-0.3105,0.13698,116.23
-0.81514,-0.2947,0.15611,116.23
-0.81133,-0.33419,0.16336,116.24
-0.83612,-0.33419,0.18421,116.24
-0.85653,-0.37369,0.19312,116.25
-0.86892,-0.36579,0.2037,116.25
-0.88087,-0.35394,0.19902,116.25
-0.96441,-0.34209,0.16481,116.26
-0.99356,-0.33419,0.19696,116.26
-0.96658,-0.36579,0.23723,116.27
-1.0152,-0.40133,0.24753,116.27
-1.0511,-0.38553,0.23691,116.28
-1.0225,-0.37369,0.2205,116.28
-1.0017,-0.40133,0.19874,116.29
-0.98951,-0.38948,0.19622,116.29
-0.99354,-0.36974,0.19625,116.3
-1.0179,-0.36579,0.20184,116.3
-1.0463,-0.34604,0.21121,116.31
-1.0702,-0.36974,0.2009,116.31
-1.058,-0.37764,0.19799,116.32
-1.0892,-0.40923,0.16377,116.32
-1.097,-0.40133,0.15554,116.33
-1.1215,-0.38553,0.16519,116.33
-1.1009,-0.38948,0.15157,116.34
-1.1072,-0.40528,0.092992,116.34
-1.1223,-0.34999,0.058122,116.35
-1.1385,-0.34999,0.060512,116.35
-1.1751,-0.36974,0.072211,116.36
-1.2355,-0.36974,0.074461,116.36
-1.2396,-0.36974,0.0741,116.37
-1.2429,-0.35394,0.051035,116.37
-1.2784,-0.33025,0.025237,116.38
-1.3132,-0.3263,-0.020137,116.38
-1.3087,-0.3263,-0.038957,116.39
-1.3088,-0.34604,-0.035514,116.39
-1.3096,-0.35394,-0.0088178,116.4
-1.2941,-0.34604,0.011967,116.4
-1.2628,-0.33025,0.042028,116.41
-1.21,-0.30655,0.028018,116.41
-1.141,-0.27891,0.011697,116.42
-1.0638,-0.27496,-0.012047,116.42
-0.99084,-0.24731,-0.028007,116.43
-0.91041,-0.23547,-0.024378,116.43
-0.86589,-0.21967,-0.031596,116.44
-0.81367,-0.24336,-0.027369,116.44
-0.80896,-0.24731,-0.050104,116.45
-0.80154,-0.18413,-0.02894,116.45
-0.77713,-0.12489,-0.037098,116.46
-0.78115,-0.11304,-0.037223,116.46
-0.83405,-0.11699,-0.018983,116.46
-0.86283,-0.15648,0.00071655,116.47
-0.86387,-0.16438,0.035086,116.47
-0.93304,-0.20782,0.058765,116.48
-0.98649,-0.25126,0.095399,116.48
-1.0545,-0.33025,0.080006,116.49
-1.077,-0.33419,0.15868,116.49
-1.0952,-0.36579,0.2295,116.5
-1.0995,-0.37369,0.23665,116.5
-1.1518,-0.35789,0.2361,116.51
-1.1561,-0.30655,0.24444,116.51
-1.1399,-0.23942,0.24339,116.52
-1.1028,-0.17623,0.21337,116.52
-1.0777,-0.15253,0.18149,116.53
-1.0692,-0.14464,0.16702,116.53
-1.0454,-0.13674,0.18086,116.54
-1.0373,-0.10515,0.17837,116.54
-1.0254,-0.069603,0.184,116.55
-1.0139,-0.061705,0.20443,116.55
-1.0063,-0.081451,0.2201,116.56
-1.0055,-0.12094,0.19246,116.56
-0.94432,-0.16438,0.16633,116.57
-0.93282,-0.21177,0.18565,116.57
-0.91743,-0.23152,0.20972,116.58
-0.90584,-0.23547,0.22607,116.58
-0.93925,-0.21177,0.26585,116.59
-0.95247,-0.18413,0.30368,116.59
-0.9884,-0.16043,0.29322,116.6
-1.0165,-0.16043,0.29069,116.6
-1.0162,-0.13279,0.27974,116.61
-1.0278,-0.14859,0.26299,116.61
-1.0481,-0.16043,0.26862,116.62
-1.0529,-0.15253,0.29527,116.62
-1.049,-0.15648,0.29939,116.63
-1.0312,-0.15648,0.24329,116.63
-1.0382,-0.14464,0.20828,116.64
-1.0383,-0.15253,0.21196,116.64
-1.0423,-0.16043,0.21144,116.65
-1.014,-0.17623,0.20598,116.65
-1.0186,-0.17623,0.2248,116.66
-1.0392,-0.18018,0.2421,116.66
-1.1248,-0.23547,0.2756,116.67
-1.1541,-0.21967,0.31175,116.67
-1.1098,-0.21177,0.31205,116.67
-1.0898,-0.24336,0.31706,116.68
-1.0661,-0.26706,0.3341,116.68
-1.0465,-0.28286,0.35094,116.69
-1.0232,-0.26706,0.38028,116.69
-1.0024,-0.24731,0.35562,116.7
-0.96459,-0.24336,0.30525,116.7
-0.93912,-0.23942,0.26146,116.71
-0.92708,-0.21572,0.26302,116.71
-0.88601,-0.19598,0.23633,116.72
-0.86134,-0.18808,0.21948,116.72
-0.85652,-0.19203,0.19291,116.73
-0.88431,-0.15648,0.17958,116.73
-0.92506,-0.13279,0.19562,116.74
-0.95702,-0.057756,0.32118,116.74
-0.97587,-0.010366,0.41275,116.75
-1.0091,0.0093792,0.44478,116.75
-1.038,-0.0064173,0.46879,116.76
-1.0655,-0.03801,0.44645,116.76
-1.0779,-0.069603,0.45624,116.77
-1.0775,-0.12489,0.44363,116.77
-1.0786,-0.18413,0.48081,116.78
-1.0626,-0.21967,0.48539,116.78
-1.0515,-0.25521,0.51645,116.79
-1.0279,-0.29075,0.53709,116.79
-1.0229,-0.3263,0.50222,116.8
-1.0052,-0.34604,0.44956,116.8
-0.98703,-0.34209,0.38203,116.81
-0.96225,-0.33814,0.36126,116.81
-0.94608,-0.31445,0.35935,116.82
-0.92661,-0.26311,0.38136,116.82
-0.91541,-0.19203,0.41071,116.83
-0.85946,-0.1012,0.42526,116.83
-0.80385,-0.034061,0.45084,116.84
-0.78115,-0.0024682,0.49968,116.84
-0.73802,0.021227,0.53865,116.85
-0.73056,0.017277,0.55848,116.85
-0.70634,0.00543,0.55657,116.86
-0.66676,0.00543,0.57937,116.86
-0.65114,-0.0064173,0.59592,116.87
-0.6268,-0.026163,0.59003,116.87
-0.6183,-0.053807,0.57485,116.88
-0.62583,-0.10909,0.55768,116.88
-0.64165,-0.14859,0.54778,116.88
-0.68282,-0.19203,0.57782,116.89
-0.70782,-0.22757,0.60563,116.89
-0.7357,-0.22757,0.59543,116.9
-0.74809,-0.22757,0.60586,116.9
-0.77702,-0.21967,0.63034,116.91
-0.77911,-0.19203,0.69994,116.91
-0.7563,-0.14859,0.74518,116.92
-0.72922,-0.14859,0.78223,116.92
-0.64867,-0.14464,0.78187,116.93
-0.56375,-0.14464,0.77028,116.93
-0.51131,-0.13674,0.76746,116.94
-0.45865,-0.12094,0.75713,116.94
-0.34253,-0.10909,0.77936,116.95
-0.2621,-0.089349,0.78315,116.95
-0.21036,-0.073552,0.80351,116.96
-0.20348,-0.069603,0.84267,116.96
-0.19947,-0.065654,0.84311,116.97
-0.2114,-0.069603,0.83811,116.97
-0.20395,-0.057756,0.85825,116.98
-0.18742,-0.057756,0.84435,116.98
-0.18719,-0.065654,0.83652,116.99
-0.1897,-0.077502,0.78605,116.99
-0.19545,-0.061705,0.84355,117
-0.17974,-0.049858,0.85674,117
-0.1918,-0.03801,0.85589,117.01
-0.18422,-0.03801,0.87196,117.01
-0.20087,-0.022214,0.89001,117.02
-0.21052,-0.010366,0.94323,117.02
-0.21615,-0.0064173,0.99666,117.03
-0.22455,0.017277,1.0079,117.03
-0.24464,0.040972,1.0066,117.04
-0.25302,0.033074,1.0172,117.04
-0.24073,0.025176,1.0105,117.05
-0.26447,0.0014809,0.99632,117.05
-0.27284,-0.018265,1.0067,117.06
-0.28051,-0.03801,0.99408,117.06
-0.28109,-0.03801,1.0133,117.07
-0.27717,-0.069603,1.0168,117.07
-0.30492,-0.093298,1.0023,117.08
-0.28506,-0.10909,1.0115,117.08
-0.29686,-0.13674,1.0022,117.08
-0.2769,-0.12489,1.0081,117.09
-0.23215,-0.12884,0.99277,117.09
-0.17651,-0.10909,1.0174,117.1
-0.1477,-0.10515,0.997,117.1
-0.0987,-0.10909,0.9744,117.11
-0.078158,-0.10909,0.96087,117.11
-0.057379,-0.12094,0.93942,117.12
-0.040962,-0.13279,0.92912,117.12
-0.020061,-0.15648,0.9036,117.13
-0.01215,-0.14464,0.9084,117.13
-0.01215,-0.14464,0.9084,117.14
-0.01146,-0.14464,0.88538,117.14
-0.011471,-0.12489,0.88577,117.15
-0.015248,-0.14069,0.87742,117.15
-0.0234,-0.13279,0.88069,117.16
-0.03936,-0.11699,0.87573,117.16
-0.044306,-0.1012,0.90637,117.17
-0.069099,-0.093298,0.92738,117.17
-0.085284,-0.0854,0.92993,117.18
-0.10905,-0.057756,0.9168,117.18
-0.12971,-0.057756,0.93417,117.19
-0.16195,-0.073552,0.9348,117.19
-0.20601,-0.073552,0.92699,117.2
-0.20612,-0.0854,0.93059,117.2
-0.22194,-0.10909,0.921,117.21
-0.26233,-0.11699,0.9249,117.21
-0.2823,-0.11304,0.91933,117.22
-0.29101,-0.13674,0.94116,117.22
-0.33186,-0.13279,0.96064,117.23
-0.3439,-0.14464,0.95932,117.23
-0.37154,-0.16438,0.94105,117.24
-0.3883,-0.16438,0.96262,117.24
-0.41585,-0.14859,0.94122,117.25
-0.4162,-0.14464,0.95281,117.25
-0.42848,-0.12884,0.95972,117.26
-0.42401,-0.12884,0.94473,117.26
-0.43548,-0.12489,0.92454,117.27
-0.47967,-0.12094,0.92065,117.27
-0.4232,-0.13674,0.91772,117.28
-0.4068,-0.12094,0.90797,117.28
-0.39062,-0.11699,0.90566,117.29
-0.40255,-0.11699,0.90074,117.29
-0.39429,-0.10909,0.89395,117.29
-0.39383,-0.11304,0.87852,117.3
-0.39383,-0.11304,0.87852,117.3
-0.39394,-0.11699,0.88228,117.31
-0.3865,-0.097247,0.90258,117.31
-0.39073,-0.11699,0.9095,117.32
-0.39026,-0.13279,0.89384,117.32
-0.39852,-0.14464,0.90055,117.33
-0.39449,-0.16438,0.90052,117.33
-0.41054,-0.19598,0.89844,117.34
-0.41433,-0.18413,0.89064,117.34
-0.4227,-0.19992,0.90111,117.35
-0.44311,-0.21967,0.91042,117.35
-0.4392,-0.23547,0.9143,117.36
-0.43461,-0.23152,0.89556,117.36
-0.43852,-0.23152,0.89137,117.37
-0.43897,-0.23547,0.90663,117.37
-0.44644,-0.22362,0.88696,117.38
-0.44231,-0.21177,0.88373,117.38
-0.45023,-0.20782,0.87925,117.39
-0.4538,-0.18413,0.86401,117.39
-0.44979,-0.17623,0.86453,117.4
-0.45404,-0.16833,0.872,117.4
-0.46966,-0.14069,0.85576,117.41
-0.46967,-0.13674,0.85584,117.41
-0.48115,-0.12489,0.83581,117.42
-0.48172,-0.12094,0.85507,117.42
-0.48999,-0.12094,0.86202,117.43
-0.4901,-0.12884,0.8657,117.43
-0.51007,-0.11304,0.86037,117.44
-0.5181,-0.11699,0.85957,117.44
-0.53015,-0.12884,0.85825,117.45
-0.5461,-0.12884,0.85296,117.45
-0.56215,-0.14859,0.85112,117.46
-0.56651,-0.14464,0.86235,117.46
-0.55859,-0.15253,0.86675,117.47
-0.55824,-0.15648,0.85516,117.47
-0.53885,-0.16438,0.87983,117.48
-0.55204,-0.17228,0.91695,117.48
-0.5594,-0.15253,0.89361,117.49
-0.57121,-0.15648,0.88477,117.49
-0.56329,-0.17228,0.88901,117.5
-0.5549,-0.18018,0.87807,117.5
-0.54217,-0.16438,0.85645,117.5
-0.53035,-0.17623,0.86497,117.51
-0.52244,-0.16438,0.86977,117.51
-0.51004,-0.17228,0.85919,117.52
-0.51005,-0.14859,0.85966,117.52
-0.50213,-0.15648,0.86406,117.53
-0.51419,-0.14069,0.86329,117.53
-0.50226,-0.12884,0.86845,117.54
-0.5103,-0.12489,0.8678,117.54
-0.49801,-0.13674,0.86098,117.55
-0.494,-0.13279,0.86142,117.55
-0.49434,-0.14069,0.87277,117.56
-0.50214,-0.13674,0.86445,117.56
-0.49434,-0.13674,0.87285,117.57
-0.48631,-0.12884,0.87373,117.57
-0.49422,-0.14464,0.86886,117.58
-0.4824,-0.14069,0.87769,117.58
-0.5026,-0.14859,0.87956,117.59
-0.51017,-0.14069,0.86365,117.59
-0.5065,-0.14069,0.87552,117.6
-0.52268,-0.14464,0.87784,117.6
-0.52279,-0.15253,0.88151,117.61
-0.53415,-0.15648,0.85733,117.61
-0.51487,-0.15253,0.88607,117.62
-0.51533,-0.14859,0.9015,117.62
-0.51511,-0.14069,0.89398,117.63
-0.49927,-0.14464,0.90302,117.63
-0.50719,-0.13674,0.89862,117.64
-0.49457,-0.12884,0.88068,117.64
-0.48275,-0.13279,0.88936,117.65
-0.47896,-0.14859,0.89708,117.65
-0.47082,-0.14069,0.89412,117.66
-0.45842,-0.14859,0.88354,117.66
-0.47437,-0.14464,0.87834,117.67
-0.45405,-0.15253,0.87231,117.67
-0.45027,-0.14464,0.88051,117.68
-0.44637,-0.14859,0.88462,117.68
-0.43455,-0.14464,0.89346,117.69
-0.4403,-0.13674,0.9508,117.69
-0.45497,-0.15648,0.90293,117.7
-0.44649,-0.12884,0.88885,117.7
-0.47047,-0.13279,0.88277,117.71
-0.46233,-0.13279,0.87966,117.71
-0.46244,-0.13674,0.88341,117.71
-0.45051,-0.13279,0.88841,117.72
-0.45853,-0.14464,0.88746,117.72
-0.46243,-0.15253,0.8831,117.73
-0.46278,-0.14069,0.89484,117.73
-0.4668,-0.13674,0.89456,117.74
-0.45051,-0.13674,0.88834,117.74
-0.43823,-0.13674,0.88175,117.75
-0.43845,-0.14464,0.88926,117.75
-0.45073,-0.14464,0.89585,117.76
-0.46221,-0.13279,0.87582,117.76
-0.4465,-0.11304,0.88917,117.77
-0.45086,-0.11699,0.90024,117.77
-0.46659,-0.11304,0.88736,117.78
-0.48678,-0.11304,0.88939,117.78
-0.4745,-0.11699,0.88272,117.79
-0.47071,-0.12489,0.8906,117.79
-0.4706,-0.11699,0.88692,117.8
-0.4706,-0.10909,0.88708,117.8
-0.46658,-0.12094,0.8872,117.81
-0.47071,-0.12094,0.89068,117.81
-0.45854,-0.12884,0.88777,117.82
-0.46634,-0.14069,0.87914,117.82
-0.46255,-0.13674,0.88725,117.83
-0.45831,-0.13279,0.88002,117.83
-0.46233,-0.12884,0.87974,117.84
-0.47013,-0.13279,0.87126,117.84
-0.46623,-0.12489,0.87562,117.85
-0.45832,-0.11699,0.88033,117.85
-0.47427,-0.12489,0.87489,117.86
-0.47025,-0.12489,0.87526,117.86
-0.47036,-0.12489,0.87909,117.87
-0.47392,-0.12884,0.86331,117.87
-0.47839,-0.12884,0.87829,117.88
-0.47014,-0.11699,0.87158,117.88
-0.46256,-0.12094,0.88757,117.89
-0.47427,-0.11304,0.87513,117.89
-0.47851,-0.12094,0.88228,117.9
-0.48219,-0.12094,0.87041,117.9
-0.46623,-0.12489,0.87562,117.91
-0.4745,-0.12489,0.88257,117.91
-0.47827,-0.14069,0.87422,117.92
-0.4824,-0.14464,0.87761,117.92
-0.48688,-0.14069,0.89268,117.92
-0.47081,-0.15648,0.89381,117.93
-0.48241,-0.13674,0.87777,117.93
-0.47803,-0.15253,0.86631,117.94
-0.47402,-0.15648,0.86659,117.94
-0.4785,-0.14069,0.88189,117.95
-0.48619,-0.13279,0.86982,117.95
-0.45797,-0.12884,0.86859,117.96
-0.45844,-0.11699,0.88417,117.96
-0.46841,-0.12094,0.81395,117.97
-0.4621,-0.12489,0.87214,117.97
-0.45785,-0.14069,0.86452,117.98
-0.46198,-0.12884,0.86823,117.98
-0.45442,-0.11699,0.88453,117.99
-0.4302,-0.12094,0.88279,117.99
-0.4341,-0.12094,0.87859,118
-0.44638,-0.12884,0.88502,118
-0.43822,-0.14464,0.88159,118.01
-0.44637,-0.13674,0.88486,118.01
-0.45864,-0.15253,0.89113,118.02
-0.45439,-0.16438,0.88359,118.02
-0.46197,-0.15253,0.86775,118.03
-0.47,-0.15253,0.86703,118.03
-0.4583,-0.14859,0.8797,118.04
-0.4661,-0.14859,0.87131,118.04
-0.46645,-0.15253,0.88274,118.05
-0.47471,-0.14859,0.88977,118.05
-0.47059,-0.12489,0.88676,118.06
-0.4948,-0.13279,0.88827,118.06
-0.4823,-0.12884,0.87409,118.07
-0.47025,-0.11699,0.87541,118.07
-0.48644,-0.10909,0.87796,118.08
-0.47049,-0.11304,0.88316,118.08
-0.48701,-0.12094,0.89691,118.09
-0.47496,-0.11304,0.89815,118.09
-0.48702,-0.10515,0.89722,118.1
-0.47874,-0.12489,0.88988,118.1
-0.48666,-0.12094,0.8854,118.11
-0.48241,-0.12884,0.87793,118.11
-0.47839,-0.13279,0.87821,118.12
-0.49067,-0.13674,0.88472,118.12
-0.49055,-0.14859,0.88065,118.12
-0.47414,-0.14464,0.87066,118.13
-0.44213,-0.14069,0.87747,118.13
-0.47012,-0.15253,0.87087,118.14
-0.46644,-0.16043,0.88258,118.14
-0.47046,-0.15253,0.88238,118.15
-0.45785,-0.14069,0.86452,118.15
-0.45452,-0.13674,0.88797,118.16
-0.45429,-0.13674,0.8803,118.16
-0.45831,-0.13674,0.87994,118.17
-0.45441,-0.13674,0.88414,118.17
-0.45016,-0.14464,0.87667,118.18
-0.44224,-0.14069,0.88131,118.18
-0.438,-0.12489,0.87431,118.19
-0.44638,-0.12489,0.8851,118.19
-0.44247,-0.14069,0.88898,118.2
-0.44178,-0.14069,0.86596,118.2
-0.42973,-0.14464,0.86697,118.21
-0.44626,-0.14069,0.88095,118.21
-0.43432,-0.14069,0.88587,118.22
-0.44305,-0.14069,0.90816,118.22
-0.44672,-0.14069,0.89629,118.23
-0.43455,-0.15253,0.8933,118.23
-0.45922,-0.14464,0.91047,118.24
-0.45945,-0.15253,0.91799,118.24
-0.46324,-0.15253,0.90995,118.25
-0.46771,-0.15648,0.92486,118.25
-0.47586,-0.14859,0.92813,118.26
-0.47873,-0.14464,0.88948,118.26
-0.47862,-0.14069,0.88573,118.27
-0.47036,-0.13279,0.87893,118.27
-0.46588,-0.13674,0.86387,118.28
-0.45843,-0.12094,0.88409,118.28
-0.46256,-0.12489,0.88749,118.29
-0.45855,-0.12094,0.88793,118.29
-0.46601,-0.11304,0.86818,118.3
-0.45408,-0.11304,0.8731,118.3
-0.45821,-0.10515,0.87673,118.31
-0.45821,-0.10909,0.87666,118.31
-0.46589,-0.11304,0.86434,118.32
-0.4659,-0.10909,0.86442,118.32
-0.45786,-0.11699,0.86499,118.33
-0.45407,-0.12094,0.87294,118.33
-0.46612,-0.12489,0.87178,118.33
-0.45844,-0.11699,0.88417,118.34
-0.46233,-0.12489,0.87981,118.34
-0.4582,-0.11699,0.8765,118.35
-0.45797,-0.12094,0.86875,118.35
-0.45832,-0.12489,0.88018,118.36
-0.4621,-0.12094,0.87222,118.36
-0.4504,-0.12094,0.88481,118.37
-0.46221,-0.13279,0.87582,118.37
-0.45842,-0.14464,0.88362,118.38
-0.46243,-0.15253,0.8831,118.38
-0.46243,-0.16043,0.88294,118.39
-0.46231,-0.16043,0.87911,118.39
-0.44235,-0.14464,0.88506,118.4
-0.43845,-0.14069,0.88934,118.4
-0.43822,-0.14069,0.88167,118.41
-0.45441,-0.13674,0.88414,118.41
-0.44225,-0.12489,0.88162,118.42
-0.4465,-0.12094,0.88901,118.42
-0.43032,-0.11699,0.8867,118.43
-0.45005,-0.12489,0.87323,118.43
-0.42618,-0.14069,0.88275,118.44
-0.43421,-0.14069,0.88203,118.44
-0.42984,-0.14859,0.87072,118.45
-0.42618,-0.12884,0.88299,118.45
-0.35767,-0.14069,0.88123,118.46
-0.40575,-0.13674,0.87313,118.46
-0.41391,-0.12489,0.87648,118.47
-0.42595,-0.13674,0.87516,118.47
-0.41792,-0.13674,0.87588,118.48
-0.42595,-0.12884,0.87532,118.48
-0.41379,-0.12094,0.87272,118.49
-0.42631,-0.11304,0.88714,118.49
-0.42218,-0.10515,0.88382,118.5
-0.42999,-0.093298,0.87566,118.5
-0.43389,-0.093298,0.87147,118.51
-0.44593,-0.11304,0.86999,118.51
-0.4465,-0.11304,0.88917,118.52
-0.45029,-0.11304,0.88114,118.52
-0.43387,-0.12489,0.87084,118.53
-0.44994,-0.12884,0.86931,118.53
-0.46221,-0.14069,0.87566,118.54
-0.44615,-0.13279,0.87727,118.54
-0.46679,-0.15648,0.89417,118.54
-0.44579,-0.14859,0.86544,118.55
-0.46185,-0.15253,0.86392,118.55
-0.46185,-0.15253,0.86392,118.56
-0.46966,-0.14859,0.8556,118.56
-0.48135,-0.16438,0.84269,118.57
-0.48159,-0.14859,0.85068,118.57
-0.47392,-0.11699,0.86354,118.58
-0.48597,-0.11699,0.86246,118.58
-0.49722,-0.10909,0.83468,118.59
-0.49744,-0.12489,0.84203,118.59
-0.48573,-0.13279,0.85447,118.6
-0.48655,-0.12094,0.88156,118.6
-0.47827,-0.14069,0.87422,118.61
-0.4707,-0.14859,0.89013,118.61
-0.47379,-0.15648,0.85892,118.62
-0.47791,-0.17623,0.862,118.62
-0.46597,-0.17228,0.867,118.63
-0.46941,-0.18018,0.8473,118.63
-0.45322,-0.19992,0.84451,118.64
-0.4531,-0.19992,0.84068,118.64
-0.457,-0.20387,0.8364,118.65
-0.47304,-0.25126,0.83401,118.65
-0.49705,-0.20387,0.82895,118.66
-0.47343,-0.17228,0.84709,118.66
-0.4934,-0.16438,0.84161,118.67
-0.51384,-0.14069,0.85178,118.67
-0.51431,-0.12884,0.86736,118.68
-0.52635,-0.14069,0.86604,118.68
-0.54725,-0.11699,0.89156,118.69
-0.55151,-0.097247,0.89927,118.69
-0.55138,-0.12094,0.89496,118.7
-0.56708,-0.15253,0.88137,118.7
-0.58716,-0.16438,0.87933,118.71
-0.58301,-0.19598,0.87523,118.71
-0.57072,-0.20387,0.86848,118.72
-0.5582,-0.23152,0.85367,118.72
-0.53694,-0.26706,0.8164,118.73
-0.54888,-0.25916,0.81164,118.73
-0.53661,-0.25126,0.80521,118.74
-0.52845,-0.27101,0.8017,118.74
-0.54038,-0.27891,0.79662,118.75
-0.51263,-0.24731,0.81129,118.75
-0.49704,-0.21967,0.82864,118.75
