0.31133,0.54251,0.19346,121.89
0.3359,0.53461,0.18012,121.89
0.32383,0.56226,0.17959,121.9
0.33587,0.57015,0.18083,121.9
0.33609,0.5899,0.17355,121.91
0.34445,0.62544,0.16348,121.91
0.35281,0.65704,0.15332,121.92
0.35199,0.68073,0.18065,121.92
0.3522,0.70837,0.17353,121.93
0.34336,0.71232,0.19974,121.93
0.3476,0.73207,0.19282,121.94
0.34769,0.76761,0.18969,121.94
0.3354,0.79131,0.19675,121.95
0.31933,0.7992,0.19546,121.95
0.27952,0.78736,0.18011,121.96
0.25518,0.79526,0.18577,121.96
0.21835,0.78341,0.20529,121.97
0.1938,0.77156,0.21823,121.97
0.18566,0.75576,0.22103,121.98
0.15711,0.72022,0.23314,121.98
0.14062,0.66493,0.24594,121.99
0.11702,0.60175,0.22716,121.99
0.1252,0.55436,0.2231,122
0.11281,0.53461,0.23313,122
0.12394,0.53856,0.26499,122.01
0.15179,0.5899,0.27621,122.01
0.17186,0.6057,0.27834,122.02
0.17953,0.63729,0.2912,122.02
0.18812,0.66493,0.27329,122.03
0.1998,0.70837,0.28675,122.03
0.20346,0.73207,0.29909,122.04
0.21927,0.77156,0.309,122.04
0.22329,0.77156,0.30936,122.05
0.22374,0.77946,0.29417,122.05
0.23223,0.78736,0.27971,122.06
0.2164,0.77946,0.27043,122.06
0.20435,0.77946,0.26935,122.07
0.19229,0.7992,0.26866,122.07
0.20054,0.81895,0.2621,122.08
0.17242,0.8229,0.25965,122.08
0.14819,0.85844,0.26203,122.08
0.1405,0.86634,0.24995,122.09
0.15266,0.87819,0.24744,122.09
0.14854,0.85844,0.25052,122.1
0.17677,0.84659,0.24898,122.1
0.17368,0.8387,0.21777,122.11
0.19812,0.85054,0.20866,122.11
0.26707,0.87819,0.19234,122.12
0.29907,0.89398,0.19938,122.12
0.34715,0.90583,0.20779,122.13
0.36264,0.90188,0.22834,122.13
0.37123,0.92953,0.21044,122.14
0.37182,0.91373,0.19094,122.14
0.40785,0.90188,0.19779,122.15
0.43148,0.92163,0.2157,122.15
0.48311,0.92953,0.23974,122.16
0.5156,0.90188,0.23057,122.16
0.5427,0.86634,0.26692,122.17
0.56175,0.87029,0.30333,122.17
0.54118,0.90978,0.31766,122.18
0.54036,0.93347,0.34498,122.18
0.51531,0.98086,0.37445,122.19
0.47844,1.0362,0.39532,122.19
0.47912,1.0638,0.37285,122.2
0.46086,1.0993,0.31037,122.2
0.4566,1.1428,0.18392,122.21
0.49366,1.1704,0.022399,122.21
0.49287,1.1665,-0.085458,122.22
0.5063,1.1665,-0.13041,122.22
0.52177,1.1902,-0.10931,122.23
0.55413,1.1902,-0.11409,122.23
0.55871,1.2099,-0.13252,122.24
0.59565,1.2376,-0.15557,122.24
0.60663,1.2849,-0.11901,122.25
0.60521,1.36,-0.071477,122.25
0.5967,1.3797,-0.056461,122.26
0.61098,1.4785,0.0044986,122.26
0.58926,1.5298,0.057424,122.27
0.56908,1.4943,0.058744,122.27
0.52522,1.356,0.044338,122.28
0.48785,1.0875,0.081764,122.28
0.45868,0.93742,0.1146,122.29
0.44035,0.86634,0.18847,122.29
0.43108,0.8229,0.22908,122.29
0.3893,0.8308,0.27933,122.3
0.36699,0.89793,0.35175,122.3
0.32622,0.94532,0.36826,122.31
0.29089,0.94137,0.33808,122.31
0.23124,0.90978,0.31284,122.32
0.20016,0.88214,0.27487,122.32
0.11,0.8308,0.19264,122.33
0.050797,0.8229,0.15254,122.33
0.0084639,0.815,0.087023,122.34
-0.017224,0.7992,0.0036152,122.34
-0.019046,0.78736,-0.069873,122.35
-0.028556,0.77551,-0.15559,122.35
-0.0061776,0.78341,-0.23035,122.36
0.01963,0.81105,-0.28518,122.36
0.053003,0.85054,-0.3237,122.37
0.11828,0.89003,-0.35165,122.37
0.20215,0.90978,-0.32832,122.38
0.26616,0.92953,-0.31447,122.38
0.3264,0.94532,-0.30874,122.39
0.34659,0.95717,-0.31053,122.39
0.40969,0.97691,-0.26599,122.4
0.47323,1.0204,-0.23632,122.4
0.49306,1.0638,-0.22597,122.41
0.5083,1.0875,-0.1972,122.41
0.51632,1.1151,-0.19593,122.42
0.52745,1.1072,-0.16431,122.42
0.555,1.0796,-0.14315,122.43
0.55066,1.0441,-0.13271,122.43
0.50583,0.98086,-0.11493,122.44
0.46959,0.95717,-0.11482,122.44
0.43975,0.95322,-0.059884,122.45
0.39983,0.92163,-0.071801,122.45
0.37943,0.89003,-0.06273,122.46
0.3667,0.87424,-0.041112,122.46
0.35019,0.8387,-0.027921,122.47
0.36639,0.81105,-0.030863,122.47
0.35781,0.76761,-0.013271,122.48
0.3623,0.73997,-0.028806,122.48
0.33432,0.70837,-0.035803,122.49
0.31057,0.69653,-0.049717,122.49
0.28246,0.70048,-0.052168,122.5
0.29462,0.70837,-0.054763,122.5
0.27484,0.77551,-0.06674,122.5
0.24346,0.87424,-0.094516,122.51
0.20395,0.93347,-0.11997,122.51
0.19659,0.96507,-0.14308,122.52
0.16881,0.98876,-0.15664,122.52
0.15733,0.99666,-0.17675,122.53
0.15318,1.0164,-0.17288,122.53
0.16534,1.0362,-0.17524,122.54
0.15282,1.0401,-0.1609,122.54
0.12436,1.0401,-0.15192,122.55
0.10383,1.0362,-0.13846,122.55
0.099936,1.0164,-0.14306,122.56
0.083861,1.0322,-0.14419,122.56
0.075251,1.0362,-0.12565,122.57
0.083737,1.048,-0.14004,122.57
0.09878,1.0243,-0.10454,122.58
0.10635,1.0243,-0.088468,122.58
0.13036,0.98876,-0.083172,122.59
0.15458,0.97691,-0.085075,122.59
0.16973,0.95717,-0.053333,122.6
0.17375,0.94927,-0.053129,122.6
0.18995,0.92163,-0.056071,122.61
0.20247,0.90188,-0.070725,122.61
0.2384,0.88609,-0.060115,122.62
0.26273,0.87819,-0.065776,122.62
0.27457,0.84659,-0.057649,122.63
0.31095,0.83475,-0.062305,122.63
0.3152,0.83475,-0.069616,122.64
0.33147,0.86634,-0.075213,122.64
0.3071,0.94532,-0.068134,122.65
0.29135,1.0006,-0.079986,122.65
0.29525,1.0046,-0.075709,122.66
0.30411,0.95717,-0.10279,122.66
0.30023,0.92953,-0.10753,122.67
0.30035,0.91768,-0.11161,122.67
0.29609,0.93347,-0.10398,122.68
0.29149,0.94927,-0.084846,122.68
0.30733,0.94137,-0.075885,122.69
0.31089,0.93742,-0.060257,122.69
0.30286,0.93742,-0.06098,122.7
0.31066,0.93742,-0.052584,122.7
0.311,0.94532,-0.063936,122.71
0.31926,0.94927,-0.070807,122.71
0.3429,0.94137,-0.05345,122.71
0.34302,0.93347,-0.057444,122.72
0.34692,0.93742,-0.053167,122.72
0.30652,0.94927,-0.048873,122.73
0.29446,0.97297,-0.049485,122.73
0.30213,0.99271,-0.036859,122.74
0.28205,1.0046,-0.03843,122.74
0.26599,0.99271,-0.040112,122.75
0.2458,0.98481,-0.038241,122.75
0.22193,0.98481,-0.048082,122.76
0.20633,0.98086,-0.064952,122.76
0.17846,0.95717,-0.075628,122.77
0.19027,0.96902,-0.066634,122.77
0.16984,0.97297,-0.056854,122.78
0.14975,0.98481,-0.058425,122.78
0.11716,0.98481,-0.045972,122.79
0.12106,0.98481,-0.041774,122.79
0.12909,0.98481,-0.041051,122.8
0.13289,0.96112,-0.033489,122.8
0.1283,0.96507,-0.014591,122.81
0.14424,0.97297,-0.0091508,122.81
0.15607,0.96902,-0.00047256,122.82
0.18386,0.92953,0.012779,122.82
0.19524,0.88214,0.035936,122.83
0.22384,0.85449,0.02257,122.83
0.24381,0.84659,0.028056,122.84
0.26756,0.84659,0.041733,122.84
0.25952,0.85054,0.041089,122.85
0.2477,0.85449,0.032411,122.85
0.26836,0.85844,0.015116,122.86
0.26812,0.87424,0.023103,122.86
0.29268,0.86239,0.0096905,122.87
0.30093,0.89398,0.003371,122.87
0.31296,0.91768,0.004928,122.88
0.31318,0.94137,-0.002272,122.88
0.30468,0.94927,0.012508,122.89
0.30845,0.98086,0.021172,122.89
0.31612,1.0125,0.034034,122.9
0.2997,1.0283,0.044412,122.9
0.30348,1.0362,0.052604,122.91
0.27973,1.0243,0.03869,122.91
0.27561,1.0125,0.041928,122.92
0.26815,1.0085,0.021945,122.92
0.24372,0.99666,0.031049,122.92
0.24291,1.0046,0.058061,122.93
0.22718,1.0085,0.045185,122.93
0.21088,1.0204,0.051648,122.94
0.2071,1.0204,0.043614,122.94
0.21088,1.0204,0.051648,122.95
0.21512,1.0283,0.044494,122.95
0.21902,1.0362,0.048849,122.96
0.22212,1.0322,0.079823,122.96
0.21787,1.0362,0.087213,122.97
0.20524,1.0441,0.10547,122.97
0.20959,1.0598,0.094635,122.98
0.20594,1.0362,0.082292,122.98
0.21147,0.99271,0.031915,122.99
0.22525,0.98481,-0.024703,122.99
0.2349,0.97297,-0.077925,123
0.26886,0.99666,-0.13594,123
0.30488,1.0164,-0.12846,123.01
0.32036,1.0283,-0.10759,123.01
0.33299,1.0283,-0.12569,123.02
0.33336,0.98876,-0.13799,123.02
0.32121,0.95717,-0.13587,123.03
0.30066,0.96902,-0.12209,123.03
0.28701,0.96507,-0.069547,123.04
0.28564,0.93347,-0.024141,123.04
0.23943,0.87029,0.039676,123.05
0.21788,0.8229,0.086795,123.05
0.19208,0.79131,0.14154,123.06
0.17118,0.7992,0.16675,123.06
0.16246,0.8071,0.1892,123.07
0.14603,0.8387,0.19989,123.07
0.16629,0.91768,0.1956,123.08
0.16258,0.98086,0.18499,123.08
0.18129,0.99271,0.098438,123.09
0.18048,1.0006,0.12545,123.09
0.18162,1.0164,0.087402,123.1
0.18998,1.048,0.077246,123.1
0.19742,1.0756,0.097702,123.11
0.2012,1.0796,0.10581,123.11
0.17034,1.0756,0.060645,123.12
0.14681,1.0914,0.03961,123.12
0.13817,1.1349,0.058935,123.12
0.15385,1.2099,0.073386,123.13
0.16917,1.3047,0.09974,123.13
0.17313,1.3995,0.10199,123.14
0.19882,1.435,0.051162,123.14
0.25952,1.435,0.041238,123.15
0.27937,1.435,0.050718,123.15
0.31576,1.4153,0.045905,123.16
0.36986,1.3442,-0.012195,123.16
0.42218,1.1586,-0.011198,123.17
0.4545,1.0243,-0.014821,123.17
0.44973,0.94532,0.010097,123.18
0.43242,0.91373,0.05022,123.18
0.41923,0.89793,0.087184,123.19
0.39457,0.87424,0.10372,123.19
0.38256,0.80315,0.10122,123.2
0.36997,0.75181,0.11829,123.2
0.34556,0.68468,0.1263,123.21
0.32516,0.64124,0.13513,123.21
0.30441,0.6136,0.15579,123.22
0.28836,0.59385,0.15395,123.22
0.2879,0.59385,0.1693,123.23
0.25199,0.582,0.15813,123.23
0.2281,0.60965,0.14884,123.24
0.20777,0.64914,0.1555,123.24
0.19937,0.68073,0.16691,123.25
0.17607,0.70048,0.13828,123.25
0.16081,0.70048,0.10998,123.26
0.17261,0.72022,0.11913,123.26
0.20805,0.75181,0.14604,123.27
0.20368,0.76761,0.1575,123.27
0.19975,0.8071,0.15409,123.28
0.18389,0.85054,0.14584,123.28
0.15115,0.90583,0.16323,123.29
0.14354,0.96902,0.14842,123.29
0.13562,0.98876,0.14426,123.3
0.1279,1.0283,0.13281,123.3
0.10861,1.0559,0.1047,123.31
0.10882,1.0875,0.097659,123.31
0.11213,1.1151,0.12159,123.32
0.1081,1.1349,0.12162,123.32
0.092485,1.1586,0.1053,123.33
0.093883,1.1309,0.058716,123.33
0.12684,1.0914,0.033966,123.33
0.16267,1.0441,0.047783,123.34
0.19022,1.0362,0.069337,123.34
0.21363,1.0164,0.09413,123.35
0.20586,0.97297,0.084868,123.35
0.17043,0.93347,0.057809,123.36
0.17435,0.89003,0.06114,123.36
0.19045,0.8308,0.061405,123.37
0.20183,0.7992,0.084877,123.37
0.21802,0.78341,0.082171,123.38
0.2584,0.81105,0.078665,123.38
0.27881,0.82685,0.069278,123.39
0.30739,0.8308,0.056542,123.39
0.31234,0.7992,0.025583,123.4
0.32474,0.79131,0.015001,123.4
0.35332,0.79131,0.0021857,123.41
0.36168,0.81895,-0.0080489,123.41
0.39848,0.87029,-0.02679,123.42
0.44675,0.94137,-0.02487,123.42
0.50282,1.0164,-0.014477,123.43
0.54284,1.0677,-0.006002,123.43
0.61694,1.123,-0.059774,123.44
0.69984,1.0677,-0.27268,123.44
0.78344,0.99666,-0.50892,123.45
0.82737,1.0125,-0.36232,123.45
0.85517,1.1151,-0.080804,123.46
0.8519,1.1981,0.028267,123.46
0.81926,1.2731,0.042217,123.47
0.75546,1.2692,0.021009,123.47
0.65234,1.2178,-0.031612,123.48
0.56128,1.1309,-0.083858,123.48
0.45279,1.0164,-0.092066,123.49
0.34937,0.87819,-0.13491,123.49
0.28504,0.815,-0.13812,123.5
0.24212,0.79526,-0.050056,123.5
0.18175,0.815,-0.051248,123.51
0.13617,0.85054,-0.0084793,123.51
0.10748,0.85054,0.008172,123.52
0.10704,0.8229,0.022966,123.52
0.14086,0.85844,0.10365,123.53
0.18866,0.93742,0.12108,123.53
0.18898,0.98086,0.11043,123.54
0.18541,1.0085,0.095278,123.54
0.15867,1.0243,0.047027,123.54
0.15247,1.0362,-0.01484,123.55
0.15717,1.0519,-0.037182,123.55
0.1497,1.0717,-0.056692,123.56
0.135,1.0954,-0.1037,123.56
0.11521,1.1783,-0.11536,123.57
0.11155,1.1625,-0.12755,123.57
0.090999,1.1823,-0.11362,123.58
0.083091,1.1665,-0.11849,123.58
0.070164,1.0954,-0.090303,123.59
0.070156,1.1072,-0.090067,123.59
0.090332,1.1428,-0.091387,123.6
0.083025,1.0835,-0.11631,123.6
0.090515,1.0283,-0.097507,123.61
0.086863,0.99666,-0.11001,123.61
0.094562,0.97691,-0.09817,123.62
0.091359,0.96507,-0.12562,123.62
0.087469,0.94532,-0.13021,123.63
0.087138,0.92163,-0.11918,123.63
0.078526,0.92953,-0.10056,123.64
0.081969,0.92558,-0.081097,123.64
0.097799,0.93347,-0.071821,123.65
0.11846,0.92953,-0.089274,123.65
0.12177,0.95322,-0.065422,123.66
0.14241,0.97297,-0.082402,123.66
0.1827,0.96507,-0.082781,123.67
0.19485,0.97691,-0.085297,123.67
0.21069,0.98086,-0.0761,123.68
0.23858,0.97297,-0.066054,123.68
0.24213,0.97297,-0.050348,123.69
0.25028,0.97297,-0.053461,123.69
0.25029,0.96112,-0.053697,123.7
0.26211,0.94927,-0.045177,123.7
0.25821,0.95717,-0.049217,123.71
0.266,0.96507,-0.040664,123.71
0.25786,0.96112,-0.037629,123.72
0.22974,0.96112,-0.040159,123.72
0.21369,0.94927,-0.041842,123.73
0.20129,0.96112,-0.031181,123.73
0.16939,0.95322,-0.041903,123.74
0.1695,0.95322,-0.045739,123.74
0.16916,0.94927,-0.034309,123.75
0.15735,0.94137,-0.043223,123.75
0.14508,0.92953,-0.036871,123.75
0.1453,0.93742,-0.044387,123.76
0.14898,0.92163,-0.032831,123.76
0.13613,0.92163,-0.0070614,123.77
0.11674,0.91768,-0.031965,123.77
0.12477,0.92558,-0.031085,123.78
0.1251,0.94137,-0.042279,123.78
0.13783,0.95717,-0.063897,123.79
0.14953,0.96902,-0.051068,123.79
0.15802,0.98086,-0.065454,123.8
0.15847,0.99666,-0.080484,123.8
0.17465,0.99666,-0.082874,123.81
0.18267,1.0125,-0.081836,123.81
0.18669,1.0125,-0.081475,123.82
0.17417,1.0164,-0.067135,123.82
0.18231,1.0322,-0.069933,123.83
0.19034,1.0401,-0.069053,123.83
0.1947,1.0441,-0.080122,123.84
0.20606,1.0362,-0.056177,123.84
0.2102,1.0283,-0.059809,123.85
0.2063,1.0204,-0.064165,123.85
0.1937,0.98876,-0.046698,123.86
0.19783,0.98481,-0.050251,123.86
0.20931,0.98086,-0.030064,123.87
0.20483,0.97297,-0.015238,123.87
0.18486,0.98086,-0.020724,123.88
0.17683,0.97691,-0.021526,123.88
0.1688,0.98086,-0.02217,123.89
0.16019,0.98876,-0.0035536,123.89
0.16042,0.98481,-0.011305,123.9
0.12472,0.99666,-0.029667,123.9
0.11257,0.98876,-0.027073,123.91
0.1167,0.98876,-0.030548,123.91
0.11659,0.98086,-0.026869,123.92
0.12863,0.98481,-0.025706,123.92
0.15733,0.97297,-0.042593,123.93
0.17695,0.97297,-0.025441,123.93
0.20106,0.96112,-0.023508,123.94
0.21264,0.96507,-0.0069997,123.94
0.22825,0.96112,0.0097126,123.95
0.22858,0.97691,-0.0014813,123.95
0.22009,0.97691,0.013141,123.96
0.2202,0.99271,0.0096198,123.96
0.20803,0.99666,0.012451,123.96
0.20056,1.0204,-0.0069814,123.97
0.2047,1.0125,-0.010614,123.97
0.20034,1.0085,0.00045495,123.98
0.20803,1.0046,0.012608,123.98
0.21617,1.0046,0.0094947,123.99
0.21997,0.98876,0.017214,123.99
0.21962,0.98876,0.028723,124
0.20379,0.98086,0.019447,124
0.21928,0.98086,0.040074,124.01
0.21126,0.96507,0.039036,124.01
0.20335,0.94532,0.034083,124.02
0.19509,0.94927,0.041111,124.02
0.18694,0.94927,0.044225,124.03
0.16697,0.95322,0.03866,124.03
0.17501,0.94137,0.039147,124.04
0.19934,0.94137,0.033643,124.04
0.19946,0.93347,0.029649,124.05
0.23525,0.94927,0.044726,124.05
0.23583,0.93742,0.025308,124.06
0.24398,0.94137,0.022274,124.06
0.24787,0.96112,0.026865,124.07
0.25588,0.99666,0.028297,124.07
0.26792,1.0046,0.029539,124.08
0.26505,1.0204,-0.0088705,124.08
0.26861,1.0125,0.0066786,124.09
0.28846,1.0125,0.016159,124.09
0.30934,1.0322,-0.0084944,124.1
0.32114,1.0519,0.00065646,124.1
0.33297,1.0441,0.0092559,124.11
0.32886,1.0085,0.012022,124.11
0.32049,0.98876,0.022414,124.12
0.31579,0.97297,0.044755,124.12
0.31568,0.96902,0.048513,124.13
0.31935,0.96507,0.060305,124.13
0.31465,0.96112,0.082882,124.14
0.32693,0.95717,0.076215,124.14
0.31501,0.94137,0.070979,124.15
0.31915,0.92558,0.067189,124.15
0.30251,0.92953,0.085004,124.16
0.30251,0.91768,0.084768,124.16
0.30275,0.89793,0.076701,124.17
0.32261,0.88214,0.085866,124.17
0.32629,0.87424,0.097579,124.17
0.31815,0.86239,0.10046,124.18
0.32595,0.86634,0.10893,124.18
0.31757,0.86239,0.11964,124.19
0.30541,0.85844,0.12231,124.19
0.33408,0.89398,0.10637,124.2
0.34575,0.95322,0.12014,124.2
0.34207,0.97297,0.10867,124.21
0.3339,1.0006,0.11233,124.21
0.35364,1.0006,0.12565,124.22
0.36203,0.98481,0.11455,124.22
0.35386,1.0085,0.11813,124.23
0.35363,1.0204,0.12604,124.23
0.35293,1.0283,0.14922,124.24
0.34112,1.0204,0.1403,124.24
0.34503,1.0085,0.14426,124.25
0.34514,1.0164,0.14059,124.25
0.34089,1.0164,0.1479,124.26
0.34089,1.0125,0.14782,124.26
0.32862,1.0046,0.15425,124.27
0.31601,0.98481,0.17195,124.27
0.29134,0.97297,0.18873,124.28
0.27091,0.97691,0.19851,124.28
0.26644,0.97297,0.21341,124.29
0.25828,0.98481,0.21676,124.29
0.23797,0.97691,0.22247,124.3
0.24543,0.98086,0.24245,124.3
0.22489,0.97297,0.25583,124.31
0.20929,0.96902,0.23896,124.31
0.19289,0.95322,0.24871,124.32
0.18452,0.93742,0.25918,124.32
0.18061,0.94532,0.25514,124.33
0.18475,0.93742,0.25151,124.33
0.1479,0.95322,0.27159,124.34
0.11932,0.96112,0.28456,124.34
0.14342,0.96507,0.28681,124.35
0.14777,0.98086,0.27598,124.35
0.13217,0.97691,0.25911,124.36
0.092469,0.97297,0.24007,124.36
0.10429,0.96902,0.24875,124.37
0.10441,0.96902,0.24491,124.37
0.12001,0.96902,0.2617,124.37
0.095687,0.96112,0.26705,124.38
0.095934,0.93347,0.25883,124.38
0.11992,0.92163,0.26459,124.39
0.11133,0.90583,0.28274,124.39
0.1679,0.90978,0.27637,124.4
0.15596,0.91768,0.2716,124.4
0.18122,0.90188,0.2351,124.41
0.22495,0.88214,0.25402,124.41
0.21658,0.86634,0.26449,124.42
0.21623,0.86634,0.276,124.42
0.22095,0.85449,0.25311,124.43
0.24126,0.85054,0.24717,124.43
0.26984,0.84264,0.23419,124.44
0.25801,0.85449,0.22567,124.44
0.28189,0.84264,0.23528,124.45
0.27753,0.84264,0.24643,124.45
0.28567,0.85449,0.24355,124.46
0.30161,0.87029,0.24915,124.46
0.31377,0.87819,0.24655,124.47
0.31342,0.87424,0.25798,124.47
0.30621,0.85844,0.23009,124.48
0.29818,0.84264,0.22905,124.48
0.31461,0.815,0.21844,124.49
0.29049,0.85054,0.21698,124.49
0.27901,0.86634,0.19703,124.5
0.23907,0.88214,0.18605,124.5
0.2471,0.87424,0.18662,124.51
0.22691,0.87029,0.18857,124.51
0.26719,0.86239,0.18819,124.52
0.279,0.87424,0.19718,124.52
0.29506,0.89398,0.19902,124.53
0.29506,0.89793,0.1991,124.53
0.3039,0.89398,0.17289,124.54
0.29964,0.90583,0.18044,124.54
0.31191,0.91768,0.17409,124.55
0.32821,0.91373,0.16778,124.55
0.34461,0.92953,0.15803,124.56
0.36114,0.93347,0.14421,124.56
0.35309,0.95717,0.14396,124.57
0.3649,0.96507,0.15288,124.57
0.36925,0.98876,0.1422,124.58
0.36522,1.0204,0.14247,124.58
0.38564,1.0204,0.13277,124.58
0.36613,1.0362,0.1121,124.59
0.35407,1.048,0.11125,124.59
0.34614,1.0717,0.10716,124.6
0.32192,1.0835,0.10906,124.6
0.30171,1.0993,0.11141,124.61
0.28929,1.1428,0.1227,124.61
0.27277,1.1428,0.1366,124.62
0.24651,1.1112,0.072058,124.62
0.22541,1.0875,0.1043,124.63
0.21316,1.0401,0.10995,124.63
0.22521,1.0322,0.11087,124.64
0.20147,1.0243,0.097039,124.64
0.19276,0.99666,0.11878,124.65
0.19713,0.98876,0.10748,124.65
0.21653,0.96507,0.13183,124.66
0.19703,0.95717,0.11068,124.66
0.19681,0.94532,0.11812,124.67
0.22056,0.94532,0.1318,124.67
0.21275,0.94927,0.12348,124.68
0.21711,0.95717,0.11249,124.68
0.19658,0.93742,0.12564,124.69
0.22445,0.95717,0.13623,124.69
0.22021,0.94532,0.14331,124.7
0.22916,0.95717,0.11358,124.7
0.22091,0.94137,0.12021,124.71
0.23628,0.94927,0.14483,124.71
0.21712,0.93347,0.11202,124.72
0.2261,0.89793,0.081342,124.72
0.23839,0.87424,0.074281,124.73
0.22612,0.86239,0.080633,124.73
0.23803,0.90188,0.086342,124.74
0.25442,0.93347,0.076909,124.74
0.26634,0.95322,0.082223,124.75
0.26266,0.96902,0.070668,124.75
0.27437,0.96112,0.083104,124.76
0.29055,0.96112,0.080713,124.76
0.29468,0.96902,0.077396,124.77
0.29456,0.98086,0.081469,124.77
0.2825,0.98876,0.080542,124.78
0.29043,0.98086,0.084944,124.78
0.28285,0.98481,0.068954,124.79
0.29067,0.96112,0.076877,124.79
0.29491,0.97297,0.069802,124.79
0.28675,0.98086,0.073073,124.8
0.28687,0.97297,0.069079,124.8
0.28711,0.96507,0.061249,124.81
0.29492,0.95717,0.069487,124.81
0.2948,0.96507,0.073481,124.82
0.28229,0.96507,0.087742,124.82
0.29456,0.96902,0.081232,124.83
0.28275,0.96507,0.072397,124.83
0.27472,0.95717,0.071516,124.84
0.28688,0.95717,0.068764,124.84
0.27852,0.93347,0.079078,124.85
0.26659,0.92953,0.074078,124.85
0.28288,0.92953,0.067851,124.86
0.27865,0.91373,0.074847,124.86
0.25454,0.93742,0.073151,124.87
0.23824,0.94532,0.079536,124.87
0.21449,0.94137,0.065779,124.88
0.20277,0.95322,0.053422,124.88
0.19853,0.94532,0.060576,124.89
0.19451,0.96112,0.060529,124.89
0.1944,0.95322,0.064208,124.9
0.20644,0.96507,0.065529,124.9
0.19897,0.97691,0.045861,124.91
0.19095,0.96507,0.044901,124.91
0.18244,0.98481,0.059917,124.92
0.18634,0.99271,0.064273,124.92
0.1907,0.99666,0.053204,124.93
0.20677,0.99271,0.054571,124.93
0.23109,1.0006,0.049225,124.94
0.23178,0.99666,0.026128,124.94
0.23637,1.0046,0.0074657,124.95
0.23982,0.99666,0.026851,124.95
0.24727,1.0006,0.046834,124.96
0.2351,1.0046,0.049665,124.96
0.22709,0.97297,0.048312,124.97
0.23089,0.95322,0.055952,124.97
0.24248,0.94927,0.072303,124.98
0.23421,0.95322,0.079332,124.98
0.22997,0.94927,0.086564,124.99
0.24282,0.94927,0.060794,124.99
0.23514,0.94137,0.048405,125
0.21874,0.93347,0.05831,125
0.23056,0.92558,0.06691,125
0.20315,0.89793,0.04081,125.01
0.20807,0.92953,0.011111,125.01
0.20381,0.95717,0.018974,125.02
0.19967,0.96902,0.022685,125.02
0.1844,0.98481,-0.0052998,125.03
0.16455,0.97691,-0.014937,125.03
0.17235,0.99271,-0.0062267,125.04
0.18048,1.0125,-0.0089462,125.04
0.21284,1.0243,-0.013491,125.05
0.189,0.96902,-0.024435,125.05
0.19691,0.97691,-0.019718,125.06
0.20469,1.0164,-0.010535,125.06
0.21341,1.0243,-0.032672,125.07
0.22144,1.0243,-0.031949,125.07
0.21697,1.0204,-0.017044,125.08
0.22914,1.0125,-0.019954,125.08
0.2452,1.0204,-0.01835,125.09
0.23728,1.0243,-0.022831,125.09
0.22548,0.99666,-0.032139,125.1
0.22525,0.99271,-0.024546,125.1
0.22124,0.98086,-0.025143,125.11
0.22549,0.98086,-0.032454,125.11
0.22491,0.98481,-0.013194,125.12
0.23282,0.98876,-0.0085561,125.12
0.24947,0.97691,-0.026528,125.13
0.24545,0.98876,-0.026653,125.13
0.24177,0.99271,-0.038445,125.14
0.24131,0.99666,-0.023021,125.14
0.22145,1.0085,-0.032265,125.15
0.20137,1.0164,-0.033914,125.15
0.20928,1.0204,-0.029276,125.16
0.21766,1.0283,-0.039905,125.16
0.21742,1.0362,-0.032075,125.17
0.19723,1.0283,-0.030203,125.17
0.1853,1.0204,-0.035281,125.18
0.18531,1.0085,-0.035518,125.18
0.20939,1.0362,-0.032798,125.19
0.24507,1.048,-0.013963,125.19
0.23727,1.0322,-0.022673,125.2
0.24153,1.0243,-0.030142,125.2
0.21778,1.0164,-0.043977,125.21
0.18956,1.0046,-0.042908,125.21
0.20115,0.99666,-0.026636,125.21
0.19289,0.98876,-0.019843,125.22
0.18475,0.98481,-0.016809,125.22
0.18842,0.98086,-0.0050171,125.23
0.20058,0.98086,-0.0077691,125.23
0.20047,0.98481,-0.003854,125.24
0.20437,0.97297,0.00010749,125.24
0.19611,0.97297,0.0070572,125.25
0.19576,0.98086,0.018724,125.25
0.18749,1.0006,0.026067,125.26
0.19977,1.0006,0.019479,125.26
0.20023,0.99271,0.0039762,125.27
0.20035,0.99271,0.00013987,125.27
0.18417,0.98876,0.0024516,125.28
0.18806,0.99666,0.0068069,125.28
0.1759,1.0006,0.0096376,125.29
0.16397,0.99271,0.0045593,125.29
0.15536,0.99666,0.023097,125.3
0.15157,0.99666,0.015063,125.3
0.14366,0.98086,0.010188,125.31
0.13528,0.98876,0.021132,125.31
0.13539,0.99271,0.017374,125.32
0.13964,1.0006,0.010221,125.32
0.1394,1.0085,0.018051,125.33
0.14319,0.99666,0.025849,125.33
0.13872,0.98481,0.040596,125.34
0.14666,0.96112,0.044683,125.34
0.19107,0.96112,0.040986,125.35
0.22721,0.96112,0.044239,125.35
0.25063,0.94927,0.06919,125.36
0.27049,0.93742,0.078433,125.36
0.29079,0.95717,0.072962,125.37
0.30708,0.95717,0.066735,125.37
0.31913,0.96112,0.067898,125.38
0.28229,0.96507,0.087742,125.38
0.27459,0.97691,0.075746,125.39
0.27047,0.96112,0.078906,125.39
0.27529,0.97297,0.05265,125.4
0.25534,0.94137,0.046376,125.4
0.25969,0.95322,0.035465,125.41
0.2279,0.96112,0.021222,125.41
0.19968,0.95717,0.022449,125.42
0.19968,0.95322,0.02237,125.42
0.19233,0.96507,-0.0011344,125.42
0.19588,0.97297,0.01473,125.43
0.20071,0.96902,-0.011842,125.43
0.21723,0.96507,-0.02582,125.44
0.20484,0.96112,-0.015474,125.44
0.22091,0.96112,-0.014028,125.45
0.23261,0.95717,-0.0015136,125.45
0.24076,0.96507,-0.0044695,125.46
0.25246,0.96902,0.0082026,125.46
0.27196,0.96902,0.029192,125.47
0.27999,0.97297,0.029993,125.47
0.29181,0.97297,0.03875,125.48
0.28344,0.96902,0.049457,125.48
0.28275,0.96507,0.072397,125.49
0.27059,0.96112,0.07507,125.49
0.25417,0.96902,0.08529,125.5
0.25038,0.97297,0.077335,125.5
0.22973,0.96902,0.094631,125.51
0.22158,0.96507,0.097665,125.51
0.22548,0.97297,0.10202,125.52
0.22559,0.97297,0.098184,125.52
0.22181,0.97297,0.09015,125.53
0.21423,0.98481,0.074318,125.53
0.22605,0.97691,0.082918,125.54
0.23831,1.0125,0.077038,125.54
0.23854,1.0085,0.069287,125.55
0.23488,1.0006,0.057259,125.55
0.25049,0.98876,0.073814,125.56
0.24304,0.96902,0.053515,125.56
0.23054,0.95717,0.06754,125.57
0.21023,0.95322,0.073327,125.57
0.21425,0.95322,0.073688,125.58
0.21425,0.95717,0.073767,125.58
0.21,0.95322,0.080999,125.59
0.19887,0.95322,0.049224,125.59
0.19451,0.95322,0.060372,125.6
0.18212,0.95717,0.070875,125.6
0.19805,0.98086,0.07663,125.61
0.1821,0.98481,0.071426,125.61
0.16603,0.98876,0.070059,125.62
0.16603,0.99271,0.070138,125.62
0.15432,1.0006,0.057702,125.62
0.16178,0.98876,0.07737,125.63
0.19424,1.0243,0.069462,125.63
0.17382,1.0046,0.07877,125.64
0.16959,0.98481,0.085687,125.64
0.16546,0.98086,0.089083,125.65
0.17372,0.98481,0.082212,125.65
0.18543,0.97691,0.094648,125.66
0.20196,0.97297,0.08067,125.66
0.19793,0.98876,0.080624,125.67
0.20252,0.99666,0.061961,125.67
0.21456,1.0125,0.063361,125.68
0.21813,0.98876,0.078595,125.68
0.21859,0.98481,0.063171,125.69
0.2101,0.97297,0.077557,125.69
0.20965,0.95717,0.092587,125.7
0.22193,0.96112,0.086077,125.7
0.22159,0.94532,0.097271,125.71
0.23399,0.94532,0.086847,125.71
0.25006,0.94137,0.088214,125.72
0.25017,0.94137,0.084378,125.72
0.2582,0.94137,0.0851,125.73
0.25064,0.92953,0.068796,125.73
0.26648,0.92163,0.077757,125.74
0.26658,0.93742,0.074236,125.74
0.29859,0.94532,0.081121,125.75
0.28632,0.94137,0.087631,125.75
0.28655,0.94137,0.079958,125.76
0.29021,0.95717,0.092144,125.76
0.27793,0.95717,0.098732,125.77
0.28264,0.95322,0.075997,125.77
0.27839,0.95717,0.083387,125.78
0.27047,0.95717,0.078827,125.78
0.25831,0.95717,0.081579,125.79
0.28631,0.95717,0.087946,125.79
0.29824,0.95322,0.092788,125.8
0.28677,0.95322,0.072522,125.8
0.28253,0.94137,0.079597,125.81
0.28218,0.95322,0.091342,125.81
0.29413,0.92953,0.09579,125.82
0.28632,0.94137,0.087631,125.82
0.2699,0.94927,0.097851,125.83
0.27001,0.96507,0.09433,125.83
0.26978,0.96902,0.10208,125.83
0.24189,0.97297,0.091957,125.84
0.22559,0.97691,0.098263,125.84
0.21389,0.97691,0.08567,125.85
0.20161,0.97691,0.092258,125.85
0.20976,0.97297,0.089066,125.86
0.18979,0.98481,0.083658,125.86
0.19369,0.98481,0.087856,125.87
0.1938,0.98086,0.083941,125.87
0.19345,0.98876,0.095607,125.88
0.16947,0.98876,0.089602,125.88
0.1775,0.99271,0.090404,125.89
0.17774,0.97297,0.082338,125.89
0.17808,0.98086,0.070986,125.9
0.20219,0.97297,0.072997,125.9
0.21401,0.96902,0.081676,125.91
0.20975,0.98481,0.089302,125.91
0.20562,0.98086,0.092698,125.92
0.21022,0.97691,0.073799,125.92
0.20207,0.97297,0.076834,125.93
0.19817,0.98086,0.072794,125.93
0.214,0.97691,0.081833,125.94
0.20975,0.98086,0.089223,125.94
0.22123,0.98086,0.10949,125.95
0.22915,0.98086,0.11405,125.95
0.22065,0.98876,0.12883,125.96
0.21675,0.98086,0.12447,125.96
0.22525,0.96902,0.10961,125.97
0.21332,0.96507,0.10461,125.97
0.18131,0.95322,0.09765,125.98
0.18902,0.92558,0.10933,125.98
0.18135,0.89003,0.09639,125.99
0.16091,0.90978,0.10649,125.99
0.16136,0.93347,0.091613,126
0.14951,0.98086,0.083801,126
0.16993,1.0006,0.074493,126.01
0.17383,0.98876,0.078455,126.01
0.16201,0.99666,0.069855,126.02
0.162,1.0085,0.070092,126.02
0.17807,1.0046,0.071459,126.03
0.17427,1.0243,0.063819,126.03
0.18173,1.0204,0.083644,126.04
0.19057,1.0125,0.057355,126.04
0.19826,1.0125,0.069587,126.04
0.1978,1.0164,0.085011,126.05
0.19402,1.0125,0.076899,126.05
0.21766,1.0046,0.094255,126.06
0.20539,0.98481,0.10045,126.06
0.20941,0.97691,0.10065,126.07
0.2101,0.97691,0.077635,126.07
0.20596,0.99271,0.081425,126.08
0.18209,1.0006,0.071742,126.08
0.18233,0.98086,0.063675,126.09
0.1821,0.98086,0.071348,126.09
0.16236,0.98481,0.05811,126.1
0.1867,0.97297,0.05237,126.1
0.17442,0.96507,0.058801,126.11
0.17087,0.96507,0.043094,126.11
0.17086,0.97297,0.043252,126.12
0.17006,0.96902,0.070027,126.12
0.16673,0.97297,0.046726,126.13
0.17021,0.90978,0.065009,126.13
0.16619,0.90978,0.064648,126.14
0.17351,0.94927,0.089176,126.14
0.18979,0.98481,0.083658,126.15
0.19001,0.99666,0.076222,126.15
0.16614,1.0006,0.066459,126.16
0.19104,0.99666,0.041695,126.16
0.207,0.99271,0.046899,126.17
0.20689,0.98481,0.050577,126.17
0.21102,0.98481,0.047102,126.18
0.21963,0.98481,0.028644,126.18
0.21974,0.98876,0.024886,126.19
0.22766,0.98876,0.029446,126.19
0.21894,0.98086,0.051583,126.2
0.23869,0.95717,0.064427,126.2
0.25877,0.95717,0.066234,126.21
0.23835,0.95322,0.075857,126.21
0.23858,0.95322,0.068184,126.22
0.24699,0.89793,0.056295,126.22
0.2589,0.92953,0.061846,126.23
0.24684,0.95322,0.061234,126.23
0.23878,0.98876,0.06122,126.24
0.21457,0.99271,0.062967,126.24
0.22283,0.99271,0.056017,126.25
0.23511,0.99271,0.049429,126.25
0.21905,0.98086,0.047747,126.25
0.22273,0.97691,0.059538,126.26
0.22273,0.96902,0.059381,126.26
0.22261,0.97691,0.063375,126.27
0.23868,0.97691,0.06482,126.27
0.22318,0.98481,0.044351,126.28
0.22272,0.98876,0.059775,126.28
0.21091,0.98086,0.05086,126.29
0.19909,0.97691,0.042024,126.29
0.19909,0.97297,0.041945,126.3
0.19909,0.97297,0.041945,126.3
0.1992,0.98086,0.038267,126.31
0.20735,0.97691,0.035075,126.31
0.20725,0.96112,0.038596,126.32
0.20679,0.96112,0.053941,126.32
0.2264,0.96507,0.071172,126.33
0.22286,0.95322,0.055229,126.33
0.21906,0.96112,0.047353,126.34
0.21505,0.95322,0.046834,126.34
0.2069,0.96112,0.050105,126.35
0.21069,0.96112,0.058139,126.35
0.19497,0.95717,0.045105,126.36
0.17832,0.96507,0.062998,126.36
0.17867,0.96902,0.051568,126.37
0.18705,0.95322,0.040467,126.37
0.18317,0.92558,0.035718,126.38
0.1828,0.96112,0.047936,126.38
0.17933,1.0085,0.029338,126.39
0.16669,1.0401,0.048065,126.39
0.18333,1.0401,0.03033,126.4
0.17955,1.0322,0.022138,126.4
0.20376,1.0401,0.020628,126.41
0.20778,1.0362,0.020911,126.41
0.19561,1.0441,0.02382,126.42
0.21995,1.0164,0.017765,126.42
0.23133,0.98086,0.041158,126.43
0.21929,0.97297,0.039916,126.43
0.23581,0.97297,0.026017,126.44
0.23972,0.96507,0.030057,126.44
0.2395,0.94927,0.037415,126.45
0.23171,0.92953,0.028625,126.45
0.23526,0.93742,0.04449,126.46
0.22758,0.92163,0.031943,126.46
0.24332,0.89793,0.044425,126.46
0.22655,0.91768,0.066391,126.47
0.22678,0.92163,0.058797,126.47
0.19442,0.91373,0.06342,126.48
0.1903,0.90188,0.066659,126.48
0.17055,0.91373,0.053579,126.49
0.16665,0.90978,0.049302,126.49
0.16251,0.92558,0.053092,126.5
0.17444,0.93347,0.058171,126.5
0.16629,0.93347,0.061284,126.51
0.14219,0.93742,0.059194,126.51
0.14231,0.93742,0.055358,126.52
0.15907,0.93347,0.033707,126.52
0.16731,0.96112,0.027308,126.53
0.14712,0.95717,0.029259,126.53
0.16755,0.95322,0.019478,126.54
0.17111,0.94532,0.035028,126.54
0.15458,0.95717,0.049163,126.55
0.17455,0.94927,0.054649,126.55
0.17856,0.94927,0.055011,126.56
0.20288,0.96112,0.049743,126.56
0.19921,0.96112,0.037873,126.57
0.21184,0.96112,0.019776,126.57
0.21208,0.93742,0.01163,126.58
0.22057,0.94137,-0.0029131,126.58
0.22848,0.96112,0.00204,126.59
0.22871,0.96507,-0.0055539,126.59
0.23583,0.95322,0.025623,126.6
0.21587,0.93742,0.019665,126.6
0.20739,0.91373,0.033814,126.61
0.21197,0.92558,0.01523,126.61
0.20384,0.90583,0.01795,126.62
0.2237,0.89398,0.027194,126.62
0.21142,0.89003,0.033703,126.63
0.20306,0.86239,0.043938,126.63
0.19516,0.8308,0.038748,126.64
0.18678,0.8387,0.049692,126.64
0.19114,0.8308,0.038387,126.65
0.1908,0.83475,0.049975,126.65
0.20296,0.8308,0.047144,126.66
0.21147,0.8071,0.032049,126.66
0.21124,0.7992,0.039564,126.67
0.21906,0.77156,0.047408,126.67
0.23995,0.77551,0.02244,126.67
0.24341,0.74787,0.041432,126.68
0.23584,0.73602,0.025127,126.68
0.24043,0.73207,0.0062284,126.69
0.24894,0.71232,-0.0087878,126.69
0.24459,0.68863,0.001887,126.7
0.24035,0.68468,0.0091194,126.7
0.22005,0.65309,0.014355,126.71
0.21145,0.64519,0.032656,126.71
0.18702,0.62149,0.041523,126.72
0.1666,0.60965,0.050988,126.72
0.16236,0.60965,0.0583,126.73
0.15021,0.58595,0.060579,126.73
0.12681,0.5741,0.035156,126.74
0.13886,0.56226,0.036004,126.74
0.1476,0.54646,0.013394,126.75
0.17617,0.54251,0.00050026,126.75
0.17215,0.54646,0.00021756,126.76
0.17594,0.54251,0.0081729,126.76
0.20005,0.51882,0.0098691,126.77
0.21176,0.50697,0.022226,126.77
0.19984,0.49907,0.017148,126.78
0.19251,0.47143,-0.0071444,126.78
0.2048,0.45563,-0.014048,126.79
0.21238,0.43194,0.0015479,126.79
0.21677,0.39639,-0.010309,126.8
0.21964,0.38455,0.02818,126.8
0.23125,0.35295,0.043979,126.81
0.21911,0.30556,0.045786,126.81
0.21878,0.28582,0.056901,126.82
0.19894,0.26607,0.047027,126.82
0.20687,0.24238,0.051114,126.83
0.1946,0.22263,0.057308,126.83
0.18623,0.22263,0.068094,126.84
0.19002,0.20684,0.075813,126.84
0.19783,0.19894,0.084051,126.85
0.20506,0.19894,0.11163,126.85
0.1923,0.21868,0.13396,126.86
0.17691,0.24633,0.11004,126.86
0.15751,0.27397,0.08577,126.87
0.11839,0.25817,0.047313,126.87
0.078237,0.23843,0.043304,126.87
0.082382,0.21473,0.039357,126.88
0.074578,0.21868,0.03104,126.88
0.078016,0.22263,0.050662,126.89
0.065965,0.22658,0.049656,126.89
0.031981,0.24633,0.10854,126.9
0.031509,0.26607,0.12428,126.9
-0.0095746,0.26607,0.15135,126.91
-0.038046,0.28582,0.16073,126.91
-0.048953,0.30161,0.12159,126.92
-0.067771,0.30556,0.077667,126.92
-0.077988,0.32136,0.015516,126.93
-0.082138,0.35295,0.019621,126.93
-0.086866,0.3885,0.042987,126.94
-0.059457,0.41219,0.069007,126.94
-0.040207,0.45563,0.098535,126.95
-0.040804,0.49117,0.11843,126.95
-0.045172,0.50302,0.12981,126.96
-0.070188,0.49907,0.15825,126.96
-0.12641,0.49512,0.15311,126.97
-0.14258,0.47933,0.15519,126.97
-0.17173,0.46353,0.18687,126.98
-0.21281,0.47143,0.2141,126.98
-0.2407,0.48327,0.20414,126.99
-0.22018,0.51092,0.19115,126.99
-0.20376,0.50302,0.18093,127
-0.18828,0.50697,0.20164,127
-0.16215,0.55436,0.27033,127.01
-0.10267,0.67678,0.30121,127.01
-0.06168,0.8387,0.27736,127.02
-0.049937,0.98481,0.1544,127.02
-0.051169,1.1388,0.061206,127.03
-0.053518,1.2376,0.0052691,127.03
-0.063042,1.2297,0.054261,127.04
-0.088264,1.1862,0.089589,127.04
-0.16749,1.0598,0.17994,127.05
-0.22238,0.91768,0.26448,127.05
-0.28233,0.815,0.24934,127.06
-0.29696,0.72022,0.19997,127.06
-0.27707,0.64914,0.20803,127.07
-0.20602,0.62149,0.25618,127.07
-0.16585,0.60175,0.2594,127.08
-0.13097,0.62939,0.17078,127.08
-0.088372,0.5978,0.093197,127.08
-0.051706,0.49907,0.079136,127.09
0.0023963,0.39639,0.15504,127.09
0.05314,0.349,0.20866,127.1
0.10543,0.3885,0.34495,127.1
0.10367,0.44773,0.40367,127.11
0.018111,0.55831,0.43665,127.11
-0.28761,0.77156,0.55957,127.12
-0.49085,0.94927,0.7564,127.12
-0.41864,1.2218,1.1684,127.13
-0.17827,1.5653,1.8816,127.13
-0.43634,2.371,2.8323,127.14
-1.2277,3.8637,3.8411,127.14
-2.4073,5.242,4.5011,127.15
-3.7451,4.5746,3.9903,127.15
-4.8784,3.5991,2.7033,127.16
-6.2145,4.227,1.5993,127.16
-6.5893,5.0722,1.0709,127.17
-6.4867,5.1195,0.06554,127.17
-6.1129,4.0888,-0.44459,127.18
-4.3954,3.5557,-0.3776,127.18
-2.2864,2.7264,-0.20054,127.19
-0.69245,2.0037,-0.040759,127.19
0.13852,1.3323,0.047528,127.2
0.49098,0.8387,0.11169,127.2
0.48609,0.349,0.27456,127.21
0.36632,-0.097247,0.3741,127.21
0.27068,-0.62643,0.60879,127.22
0.34628,-1.207,0.90787,127.22
0.59079,-1.7717,1.0801,127.23
0.95832,-2.1113,1.0449,127.23
1.2346,-2.0916,0.96244,127.24
0.91315,-1.5703,0.80545,127.24
0.23353,-0.49611,0.77346,127.25
-0.10655,-0.010366,0.83335,127.25
-0.54525,0.5741,0.82479,127.26
-0.61228,0.62939,0.64291,127.26
-0.7136,0.6057,0.66409,127.27
-0.8991,0.52277,0.67267,127.27
-1.0745,0.3806,0.61173,127.28
-1.1493,0.23843,0.55599,127.28
-1.1482,0.17919,0.52028,127.29
-1.1127,0.23448,0.54382,127.29
-1.0731,0.3727,0.56553,127.29
-1.0098,0.50697,0.47005,127.3
-0.97344,0.56226,0.19747,127.3
-0.98796,0.70837,-0.12403,127.31
-1.0615,0.76366,-0.22187,127.31
-1.0796,0.64519,-0.15663,127.32
-1.1459,0.29767,0.17281,127.32
-1.3035,-0.053807,0.59397,127.33
-1.5535,-0.3026,0.73959,127.33
-1.8435,-0.38948,0.60789,127.34
-2.1216,-0.5277,0.61472,127.34
-2.3644,-0.5514,0.38467,127.35
-2.4051,-0.48426,0.13231,127.35
-2.593,-0.46846,0.084949,127.36
-2.5198,-0.53165,0.32877,127.36
-2.1811,-0.63433,0.44952,127.37
-1.7599,-0.66592,0.23676,127.37
-1.3375,-0.63038,-0.016862,127.38
-0.98077,-0.57509,-0.095203,127.38
-0.8167,-0.53955,-0.060493,127.39
-0.58412,-0.5198,0.10701,127.39
-0.44804,-0.5198,0.26928,127.4
-0.36331,-0.63828,0.53226,127.4
-0.29022,-0.83573,0.64644,127.41
-0.28415,-0.9937,0.57843,127.41
-0.33792,-1.0608,0.49147,127.42
-0.41764,-1.1082,0.46412,127.42
-0.47813,-1.0924,0.46668,127.43
-0.44315,-1.0648,0.50885,127.43
-0.37133,-1.0332,0.53133,127.44
-0.29424,-1.0055,0.5119,127.44
-0.20394,-0.98185,0.4551,127.45
-0.13742,-0.91077,0.38558,127.45
-0.099973,-0.7686,0.34563,127.46
-0.079579,-0.71331,0.33703,127.46
-0.11453,-0.60274,0.29379,127.47
-0.18565,-0.43687,0.24839,127.47
-0.2622,-0.23942,0.2493,127.48
-0.3362,-0.077502,0.29973,127.48
-0.38629,0.0093792,0.3585,127.49
-0.42107,0.029125,0.44424,127.49
-0.46307,0.021227,0.50185,127.5
-0.50817,0.017277,0.52849,127.5
-0.5683,0.0093792,0.51907,127.5
-0.60548,0.0093792,0.55034,127.51
-0.5817,-0.034061,0.56315,127.51
-0.56284,-0.1012,0.60582,127.52
-0.57988,-0.21177,0.6367,127.52
-0.60441,-0.25126,0.64909,127.53
-0.63788,-0.32235,0.69081,127.53
-0.69489,-0.36974,0.71166,127.54
-0.77599,-0.42502,0.73018,127.54
-0.88796,-0.46846,0.70385,127.55
-0.92765,-0.48821,0.6845,127.55
-1.0236,-0.50006,0.66024,127.56
-1.1062,-0.46846,0.59573,127.56
-1.2121,-0.42108,0.50252,127.57
-1.2735,-0.34999,0.39841,127.57
-1.2552,-0.26706,0.32862,127.58
-1.1997,-0.20387,0.35796,127.58
-1.1055,-0.14464,0.43687,127.59
-1.0531,-0.11699,0.56908,127.59
-1.0386,-0.10909,0.62439,127.6
-1.018,-0.16438,0.74438,127.6
-1.0197,-0.21967,0.80083,127.61
-1.0117,-0.21967,0.80155,127.61
-1.0134,-0.16833,0.72549,127.62
-1.0191,-0.1012,0.64554,127.62
-0.9971,-0.041959,0.58331,127.63
-0.9574,-0.03801,0.60235,127.63
-0.89553,-0.057756,0.55367,127.64
-0.85813,-0.045909,0.51496,127.64
-0.82095,-0.030112,0.484,127.65
-0.75854,-0.0064173,0.41701,127.65
-0.71667,0.029125,0.36378,127.66
-0.69179,0.072565,0.33997,127.66
-0.69148,0.1318,0.32964,127.67
-0.63952,0.1634,0.34264,127.67
-0.63161,0.17919,0.34751,127.68
-0.65596,0.21078,0.35365,127.68
-0.67648,0.17919,0.36656,127.69
-0.70075,0.088362,0.37025,127.69
-0.72436,0.033074,0.35163,127.7
-0.77002,0.00543,0.39698,127.7
-0.77461,0.013328,0.41595,127.71
-0.80446,0.029125,0.47128,127.71
-0.86608,0.017277,0.51166,127.71
-0.92312,0.029125,0.53369,127.72
-0.95572,0.033074,0.54622,127.72
-0.97878,0.040972,0.50968,127.73
-1.03,0.04887,0.47062,127.73
-1.0495,0.04887,0.44963,127.74
-1.0772,0.04887,0.43559,127.74
-1.0891,0.040972,0.42667,127.75
-1.1093,0.04887,0.42886,127.75
-1.1134,0.029125,0.43194,127.76
-1.0975,0.00543,0.44059,127.76
-1.0648,-0.0024682,0.42414,127.77
-1.0362,-0.034061,0.41069,127.77
-0.99227,-0.041959,0.42219,127.78
-0.93533,-0.077502,0.40352,127.78
-0.88322,-0.093298,0.41174,127.79
-0.82745,-0.1012,0.43199,127.79
-0.79073,-0.0854,0.41637,127.8
-0.74691,-0.061705,0.43233,127.8
-0.73476,-0.049858,0.42982,127.81
-0.7109,-0.034061,0.43997,127.81
-0.7116,-0.018265,0.46331,127.82
-0.70771,0.00543,0.46798,127.82
-0.72011,0.0093792,0.47848,127.83
-0.73699,0.029125,0.50428,127.83
-0.74973,0.033074,0.52629,127.84
-0.77739,0.029125,0.50834,127.84
-0.84233,0.025176,0.5255,127.85
-0.90673,0.056769,0.52418,127.85
-0.96206,0.09626,0.48922,127.86
-0.96973,0.072565,0.47651,127.86
-0.96534,0.025176,0.46442,127.87
-0.97416,-0.0064173,0.48992,127.87
-0.96566,-0.018265,0.47506,127.88
-0.95349,-0.026163,0.47215,127.88
-0.93811,-0.041959,0.4963,127.89
-0.92261,-0.065654,0.51645,127.89
-0.90229,-0.069603,0.51051,127.9
-0.88208,-0.1012,0.50785,127.9
-0.88173,-0.10515,0.49626,127.91
-0.86406,-0.089349,0.44432,127.91
-0.87451,-0.065654,0.39,127.92
-0.89759,-0.045909,0.35369,127.92
-0.89336,-0.014316,0.34701,127.92
-0.899,0.0093792,0.40083,127.93
-0.89396,0.0014809,0.50114,127.93
-0.8904,-0.0064173,0.51669,127.94
-0.91931,-0.022214,0.5407,127.94
-0.92687,-0.030112,0.52447,127.95
-0.96301,-0.03801,0.52106,127.95
-0.97816,-0.030112,0.48908,127.96
-0.98161,-0.014316,0.46986,127.96
-0.95315,-0.026163,0.46064,127.97
-0.93708,-0.030112,0.46201,127.97
-0.91757,-0.034061,0.48292,127.98
-0.90128,-0.034061,0.47669,127.98
-0.90425,-0.049858,0.44149,127.99
-0.91147,-0.061705,0.41368,127.99
-0.89575,-0.061705,0.42663,128
-0.88004,-0.045909,0.4399,128
-0.87694,-0.045909,0.47095,128.01
-0.86524,-0.045909,0.48355,128.01
-0.84126,-0.041959,0.48963,128.02
-0.82521,-0.014316,0.49163,128.02
-0.80801,0.021227,0.45542,128.03
-0.81123,0.029125,0.42836,128.03
-0.81112,0.044921,0.42484,128.04
-0.82812,0.060718,0.4544,128.04
-0.86059,0.05282,0.46286,128.05
-0.87724,0.064667,0.48083,128.05
-0.92209,0.040972,0.4994,128.06
-0.94228,0.029125,0.50119,128.06
-0.95365,0.044921,0.47741,128.07
-0.97661,0.068616,0.43735,128.07
-0.97569,0.072565,0.40673,128.08
-0.9726,0.080463,0.43794,128.08
-0.92969,0.084413,0.4842,128.09
-0.8738,0.064667,0.50037,128.09
-0.8148,0.029125,0.54729,128.1
-0.76649,0.029125,0.54779,128.1
-0.73618,0.025176,0.47735,128.11
-0.75834,0.05282,0.41051,128.11
-0.77728,0.060718,0.3705,128.12
-0.80149,0.05282,0.37201,128.12
-0.79516,0.025176,0.42973,128.12
-0.79689,0.021227,0.48719,128.13
-0.79746,0.017277,0.5063,128.13
-0.82133,0.017277,0.49645,128.14
-0.86149,0.017277,0.49284,128.14
-0.89317,0.040972,0.47508,128.15
-0.9774,0.040972,0.46365,128.15
-0.97808,0.029125,0.48643,128.16
-1.0128,0.00543,0.5713,128.16
-1.0353,-0.010366,0.64974,128.17
-1.0429,-0.041959,0.63304,128.17
-1.0323,-0.03801,0.54945,128.18
-1.0335,-0.034061,0.45326,128.18
-1.0196,-0.022214,0.39319,128.19
-0.99481,-0.0064173,0.37266,128.19
-0.9551,-0.0064173,0.39162,128.2
-0.92688,-0.0024682,0.39039,128.2
-0.91943,0.013328,0.41061,128.21
-0.89443,0.040972,0.38264,128.21
-0.87413,0.060718,0.37717,128.22
-0.84616,0.10416,0.3844,128.22
-0.82643,0.11995,0.39804,128.23
-0.77123,0.11601,0.43754,128.23
-0.71752,0.092311,0.52653,128.24
-0.68756,0.060718,0.60168,128.24
-0.70545,0.037023,0.66115,128.25
-0.74079,0.037023,0.63104,128.25
-0.77914,0.072565,0.56675,128.26
-0.82611,0.14365,0.52163,128.26
-0.88225,0.19499,0.51376,128.27
-0.90281,0.21868,0.52777,128.27
-0.95619,0.24633,0.56199,128.28
-0.96032,0.24238,0.56538,128.28
-0.96296,0.25817,0.5193,128.29
-0.94827,0.27002,0.43238,128.29
-0.92625,0.30161,0.3696,128.3
-0.86983,0.37665,0.23386,128.3
-0.83831,0.43983,0.25719,128.31
-0.82147,0.46748,0.36697,128.31
-0.8248,0.44773,0.47783,128.32
-0.83465,0.41614,0.53785,128.32
-0.77725,0.38455,0.50392,128.33
-0.74243,0.30951,0.41708,128.33
-0.72236,0.33321,0.41936,128.33
-0.73172,0.43194,0.46281,128.34
-0.73823,0.5741,0.41121,128.34
-0.70672,0.67283,0.30062,128.35
-0.68766,0.67283,0.20232,128.35
-0.72343,0.62544,0.18661,128.36
-0.74764,0.60965,0.18797,128.36
-0.80591,0.56621,0.25109,128.37
-0.81268,0.54646,0.34241,128.37
-0.71707,0.50302,0.37707,128.38
-0.6001,0.43983,0.37095,128.38
-0.49507,0.3885,0.36014,128.39
-0.44697,0.35295,0.36761,128.39
-0.4597,0.34505,0.38938,128.4
-0.46486,0.32531,0.42699,128.4
-0.50569,0.29372,0.44576,128.41
-0.52679,0.25817,0.47777,128.41
-0.56351,0.26212,0.49378,128.42
-0.60036,0.27792,0.51386,128.42
-0.66061,0.28977,0.50868,128.43
-0.68068,0.27792,0.50663,128.43
-0.73268,0.30161,0.49473,128.44
-0.80556,0.32531,0.50788,128.44
-0.8501,0.34111,0.51573,128.45
-0.88924,0.3648,0.47806,128.45
-0.92896,0.39639,0.45973,128.46
-0.94067,0.41614,0.44753,128.46
-0.961,0.43588,0.45379,128.47
-0.96206,0.48327,0.48926,128.47
-0.95792,0.47143,0.48555,128.48
-0.93083,0.44773,0.52214,128.48
-0.91878,0.44773,0.52322,128.49
-0.86691,0.43983,0.53927,128.49
-0.85072,0.43194,0.53672,128.5
-0.83763,0.41219,0.50289,128.5
-0.83785,0.40034,0.51032,128.51
-0.83268,0.39639,0.47224,128.51
-0.82844,0.39639,0.46493,128.52
-0.79999,0.42009,0.45642,128.52
-0.7968,0.44773,0.48419,128.53
-0.80942,0.45168,0.50237,128.53
-0.80196,0.43588,0.52196,128.54
-0.76603,0.42009,0.53257,128.54
-0.72113,0.37665,0.51266,128.54
-0.66855,0.33321,0.50498,128.55
-0.64455,0.30161,0.51036,128.55
-0.62433,0.27002,0.5077,128.56
-0.66506,0.25028,0.52287,128.56
-0.68077,0.23448,0.5096,128.57
-0.69729,0.22263,0.52327,128.57
-0.72127,0.21078,0.51702,128.58
-0.74181,0.21078,0.53056,128.58
-0.75765,0.21868,0.5216,128.59
-0.77797,0.23053,0.5277,128.59
-0.8062,0.24633,0.52932,128.6
-0.83421,0.25422,0.52311,128.6
-0.83066,0.27002,0.53914,128.61
-0.87036,0.27002,0.52018,128.61
-0.90248,0.25028,0.51689,128.62
-0.91487,0.24238,0.52716,128.62
-0.90672,0.23843,0.52397,128.63
-0.90154,0.21473,0.48549,128.63
-0.88088,0.21473,0.46812,128.64
-0.87274,0.22658,0.46524,128.64
-0.85587,0.22263,0.43975,128.65
-0.83567,0.21868,0.43765,128.65
-0.8266,0.21868,0.40384,128.66
-0.81571,0.23448,0.4436,128.66
-0.82362,0.22263,0.43881,128.67
-0.83521,0.21078,0.42214,128.67
-0.81937,0.21078,0.43126,128.68
-0.82385,0.21473,0.44632,128.68
-0.81983,0.21473,0.44668,128.69
-0.81182,0.23843,0.44788,128.69
-0.79516,0.21868,0.42975,128.7
-0.80757,0.23448,0.44049,128.7
-0.7954,0.22658,0.43758,128.71
-0.79976,0.23053,0.44881,128.71
-0.81194,0.25817,0.45211,128.72
-0.81193,0.23053,0.45156,128.72
-0.82879,0.21868,0.47673,128.73
-0.85404,0.22263,0.513,128.73
-0.86217,0.19499,0.51557,128.74
-0.8655,0.19894,0.49227,128.74
-0.85724,0.21078,0.48555,128.75
-0.85703,0.23053,0.47827,128.75
-0.84532,0.21868,0.49063,128.75
-0.85267,0.23448,0.4672,128.76
-0.87665,0.23053,0.46112,128.76
-0.86449,0.23843,0.45853,128.77
-0.8522,0.23053,0.45178,128.77
-0.85232,0.23448,0.4557,128.78
-0.85657,0.23448,0.46301,128.78
-0.85669,0.23843,0.46692,128.79
-0.84429,0.24238,0.45658,128.79
-0.83695,0.23448,0.48016,128.8
-0.82456,0.25422,0.47013,128.8
-0.81619,0.26212,0.4595,128.81
-0.82424,0.28187,0.45917,128.81
-0.80818,0.28977,0.46077,128.82
-0.81264,0.27792,0.47552,128.82
-0.82446,0.27397,0.46669,128.83
-0.82492,0.27397,0.48203,128.83
-0.84122,0.27397,0.48826,128.84
-0.8535,0.27397,0.49485,128.84
-0.84914,0.28187,0.48386,128.85
-0.86108,0.28582,0.47901,128.85
-0.86131,0.29372,0.48685,128.86
-0.88162,0.28977,0.49263,128.86
-0.85741,0.28977,0.49096,128.87
-0.85752,0.28582,0.49472,128.87
-0.83284,0.27792,0.47755,128.88
-0.81253,0.28582,0.47184,128.88
-0.78868,0.30556,0.48208,128.89
-0.77639,0.29372,0.47525,128.89
-0.77226,0.29372,0.47178,128.9
-0.76456,0.27792,0.4837,128.9
-0.75252,0.27792,0.48478,128.91
-0.75711,0.28187,0.50368,128.91
-0.75687,0.27397,0.49585,128.92
-0.74861,0.27002,0.48882,128.92
-0.74092,0.26212,0.5009,128.93
-0.75331,0.26607,0.5114,128.93
-0.75745,0.27397,0.51503,128.94
-0.76547,0.25422,0.51391,128.94
-0.77384,0.24633,0.52454,128.95
-0.77763,0.24238,0.51643,128.95
-0.80586,0.25422,0.51797,128.96
-0.80631,0.23843,0.533,128.96
-0.8101,0.23843,0.52497,128.96
-0.80987,0.23053,0.51714,128.97
-0.80173,0.24238,0.51426,128.97
-0.80207,0.23448,0.52561,128.98
-0.80952,0.23053,0.50563,128.98
-0.80574,0.23448,0.51374,128.99
-0.78934,0.25028,0.50399,128.99
-0.79323,0.24633,0.49972,129
-0.79001,0.23053,0.52662,129
-0.78577,0.23843,0.51946,129.01
-0.80952,0.22263,0.50547,129.01
-0.7891,0.23843,0.49608,129.02
-0.79289,0.25028,0.48829,129.02
-0.78876,0.25028,0.48481,129.03
-0.79702,0.23843,0.49153,129.03
-0.7891,0.23448,0.49601,129.04
-0.79723,0.21473,0.49873,129.04
-0.8017,0.20289,0.51347,129.05
-0.81353,0.21473,0.50495,129.05
-0.80125,0.21473,0.49836,129.06
-0.79723,0.21473,0.49873,129.06
-0.80528,0.23843,0.49848,129.07
-0.81332,0.25422,0.49807,129.07
-0.78898,0.22658,0.49201,129.08
-0.79345,0.22658,0.507,129.08
-0.77727,0.21473,0.50437,129.09
-0.78909,0.21868,0.49569,129.09
-0.80962,0.20684,0.50899,129.1
-0.81777,0.21078,0.51218,129.1
-0.83005,0.21473,0.51885,129.11
-0.8133,0.21078,0.4972,129.11
-0.81331,0.23053,0.49759,129.12
-0.82145,0.23053,0.50071,129.12
-0.82134,0.23843,0.49703,129.13
-0.81745,0.24238,0.50131,129.13
-0.82112,0.24238,0.48944,129.14
-0.83305,0.23843,0.48444,129.14
-0.82915,0.24633,0.48879,129.15
-0.83753,0.24238,0.4995,129.15
-0.82947,0.20684,0.49951,129.16
-0.83706,0.22658,0.48384,129.16
-0.83695,0.24238,0.48032,129.17
-0.84061,0.22658,0.46813,129.17
-0.84887,0.21868,0.47492,129.17
-0.83246,0.22263,0.46494,129.18
-0.83293,0.23053,0.48044,129.18
-0.84487,0.24238,0.47576,129.19
-0.83305,0.23448,0.48436,129.19
-0.83259,0.25028,0.46933,129.2
-0.81664,0.24238,0.47445,129.2
-0.8365,0.25422,0.46521,129.21
-0.84051,0.25028,0.46477,129.21
-0.82869,0.24238,0.47337,129.22
-0.8249,0.24238,0.4814,129.22
-0.82846,0.24633,0.46577,129.23
-0.82858,0.25028,0.46969,129.23
-0.82467,0.23843,0.47365,129.24
-0.82066,0.25028,0.47425,129.24
-0.82513,0.23843,0.489,129.25
-0.84521,0.23448,0.48711,129.25
-0.82891,0.22658,0.48073,129.26
-0.8327,0.23053,0.47277,129.26
-0.82892,0.25028,0.4812,129.27
-0.82468,0.25028,0.47389,129.27
-0.8288,0.23843,0.47713,129.28
-0.82066,0.25028,0.47425,129.28
-0.83604,0.26212,0.45002,129.29
-0.83628,0.27002,0.45785,129.29
-0.817,0.26607,0.48643,129.3
-0.81666,0.27397,0.47508,129.3
-0.82102,0.27002,0.48615,129.31
-0.83272,0.26607,0.47348,129.31
-0.82078,0.25028,0.47808,129.32
-0.82078,0.25422,0.47816,129.32
-0.81287,0.26212,0.48288,129.33
-0.80069,0.25028,0.47989,129.33
-0.80861,0.25028,0.47533,129.34
-0.80895,0.24633,0.48676,129.34
-0.81298,0.25422,0.48656,129.35
-0.80483,0.25817,0.48352,129.35
-0.80884,0.25028,0.48301,129.36
-0.82514,0.24633,0.48915,129.36
-0.8373,0.25422,0.49206,129.37
-0.84901,0.25422,0.47947,129.37
-0.83674,0.26607,0.47312,129.37
-0.8248,0.26607,0.47804,129.38
-0.82423,0.27002,0.45894,129.38
-0.84086,0.25422,0.47636,129.39
-0.8404,0.25028,0.46093,129.39
-0.81228,0.24238,0.4633,129.4
-0.82421,0.24238,0.45838,129.4
-0.84097,0.25028,0.48011,129.41
-0.85267,0.24633,0.46744,129.41
-0.8365,0.25817,0.46529,129.42
-0.82056,0.26607,0.47073,129.42
-0.8007,0.26607,0.48021,129.43
-0.80896,0.25422,0.48692,129.43
-0.80482,0.23448,0.48305,129.44
-0.7969,0.24238,0.48777,129.44
-0.7806,0.22263,0.48115,129.45
-0.80814,0.22263,0.45944,129.45
-0.80837,0.23448,0.46734,129.46
-0.81664,0.24633,0.47453,129.46
-0.80906,0.23053,0.49028,129.47
-0.81699,0.24633,0.48604,129.47
-0.82479,0.24633,0.47764,129.48
-0.84452,0.23448,0.46409,129.48
-0.82467,0.23843,0.47365,129.49
-0.82869,0.24238,0.47337,129.49
-0.82892,0.24238,0.48104,129.5
-0.83282,0.25028,0.477,129.5
-0.83718,0.24238,0.48799,129.51
-0.84498,0.24238,0.47959,129.51
-0.83706,0.23448,0.484,129.52
-0.84085,0.24238,0.47612,129.52
-0.81675,0.23843,0.47821,129.53
-0.82858,0.24633,0.46961,129.53
-0.82903,0.24238,0.48488,129.54
-0.81699,0.24633,0.48604,129.54
-0.81665,0.25422,0.47469,129.55
-0.8163,0.24633,0.46302,129.55
-0.82468,0.25028,0.47389,129.56
-0.81652,0.23843,0.47054,129.56
-0.82904,0.25028,0.48503,129.57
-0.82891,0.23448,0.48088,129.57
-0.82054,0.24238,0.47025,129.58
-0.82881,0.24633,0.47728,129.58
-0.82032,0.25817,0.4629,129.58
-0.83249,0.26212,0.46573,129.59
-0.83306,0.26212,0.48491,129.59
-0.83696,0.25028,0.48047,129.6
-0.83295,0.27002,0.48123,129.6
-0.80862,0.26212,0.47557,129.61
-0.82102,0.27397,0.48623,129.61
-0.82446,0.27397,0.46669,129.62
-0.82067,0.26607,0.47456,129.62
-0.82446,0.27002,0.46661,129.63
-0.83227,0.27792,0.45837,129.63
-0.82434,0.26212,0.46261,129.64
-0.82422,0.26212,0.45878,129.64
-0.83237,0.26607,0.46197,129.65
-0.83238,0.27002,0.46205,129.65
-0.8123,0.27792,0.46401,129.66
-0.81653,0.25422,0.47085,129.66
-0.83283,0.25422,0.47708,129.67
-0.82444,0.24633,0.46614,129.67
-0.80872,0.24633,0.47909,129.68
-0.81641,0.24633,0.46686,129.68
-0.81699,0.25028,0.48612,129.69
-0.81228,0.24238,0.4633,129.69
-0.81641,0.25028,0.46694,129.7
-0.82056,0.26607,0.47073,129.7
-0.81665,0.25817,0.47477,129.71
-0.8287,0.25422,0.4736,129.71
-0.82457,0.25817,0.47021,129.72
-0.83237,0.25422,0.46173,129.72
-0.83271,0.24633,0.47308,129.73
-0.83696,0.25817,0.48063,129.73
-0.84476,0.25028,0.47208,129.74
-0.83225,0.25817,0.45798,129.74
-0.83627,0.26212,0.45769,129.75
-0.84867,0.26212,0.46812,129.75
-0.84442,0.25422,0.46065,129.76
-0.84074,0.25028,0.47244,129.76
-0.85268,0.25028,0.46752,129.77
-0.83638,0.25422,0.46137,129.77
-0.82411,0.25817,0.45486,129.78
-0.82514,0.26212,0.48947,129.78
-0.82892,0.24633,0.48112,129.79
-0.82055,0.25028,0.47041,129.79
-0.82468,0.25028,0.47389,129.79
-0.8125,0.23053,0.47074,129.8
-0.82043,0.25028,0.46658,129.8
-0.82444,0.24633,0.46614,129.81
-0.8163,0.24633,0.46302,129.81
-0.82421,0.24238,0.45838,129.82
-0.83235,0.23053,0.46126,129.82
-0.83637,0.23448,0.46098,129.83
-0.8327,0.23843,0.47293,129.83
-0.83282,0.24238,0.47684,129.84
-0.83224,0.23448,0.4575,129.84
-0.83201,0.24238,0.44999,129.85
-0.82845,0.23448,0.46554,129.85
-0.82432,0.23843,0.46214,129.86
-0.82858,0.24633,0.46961,129.86
-0.82845,0.23448,0.46554,129.87
-0.82822,0.23448,0.45786,129.87
-0.82444,0.24633,0.46614,129.88
-0.83649,0.24633,0.46505,129.88
-0.82456,0.24238,0.46989,129.89
-0.83683,0.22658,0.47617,129.89
-0.82502,0.24633,0.48532,129.9
-0.82135,0.24238,0.49711,129.9
-0.82547,0.23053,0.50035,129.91
-0.84543,0.22658,0.49462,129.91
-0.82925,0.22263,0.49216,129.92
-0.82455,0.23448,0.46974,129.92
-0.84086,0.25422,0.47636,129.93
-0.83661,0.25422,0.46904,129.93
-0.82869,0.25028,0.47353,129.94
-0.82457,0.25817,0.47021,129.94
-0.82089,0.25028,0.48192,129.95
-0.82846,0.24633,0.46577,129.95
-0.81664,0.24238,0.47445,129.96
-0.81664,0.24238,0.47445,129.96
-0.80481,0.23053,0.48297,129.97
-0.81284,0.22263,0.48209,129.97
-0.80057,0.22658,0.47558,129.98
-0.82455,0.23448,0.46974,129.98
-0.81297,0.24238,0.48632,129.99
-0.81298,0.25422,0.48656,129.99
-0.82868,0.23448,0.47321,130
-0.84532,0.22658,0.49079,130
-0.84107,0.22263,0.4834,130
-0.82455,0.23843,0.46981,130.01
-0.84452,0.23448,0.46409,130.01
-0.84876,0.23053,0.47132,130.02
-0.84888,0.23448,0.47524,130.02
-0.84084,0.22658,0.4758,130.03
-0.82455,0.23053,0.46966,130.03
-0.82833,0.22658,0.46154,130.04
-0.81687,0.24633,0.4822,130.04
-0.83293,0.23843,0.4806,130.05
-0.8288,0.23843,0.47713,130.05
-0.81675,0.23843,0.47821,130.06
-0.8287,0.25422,0.4736,130.06
-0.82845,0.23448,0.46554,130.07
-0.82087,0.22263,0.48137,130.07
-0.84119,0.23448,0.48747,130.08
-0.83258,0.22263,0.46878,130.08
-0.81284,0.22658,0.48217,130.09
-0.82076,0.21868,0.47745,130.09
-0.82237,0.21868,0.53116,130.1
-0.81708,0.21078,0.48917,130.1
-0.81284,0.21473,0.48193,130.11
-0.82111,0.22658,0.48912,130.11
-0.82042,0.23053,0.46618,130.12
-0.82478,0.23053,0.47733,130.12
-0.82053,0.23053,0.47002,130.13
-0.82892,0.24238,0.48104,130.13
-0.82054,0.24238,0.47025,130.14
-0.82444,0.23053,0.46582,130.14
-0.8327,0.23843,0.47293,130.15
-0.82502,0.24238,0.48524,130.15
-0.83662,0.25817,0.46912,130.16
-0.84499,0.25422,0.47983,130.16
-0.84454,0.26607,0.46472,130.17
-0.82457,0.26212,0.47029,130.17
-0.8326,0.25422,0.46941,130.18
-0.8365,0.26212,0.46537,130.18
-0.83661,0.24633,0.46889,130.19
-0.8163,0.24633,0.46302,130.19
-0.82066,0.24633,0.47417,130.2
-0.82868,0.23053,0.47313,130.2
-0.84073,0.23053,0.47205,130.21
-0.8327,0.24238,0.47301,130.21
-0.82101,0.25422,0.48584,130.21
-0.81285,0.24238,0.48249,130.22
-0.8249,0.24633,0.48148,130.22
-0.82088,0.23843,0.48168,130.23
-0.83259,0.23843,0.46909,130.23
-0.82891,0.23448,0.48088,130.24
-0.821,0.23448,0.48544,130.24
-0.82455,0.23448,0.46974,130.25
-0.81996,0.23053,0.45084,130.25
-0.83259,0.24238,0.46917,130.26
-0.82076,0.23053,0.47769,130.26
-0.82065,0.23843,0.47401,130.27
-0.82502,0.23843,0.48516,130.27
-0.83695,0.23448,0.48016,130.28
-0.82536,0.23448,0.49659,130.28
-0.82042,0.23448,0.46626,130.29
-0.84464,0.25028,0.46824,130.29
-0.83259,0.23448,0.46901,130.3
-0.8203,0.22658,0.46227,130.3
-0.82053,0.23053,0.47002,130.31
-0.83282,0.23843,0.47676,130.31
-0.82892,0.23843,0.48096,130.32
-0.83683,0.23448,0.47632,130.32
-0.82856,0.22658,0.46922,130.33
-0.82857,0.23448,0.46937,130.33
-0.84085,0.23448,0.47596,130.34
-0.83683,0.23448,0.47632,130.34
-0.82926,0.23448,0.49239,130.35
-0.83282,0.23448,0.47668,130.35
-0.83695,0.24238,0.48032,130.36
-0.83236,0.24238,0.4615,130.36
-0.82869,0.25028,0.47353,130.37
-0.83282,0.24633,0.47692,130.37
-0.82892,0.23843,0.48096,130.38
-0.82455,0.23053,0.46966,130.38
-0.84498,0.23448,0.47944,130.39
-0.83718,0.23448,0.48783,130.39
-0.82066,0.24633,0.47417,130.4
-0.81664,0.23843,0.47437,130.4
-0.8288,0.23843,0.47713,130.41
-0.80849,0.23448,0.47118,130.41
-0.81652,0.23448,0.47046,130.42
-0.82433,0.24238,0.46222,130.42
-0.83282,0.23843,0.47676,130.42
-0.82856,0.21868,0.46906,130.43
-0.83269,0.22263,0.47261,130.43
-0.83706,0.23843,0.48407,130.44
-0.82869,0.23843,0.47329,130.44
-0.83672,0.24633,0.47272,130.45
-0.82444,0.24633,0.46614,130.45
-0.83294,0.24238,0.48068,130.46
-0.82467,0.24238,0.47373,130.46
-0.81251,0.24633,0.47106,130.47
-0.82467,0.23843,0.47365,130.47
-0.84097,0.23843,0.47988,130.48
-0.83293,0.23843,0.4806,130.48
-0.83661,0.24238,0.46881,130.49
-0.83248,0.24633,0.46541,130.49
-0.83236,0.25028,0.46165,130.5
-0.83638,0.25028,0.46129,130.5
-0.82801,0.25817,0.45066,130.51
-0.83248,0.25817,0.46565,130.51
-0.82847,0.25422,0.46593,130.52
-0.8365,0.25422,0.46521,130.52
-0.82479,0.24633,0.47764,130.53
-0.81263,0.25422,0.47505,130.53
-0.80459,0.24633,0.47562,130.54
-0.81607,0.25028,0.45543,130.54
-0.82019,0.23843,0.45867,130.55
-0.82455,0.22658,0.46958,130.55
-0.8164,0.22658,0.46646,130.56
-0.83235,0.23053,0.46126,130.56
-0.83236,0.24238,0.4615,130.57
-0.82857,0.23843,0.46945,130.57
-0.82089,0.25422,0.482,130.58
-0.83671,0.22658,0.47233,130.58
-0.82467,0.23053,0.47349,130.59
-0.82455,0.23843,0.46981,130.59
-0.82857,0.23843,0.46945,130.6
-0.83305,0.23843,0.48444,130.6
-0.82478,0.22263,0.47717,130.61
-0.8288,0.23053,0.47697,130.61
-0.82833,0.22658,0.46154,130.62
-0.82467,0.23448,0.47357,130.62
-0.83638,0.24633,0.46121,130.62
-0.82822,0.23448,0.45786,130.63
-0.83247,0.22658,0.46502,130.63
-0.8366,0.23843,0.46873,130.64
-0.8327,0.24238,0.47301,130.64
-0.8405,0.23053,0.46437,130.65
-0.84452,0.23448,0.46409,130.65
-0.84073,0.22263,0.47189,130.66
-0.82856,0.22658,0.46922,130.66
-0.83247,0.23843,0.46525,130.67
-0.82077,0.24633,0.47801,130.67
-0.82479,0.25422,0.4778,130.68
-0.82846,0.24238,0.46569,130.68
-0.82444,0.23053,0.46582,130.69
-0.82892,0.24633,0.48112,130.69
-0.82468,0.25422,0.47397,130.7
-0.82834,0.23448,0.4617,130.7
-0.8366,0.23843,0.46873,130.71
-0.82478,0.23448,0.47741,130.71
-0.81652,0.23448,0.47046,130.72
-0.82444,0.24238,0.46606,130.72
-0.82868,0.22263,0.47297,130.73
-0.82811,0.23053,0.45395,130.73
-0.82869,0.24633,0.47345,130.74
-0.84132,0.24633,0.49154,130.74
-0.84096,0.23448,0.4798,130.75
-0.84039,0.23448,0.46062,130.75
-0.82892,0.25028,0.4812,130.76
-0.82065,0.23843,0.47401,130.76
-0.82834,0.23448,0.4617,130.77
-0.80861,0.24238,0.47517,130.77
-0.81664,0.24238,0.47445,130.78
-0.82881,0.24633,0.47728,130.78
-0.82066,0.24238,0.47409,130.79
-0.82869,0.24238,0.47337,130.79
-0.83259,0.24633,0.46925,130.8
-0.83247,0.24238,0.46533,130.8
-0.83684,0.24238,0.47648,130.81
-0.84096,0.23448,0.4798,130.81
-0.83316,0.23843,0.48827,130.82
-0.83259,0.23448,0.46901,130.82
-0.82031,0.23843,0.4625,130.83
-0.84074,0.24238,0.47228,130.83
-0.8366,0.23053,0.46857,130.83
-0.82479,0.23843,0.47749,130.84
-0.80827,0.25422,0.4639,130.84
-0.82043,0.25422,0.46665,130.85
-0.8327,0.23843,0.47293,130.85
-0.83259,0.24238,0.46917,130.86
-0.84062,0.24238,0.46845,130.86
-0.84085,0.24633,0.4762,130.87
-0.83649,0.24633,0.46505,130.87
-0.82077,0.23843,0.47785,130.88
-0.83626,0.24633,0.45738,130.88
-0.82812,0.25422,0.45442,130.89
-0.82422,0.25817,0.4587,130.89
-0.8202,0.25422,0.45898,130.9
-0.81676,0.25422,0.47852,130.9
-0.82444,0.24633,0.46614,130.91
-0.83626,0.23448,0.45714,130.91
-0.83649,0.24633,0.46505,130.92
-0.8287,0.26212,0.47376,130.92
-0.83237,0.25817,0.46181,130.93
-0.82858,0.25028,0.46969,130.93
-0.82479,0.25028,0.47772,130.94
-0.83661,0.24238,0.46881,130.94
-0.83236,0.24238,0.4615,130.95
-0.83672,0.23448,0.47249,130.95
-0.84877,0.23448,0.4714,130.96
-0.83729,0.23448,0.49167,130.96
-0.83316,0.23843,0.48827,130.97
-0.83695,0.23843,0.48024,130.97
-0.84865,0.23448,0.46757,130.98
-0.84486,0.23448,0.4756,130.98
-0.83247,0.23448,0.46518,130.99
-0.82421,0.23843,0.4583,130.99
-0.83638,0.24238,0.46114,131
-0.82846,0.23843,0.46562,131
-0.8327,0.24238,0.47301,131.01
-0.84062,0.24633,0.46853,131.01
-0.84842,0.24238,0.46005,131.02
-0.84039,0.23843,0.4607,131.02
-0.82386,0.22658,0.44656,131.03
-0.83212,0.22658,0.45351,131.03
-0.83626,0.23843,0.45722,131.04
-0.82822,0.22658,0.45771,131.04
-0.82432,0.23448,0.46206,131.04
-0.85267,0.23448,0.4672,131.05
-0.83694,0.23053,0.48008,131.05
-0.84085,0.24238,0.47612,131.06
-0.83247,0.24238,0.46533,131.06
-0.84085,0.23448,0.47596,131.07
-0.84463,0.22658,0.46777,131.07
-0.84107,0.22263,0.4834,131.08
-0.81629,0.22658,0.46263,131.08
-0.82375,0.24238,0.44304,131.09
-0.83201,0.23843,0.44991,131.09
-0.82455,0.23843,0.46981,131.1
-0.8241,0.25422,0.45478,131.1
-0.81238,0.22658,0.46683,131.11
-0.82065,0.23843,0.47401,131.11
-0.83283,0.25817,0.47716,131.12
-0.83718,0.24633,0.48807,131.12
-0.82501,0.22658,0.48492,131.13
-0.83258,0.22263,0.46878,131.13
-0.85244,0.24238,0.45969,131.14
-0.84074,0.25028,0.47244,131.14
-0.83672,0.24238,0.47264,131.15
-0.8164,0.23448,0.46662,131.15
-0.81629,0.23843,0.46286,131.16
-0.82032,0.25422,0.46282,131.16
-0.82031,0.23843,0.4625,131.17
-0.82111,0.23843,0.48936,131.17
-0.82891,0.22658,0.48073,131.18
-0.81697,0.21473,0.48541,131.18
-0.82087,0.21473,0.48121,131.19
-0.8249,0.24238,0.4814,131.19
-0.82879,0.21473,0.47665,131.2
-0.84911,0.22658,0.48275,131.2
-0.82467,0.23053,0.47349,131.21
-0.8288,0.23053,0.47697,131.21
-0.83683,0.23448,0.47632,131.22
-0.83683,0.23053,0.47624,131.22
-0.83648,0.22658,0.46466,131.23
-0.83626,0.23843,0.45722,131.23
-0.82466,0.22658,0.47341,131.24
-0.82443,0.22658,0.46574,131.24
-0.84451,0.22658,0.46393,131.25
-0.83291,0.20289,0.47989,131.25
-0.83682,0.20684,0.47577,131.25
-0.82913,0.20289,0.48793,131.26
-0.81754,0.20289,0.50435,131.26
-0.82499,0.19894,0.48437,131.27
-0.84095,0.21868,0.47948,131.27
-0.84096,0.22658,0.47964,131.28
-0.8327,0.22658,0.47269,131.28
-0.82479,0.23843,0.47749,131.29
-0.83304,0.21868,0.48404,131.29
-0.83303,0.21473,0.48396,131.3
-0.83717,0.21868,0.48752,131.3
-0.8366,0.22658,0.46849,131.31
-0.84061,0.22658,0.46813,131.31
-0.83682,0.21868,0.47601,131.32
-0.82834,0.23053,0.46162,131.32
-0.82432,0.22263,0.46183,131.33
-0.82077,0.23843,0.47785,131.33
-0.83682,0.22263,0.47609,131.34
-0.82513,0.23843,0.489,131.34
-0.82846,0.25028,0.46585,131.35
-0.82043,0.24238,0.46642,131.35
-0.82087,0.22263,0.48137,131.36
-0.82065,0.22658,0.47378,131.36
-0.82937,0.23053,0.49615,131.37
-0.84083,0.21078,0.47549,131.37
-0.82064,0.21078,0.47346,131.38
-0.82891,0.22658,0.48073,131.38
-0.81273,0.23053,0.47841,131.39
-0.83293,0.23843,0.4806,131.39
-0.83246,0.21473,0.46478,131.4
-0.8366,0.22658,0.46849,131.4
-0.82478,0.22263,0.47717,131.41
-0.82467,0.23843,0.47365,131.41
-0.83717,0.22658,0.48767,131.42
-0.84096,0.23053,0.47972,131.42
-0.82502,0.23843,0.48516,131.43
-0.83683,0.22658,0.47617,131.43
-0.84497,0.21473,0.47904,131.44
-0.83705,0.21868,0.48368,131.44
-0.81629,0.23053,0.46271,131.45
-0.83258,0.23053,0.46893,131.45
-0.8327,0.23053,0.47277,131.46
-0.82064,0.21473,0.47354,131.46
-0.84061,0.21473,0.4679,131.46
-0.83693,0.21473,0.47977,131.47
-0.83282,0.23448,0.47668,131.47
-0.83706,0.23448,0.484,131.48
-0.8367,0.21473,0.47209,131.48
-0.8288,0.23448,0.47705,131.49
-0.82456,0.24238,0.46989,131.49
-0.8203,0.21868,0.46211,131.5
-0.82042,0.23053,0.46618,131.5
-0.83247,0.24238,0.46533,131.51
-0.82087,0.22263,0.48137,131.51
-0.82902,0.21868,0.4844,131.52
-0.82866,0.19894,0.4725,131.52
-0.83659,0.22263,0.46841,131.53
-0.83246,0.21078,0.4647,131.53
-0.84118,0.21868,0.48716,131.54
-0.82868,0.22263,0.47297,131.54
-0.82868,0.23448,0.47321,131.55
-0.84119,0.22263,0.48723,131.55
-0.83694,0.21868,0.47984,131.56
-0.83281,0.23053,0.47661,131.56
-0.82937,0.23053,0.49615,131.57
-0.83694,0.23053,0.48008,131.57
-0.83694,0.22263,0.47992,131.58
-0.82914,0.22263,0.48832,131.58
-0.82466,0.21473,0.47318,131.59
-0.83292,0.22263,0.48028,131.59
-0.85301,0.22658,0.47856,131.6
-0.83671,0.22263,0.47225,131.6
-0.82833,0.22263,0.46146,131.61
-0.82467,0.23053,0.47349,131.61
-0.83281,0.22658,0.47653,131.62
-0.82077,0.23843,0.47785,131.62
-0.82076,0.22263,0.47753,131.63
-0.82845,0.22658,0.46538,131.63
-0.82088,0.23053,0.48153,131.64
-0.82076,0.22658,0.47761,131.64
-0.81651,0.21473,0.47006,131.65
-0.81192,0.21473,0.45124,131.65
-0.81617,0.23448,0.45895,131.66
-0.81652,0.23053,0.47038,131.66
-0.81652,0.23843,0.47054,131.67
-0.82053,0.22658,0.46994,131.67
-0.82489,0.22658,0.48109,131.67
-0.80884,0.24633,0.48293,131.68
-0.82893,0.25817,0.48136,131.68
-0.84108,0.23843,0.48371,131.69
-0.82891,0.22658,0.48073,131.69
-0.82099,0.23053,0.48536,131.7
-0.82467,0.23448,0.47357,131.7
-0.83661,0.24238,0.46881,131.71
-0.83706,0.23448,0.484,131.71
-0.84463,0.22658,0.46777,131.72
-0.85702,0.21868,0.47804,131.72
-0.84038,0.22658,0.46046,131.73
-0.84509,0.23053,0.48319,131.73
-0.82455,0.22658,0.46958,131.74
-0.83235,0.23053,0.46126,131.74
-0.83637,0.23053,0.4609,131.75
-0.83292,0.22263,0.48028,131.75
-0.83246,0.21473,0.46478,131.76
-0.82879,0.22263,0.47681,131.76
-0.81709,0.22263,0.4894,131.77
-0.80895,0.23053,0.48645,131.77
-0.7969,0.23053,0.48753,131.78
-0.82501,0.23448,0.48508,131.78
-0.83304,0.23053,0.48428,131.79
-0.82523,0.21868,0.49244,131.79
-0.82523,0.21078,0.49228,131.8
-0.82511,0.19894,0.48821,131.8
-0.83762,0.19894,0.50247,131.81
-0.83349,0.20684,0.49915,131.81
-0.84152,0.20289,0.49835,131.82
-0.84554,0.20289,0.49799,131.82
-0.83336,0.19104,0.495,131.83
-0.8453,0.19499,0.49016,131.83
-0.86148,0.18709,0.49239,131.84
-0.8578,0.17919,0.5041,131.84
-0.84955,0.19894,0.49755,131.85
-0.84061,0.21473,0.4679,131.85
-0.83234,0.20289,0.46071,131.86
-0.83659,0.21078,0.46818,131.86
-0.82076,0.21868,0.47745,131.87
-0.8164,0.21868,0.46631,131.87
-0.80812,0.20289,0.45904,131.87
-0.81248,0.19894,0.47011,131.88
-0.82075,0.21078,0.4773,131.88
-0.8211,0.21078,0.48881,131.89
-0.82121,0.21078,0.49264,131.89
-0.82109,0.19894,0.48857,131.9
-0.83692,0.19499,0.47937,131.9
-0.84083,0.20289,0.47533,131.91
-0.85689,0.19894,0.47381,131.91
-0.84577,0.20684,0.50574,131.92
-0.85769,0.18314,0.50035,131.92
-0.84931,0.17524,0.4894,131.93
-0.84542,0.19499,0.49399,131.93
-0.84575,0.18314,0.50527,131.94
-0.84599,0.18709,0.51302,131.94
-0.85356,0.19104,0.49703,131.95
-0.84932,0.19894,0.48988,131.95
-0.84106,0.19894,0.48293,131.96
-0.83279,0.19499,0.4759,131.96
-0.82476,0.20289,0.47678,131.97
-0.82901,0.19894,0.48401,131.97
-0.82878,0.20289,0.47642,131.98
-0.81719,0.19894,0.49277,131.98
-0.81305,0.18314,0.48898,131.99
-0.80893,0.20289,0.4859,131.99
-0.81306,0.20289,0.48937,132
-0.80858,0.19104,0.47415,132
-0.81317,0.19104,0.49297,132.01
-0.81283,0.20289,0.4817,132.01
-0.82074,0.19104,0.4769,132.02
-0.83714,0.17919,0.48673,132.02
-0.8336,0.19499,0.50275,132.03
-0.84128,0.17919,0.4902,132.03
-0.84977,0.18709,0.50498,132.04
-0.85345,0.19894,0.49335,132.04
-0.84543,0.21078,0.49431,132.05
-0.81673,0.20684,0.47758,132.05
-0.84496,0.20289,0.47881,132.06
-0.86893,0.18709,0.47249,132.06
-0.85689,0.19104,0.47365,132.07
-0.8406,0.20289,0.46766,132.07
-0.84439,0.21078,0.45978,132.08
-0.84084,0.22263,0.47573,132.08
-0.80871,0.22658,0.4787,132.08
-0.83269,0.21078,0.47238,132.09
-0.85253,0.20289,0.46274,132.09
-0.84083,0.21078,0.47549,132.1
-0.85334,0.20684,0.48967,132.1
-0.83326,0.20289,0.4914,132.11
-0.84118,0.20684,0.48692,132.11
-0.84141,0.21078,0.49467,132.12
-0.83705,0.21473,0.4836,132.12
-0.82913,0.21078,0.48808,132.13
-0.83326,0.20289,0.4914,132.13
-0.82546,0.20684,0.49987,132.14
-0.82925,0.21078,0.49192,132.14
-0.82522,0.19894,0.49204,132.15
-0.82097,0.18709,0.4845,132.15
-0.82878,0.20289,0.47642,132.16
-0.8328,0.20684,0.47613,132.16
-0.82947,0.19894,0.49936,132.17
-0.81696,0.20684,0.48525,132.17
-0.80858,0.19104,0.47415,132.18
-0.81661,0.19894,0.47359,132.18
-0.81673,0.20684,0.47758,132.19
-0.82052,0.20684,0.46955,132.19
-0.82545,0.19499,0.49964,132.2
-0.82534,0.20289,0.49596,132.2
-0.84128,0.19104,0.49044,132.21
-0.84105,0.18314,0.48261,132.21
-0.84174,0.18314,0.50563,132.22
-0.83302,0.19104,0.48349,132.22
-0.83692,0.19104,0.47929,132.23
-0.83727,0.19104,0.4908,132.23
-0.82889,0.18709,0.47994,132.24
-0.84931,0.19104,0.48972,132.24
-0.83267,0.17919,0.47175,132.25
-0.82062,0.18314,0.47291,132.25
-0.83302,0.18709,0.48341,132.26
-0.82062,0.17919,0.47283,132.26
-0.8244,0.17919,0.4648,132.27
-0.78815,0.19499,0.46453,132.27
-0.8119,0.18709,0.45069,132.28
-0.82097,0.19499,0.48465,132.28
-0.80433,0.18314,0.46668,132.29
-0.81672,0.19104,0.47726,132.29
-0.81271,0.19104,0.47763,132.29
-0.83324,0.18314,0.49101,132.3
-0.84093,0.17524,0.47862,132.3
-0.84185,0.17129,0.50923,132.31
-0.83038,0.18314,0.52973,132.31
-0.84976,0.1634,0.50451,132.32
-0.92171,0.1634,0.4865,132.32
-0.86158,0.17524,0.49599,132.33
-0.84529,0.17919,0.48984,132.33
-0.84495,0.18709,0.47849,132.34
-0.85713,0.20684,0.48164,132.34
-0.83268,0.20684,0.4723,132.35
-0.82064,0.21868,0.47362,132.35
-0.80859,0.21868,0.4747,132.36
-0.81238,0.22658,0.46683,132.36
-0.79655,0.22263,0.47587,132.37
-0.80916,0.20684,0.49365,132.37
-0.80456,0.19104,0.47451,132.38
-0.78883,0.17919,0.48723,132.38
-0.79722,0.18709,0.49817,132.39
-0.80122,0.17129,0.4975,132.39
-0.81763,0.16734,0.50748,132.4
-0.8338,0.14365,0.5094,132.4
-0.82989,0.1318,0.51336,132.41
-0.84585,0.14365,0.50832,132.41
-0.87465,0.1397,0.52872,132.42
-0.88279,0.1318,0.53168,132.42
-0.87821,0.14365,0.5131,132.43
-0.86604,0.1476,0.51042,132.43
-0.87729,0.15155,0.48256,132.44
-0.8657,0.14365,0.49884,132.44
-0.86169,0.1555,0.49943,132.45
-0.85343,0.15945,0.49256,132.45
-0.8415,0.1634,0.49756,132.46
-0.84092,0.16734,0.47846,132.46
-0.84104,0.17524,0.48245,132.47
-0.82853,0.16734,0.46803,132.47
-0.82452,0.17919,0.46863,132.48
-0.82452,0.17524,0.46855,132.48
-0.84058,0.17524,0.46711,132.49
-0.84471,0.17129,0.4705,132.49
-0.84126,0.15155,0.48965,132.5
-0.83322,0.14365,0.49022,132.5
-0.83747,0.1397,0.49745,132.5
-0.84562,0.15155,0.5008,132.51
-0.85365,0.1476,0.5,132.51
-0.86191,0.14365,0.50687,132.52
-0.8292,0.1397,0.4905,132.52
-0.84135,0.11995,0.49286,132.53
-0.84147,0.12785,0.49685,132.53
-0.84986,0.1397,0.50788,132.54
-0.8416,0.1476,0.50108,132.54
-0.82943,0.1397,0.49817,132.55
-0.8416,0.15155,0.50116,132.55
-0.83723,0.13575,0.4897,132.56
-0.82519,0.1476,0.49102,132.56
-0.83724,0.1555,0.49009,132.57
-0.83301,0.17129,0.4831,132.57
-0.83678,0.1555,0.47475,132.58
-0.81315,0.1555,0.49226,132.58
-0.81751,0.1555,0.50341,132.59
-0.83392,0.15945,0.51355,132.59
-0.83427,0.16734,0.52522,132.6
-0.82589,0.1634,0.51435,132.6
-0.82957,0.17129,0.50264,132.61
-0.82979,0.1555,0.51,132.61
-0.83737,0.16734,0.49417,132.62
-0.83381,0.1634,0.50979,132.62
-0.82187,0.1555,0.51456,132.63
-0.81808,0.15155,0.52251,132.63
-0.81796,0.1476,0.5186,132.64
-0.83357,0.15155,0.50188,132.64
-0.81303,0.1476,0.48827,132.65
-0.81349,0.1555,0.50377,132.65
-0.8214,0.1397,0.4989,132.66
-0.81326,0.1476,0.49594,132.66
-0.78491,0.1476,0.4908,132.67
-0.80511,0.14365,0.49275,132.67
-0.79708,0.1476,0.49355,132.68
-0.81751,0.15945,0.50349,132.68
-0.82141,0.1555,0.49921,132.69
-0.82555,0.16734,0.50292,132.69
-0.8298,0.17129,0.51031,132.7
-0.83357,0.15155,0.50188,132.7
-0.82566,0.1634,0.50668,132.71
-0.8221,0.1476,0.52207,132.71
-0.8214,0.1476,0.49905,132.71
-0.81384,0.15945,0.51536,132.72
-0.8135,0.16734,0.50401,132.72
-0.82176,0.16734,0.51096,132.73
-0.82177,0.17524,0.51111,132.73
-0.82945,0.17524,0.49888,132.74
-0.82165,0.17129,0.5072,132.74
-0.82142,0.16734,0.49945,132.75
-0.82933,0.15945,0.49473,132.75
-0.82164,0.1634,0.50704,132.76
-0.82176,0.16734,0.51096,132.76
-0.82589,0.1634,0.51435,132.77
-0.81752,0.16734,0.50365,132.77
-0.82129,0.1555,0.49538,132.78
-0.80914,0.16734,0.49286,132.78
-0.81327,0.1634,0.49626,132.79
-0.80949,0.17129,0.50445,132.79
-0.80972,0.17129,0.51212,132.8
-0.81729,0.17524,0.49613,132.8
-0.8174,0.16734,0.49981,132.81
-0.79768,0.18709,0.51352,132.81
-0.80192,0.17524,0.52059,132.82
-0.82176,0.16734,0.51096,132.82
-0.83358,0.1634,0.50212,132.83
-0.82944,0.15945,0.49857,132.83
-0.82887,0.15945,0.47939,132.84
-0.82957,0.17524,0.50272,132.84
-0.84941,0.15155,0.49277,132.85
-0.84586,0.15945,0.50863,132.85
-0.84563,0.16734,0.50112,132.86
-0.85815,0.17919,0.51561,132.86
-0.84586,0.16734,0.50879,132.87
-0.84139,0.17129,0.49388,132.87
-0.84506,0.17524,0.48209,132.88
-0.82923,0.18314,0.49137,132.88
-0.83726,0.17919,0.49057,132.89
-0.84495,0.18314,0.47841,132.89
-0.84484,0.18709,0.47466,132.9
-0.83278,0.18314,0.47566,132.9
-0.83279,0.19499,0.4759,132.91
-0.82074,0.19104,0.4769,132.91
-0.8244,0.17919,0.4648,132.92
-0.82062,0.17919,0.47283,132.92
