0.14606,0.99271,0.064494,24.36
0.13769,0.98086,0.075044,24.365
0.13769,0.98481,0.075123,24.37
0.15433,0.99271,0.057545,24.375
0.16615,0.98876,0.066223,24.38
0.16237,0.97691,0.057953,24.385
0.18243,1.0006,0.060233,24.39
0.19862,0.98876,0.057606,24.395
0.19495,0.99271,0.045814,24.399
0.20676,1.0006,0.054729,24.404
0.19827,0.99666,0.069272,24.409
0.20217,1.0085,0.073706,24.414
0.21456,1.0006,0.063124,24.419
0.20723,0.98481,0.039068,24.424
0.21114,0.98086,0.043187,24.429
0.20643,0.97297,0.065686,24.434
0.21458,0.97297,0.062573,24.438
0.20643,0.97297,0.065686,24.443
0.21412,0.97297,0.077918,24.448
0.21045,0.96902,0.065969,24.453
0.21458,0.97297,0.062573,24.458
0.2101,0.97691,0.077635,24.463
0.19806,0.97297,0.076472,24.468
0.18211,0.96902,0.071111,24.473
0.18957,0.96112,0.090858,24.478
0.1976,0.97297,0.091818,24.482
0.19381,0.96902,0.083705,24.487
0.19014,0.97297,0.071913,24.492
0.20231,0.96507,0.069004,24.497
0.18245,0.97297,0.059681,24.502
0.19862,0.98481,0.057527,24.507
0.20654,0.98086,0.062008,24.512
0.2186,0.97691,0.063013,24.517
0.21871,0.98086,0.059256,24.521
0.21423,0.98481,0.074318,24.526
0.20631,0.98876,0.069838,24.531
0.2109,0.98876,0.051018,24.536
0.21824,0.98876,0.074758,24.541
0.21021,0.98086,0.073878,24.546
0.19817,0.97691,0.072715,24.551
0.20999,0.97691,0.081472,24.556
0.2062,0.97297,0.073359,24.561
0.19816,0.98876,0.072951,24.565
0.20253,0.97691,0.061567,24.57
0.20242,0.96507,0.065167,24.575
0.20265,0.97691,0.057731,24.58
0.20253,0.97691,0.061567,24.585
0.20276,0.97297,0.053816,24.59
0.21447,0.96507,0.066252,24.595
0.21068,0.97297,0.058375,24.6
0.19036,0.98086,0.064398,24.604
0.2264,0.97691,0.071409,24.609
0.23431,0.98086,0.076047,24.614
0.22238,0.97691,0.071047,24.619
0.21056,0.97691,0.06229,24.624
0.21458,0.98086,0.06273,24.629
0.21871,0.98086,0.059256,24.634
0.21468,0.99271,0.05913,24.639
0.22697,0.98086,0.052306,24.644
0.23443,0.97691,0.072132,24.648
0.23042,0.97297,0.071691,24.653
0.23053,0.97297,0.067855,24.658
0.23478,0.96902,0.060465,24.663
0.23857,0.96507,0.06842,24.668
0.23018,0.97691,0.079443,24.673
0.23432,0.97297,0.075889,24.678
0.21836,0.97691,0.070686,24.683
0.23019,0.96902,0.079285,24.688
0.23432,0.97297,0.075889,24.692
0.22675,0.96902,0.059742,24.697
0.23455,0.97691,0.068295,24.702
0.23845,0.97297,0.072414,24.707
0.21446,0.98086,0.066567,24.712
0.21068,0.96902,0.058296,24.717
0.21033,0.97691,0.069963,24.722
0.21045,0.96902,0.065969,24.727
0.23042,0.96507,0.071534,24.731
0.21424,0.97297,0.074082,24.736
0.19805,0.97691,0.076551,24.741
0.21034,0.96507,0.069727,24.746
0.21,0.96112,0.081157,24.751
0.21,0.96112,0.081157,24.756
0.2062,0.97297,0.073359,24.761
0.19817,0.97691,0.072715,24.766
0.20643,0.97691,0.065765,24.771
0.21033,0.97297,0.069884,24.775
0.21056,0.98481,0.062448,24.78
0.21045,0.97297,0.066048,24.785
0.21044,0.98481,0.066284,24.79
0.2023,0.97297,0.069161,24.795
0.18979,0.97691,0.083501,24.8
0.19841,0.96507,0.064806,24.805
0.19002,0.97691,0.075828,24.81
0.19415,0.98481,0.072511,24.814
0.21411,0.99271,0.078312,24.819
0.18232,0.99666,0.06399,24.824
0.17832,0.97297,0.063156,24.829
0.17418,0.98481,0.066867,24.834
0.19415,0.98876,0.07259,24.839
0.19839,0.98876,0.065278,24.844
0.19438,0.97691,0.064681,24.849
0.18222,0.97297,0.067354,24.854
0.17005,0.97691,0.070184,24.858
0.16994,0.98086,0.0741,24.863
0.17384,0.97691,0.078219,24.868
0.16581,0.97297,0.077417,24.873
0.17774,0.97297,0.082338,24.878
0.17785,0.98481,0.078738,24.883
0.16202,0.97691,0.069462,24.888
0.16959,0.97691,0.08553,24.893
0.17384,0.98086,0.078297,24.897
0.16558,0.98086,0.085247,24.902
0.17384,0.97297,0.07814,24.907
0.17809,0.97691,0.070907,24.912
0.1821,0.97691,0.071269,24.917
0.17384,0.97297,0.07814,24.922
0.17751,0.97297,0.09001,24.927
0.17338,0.96902,0.093406,24.932
0.16971,0.96902,0.081536,24.937
0.17349,0.98086,0.089806,24.941
0.16982,0.98086,0.077936,24.946
0.16202,0.98481,0.069619,24.951
0.16994,0.97691,0.074021,24.956
0.1821,0.97691,0.071269,24.961
0.16982,0.97691,0.077857,24.966
0.19392,0.97691,0.080026,24.971
0.19002,0.98481,0.075986,24.976
0.18199,0.98086,0.075184,24.98
0.18577,0.98481,0.083297,24.985
0.19013,0.98876,0.072228,24.99
0.19793,0.99271,0.080702,24.995
0.186,0.98876,0.075703,25
0.18577,0.98086,0.083218,25.005
0.19772,0.96507,0.087824,25.01
0.19771,0.97297,0.087981,25.015
0.19783,0.96902,0.084066,25.02
0.20173,0.97297,0.088343,25.024
0.19783,0.96902,0.084066,25.029
0.20597,0.98481,0.081268,25.034
0.18979,0.97297,0.083422,25.039
0.20173,0.96507,0.088185,25.044
0.20976,0.97691,0.089144,25.049
0.19759,0.98086,0.091975,25.054
0.19771,0.97691,0.08806,25.059
0.20632,0.97297,0.069523,25.063
0.2101,0.97691,0.077635,25.068
0.2023,0.96902,0.069082,25.073
0.20196,0.97297,0.08067,25.078
0.20609,0.97297,0.077195,25.083
0.20218,0.97691,0.073076,25.088
0.20609,0.96902,0.077116,25.093
0.21367,0.96112,0.093027,25.098
0.21,0.96112,0.081157,25.103
0.21837,0.96507,0.070449,25.107
0.21825,0.97297,0.074443,25.112
0.21837,0.96507,0.070449,25.117
0.20575,0.96902,0.088625,25.122
0.21377,0.98481,0.089663,25.127
0.21033,0.97691,0.069963,25.132
0.19404,0.97297,0.076111,25.137
0.19369,0.98086,0.087777,25.142
0.20598,0.96902,0.080953,25.146
0.20207,0.97691,0.076913,25.151
0.2062,0.97297,0.073359,25.156
0.20585,0.98086,0.085025,25.161
0.20586,0.97297,0.084868,25.166
0.19426,0.98876,0.068753,25.171
0.20608,0.98086,0.077353,25.176
0.20597,0.97297,0.081032,25.181
0.2062,0.98086,0.073516,25.186
0.20987,0.97691,0.085308,25.19
0.21045,0.97297,0.066048,25.195
0.20586,0.96902,0.084789,25.2
0.21034,0.96902,0.069805,25.205
0.21034,0.96902,0.069805,25.21
0.20196,0.97297,0.08067,25.215
0.22204,0.97297,0.082477,25.22
0.22594,0.96902,0.086596,25.225
0.24591,0.96112,0.092083,25.229
0.22629,0.96902,0.075087,25.234
0.24178,0.96507,0.095636,25.239
0.22182,0.96112,0.089914,25.244
0.23007,0.97297,0.0832,25.249
0.2225,0.97297,0.067132,25.254
0.21814,0.96902,0.078201,25.259
0.20998,0.98086,0.081551,25.264
0.21009,0.99271,0.077951,25.269
0.20609,0.96902,0.077116,25.273
0.19851,0.97691,0.061206,25.278
0.22238,0.97297,0.070968,25.283
0.21825,0.97691,0.074522,25.288
0.21423,0.98086,0.074239,25.293
0.20585,0.98876,0.085183,25.298
0.19392,0.98481,0.080183,25.303
0.21825,0.97297,0.074443,25.308
0.21424,0.96902,0.074003,25.312
0.22628,0.97297,0.075166,25.317
0.21423,0.97691,0.074161,25.322
0.22203,0.98086,0.082635,25.327
0.23018,0.97691,0.079443,25.332
0.23018,0.98086,0.079522,25.337
0.22628,0.97691,0.075245,25.342
0.23019,0.97297,0.079364,25.347
0.21836,0.98086,0.070765,25.352
0.2062,0.98086,0.073516,25.356
0.20184,0.97691,0.084585,25.361
0.21011,0.96902,0.077478,25.366
0.20597,0.98086,0.081189,25.371
0.20999,0.96902,0.081314,25.376
0.2178,0.96507,0.089631,25.381
0.19794,0.97297,0.080309,25.386
0.1938,0.98481,0.08402,25.391
0.20953,0.96902,0.096659,25.396
0.21401,0.96902,0.081676,25.4
0.23007,0.97297,0.0832,25.405
0.23007,0.97691,0.083279,25.41
0.23868,0.97297,0.064742,25.415
0.23041,0.98086,0.071849,25.42
0.22261,0.97297,0.063296,25.425
0.23891,0.97691,0.057148,25.43
0.2264,0.97297,0.07133,25.435
0.2225,0.96902,0.067053,25.439
0.2264,0.96507,0.071172,25.444
0.25061,0.97297,0.069662,25.449
0.23478,0.97297,0.060544,25.454
0.23466,0.97297,0.06438,25.459
0.21871,0.97691,0.059177,25.464
0.23834,0.96902,0.076172,25.469
0.23833,0.97297,0.076251,25.474
0.2388,0.96902,0.060827,25.479
0.23064,0.97691,0.064098,25.483
0.24247,0.95717,0.072461,25.488
0.20609,0.96902,0.077116,25.493
0.20988,0.96507,0.085072,25.498
0.22238,0.97691,0.071047,25.503
0.21825,0.97297,0.074443,25.508
0.21848,0.96902,0.066692,25.513
0.23834,0.96112,0.076014,25.518
0.23409,0.96507,0.083404,25.522
0.2264,0.97691,0.071409,25.527
0.22651,0.98086,0.067651,25.532
0.22262,0.96507,0.063138,25.537
0.25131,0.96507,0.046487,25.542
0.24696,0.94137,0.057162,25.547
0.23044,0.93742,0.070982,25.552
0.23445,0.94927,0.07158,25.557
0.25062,0.96507,0.069505,25.562
0.24637,0.96902,0.076895,25.566
0.2629,0.96507,0.062917,25.571
0.26658,0.94532,0.074393,25.576
0.26715,0.94532,0.055212,25.581
0.26302,0.95322,0.058844,25.586
0.25086,0.94927,0.061517,25.591
0.26703,0.95717,0.059284,25.596
0.25451,0.97691,0.073939,25.601
0.23409,0.96902,0.083483,25.605
0.23007,0.96902,0.083122,25.61
0.23397,0.97691,0.087477,25.615
0.23019,0.96507,0.079206,25.62
0.21872,0.96112,0.058862,25.625
0.23053,0.96902,0.067776,25.63
0.22307,0.98481,0.048187,25.635
0.23099,0.97691,0.052589,25.64
0.24717,0.96902,0.050041,25.645
0.23914,0.96902,0.049318,25.649
0.2427,0.96112,0.064867,25.654
0.24317,0.95717,0.049443,25.659
0.25096,0.96902,0.058075,25.664
0.25556,0.96112,0.039097,25.669
0.25532,0.97691,0.047085,25.674
0.2591,0.98481,0.055276,25.679
0.26748,0.98481,0.04449,25.684
0.27551,0.97691,0.045056,25.688
0.27174,0.96112,0.036707,25.693
0.28391,0.95322,0.033797,25.698
0.27221,0.94137,0.020968,25.703
0.26785,0.94532,0.032194,25.708
0.26372,0.94137,0.03559,25.713
0.25523,0.93742,0.050133,25.718
0.26762,0.94532,0.039866,25.723
0.25901,0.94137,0.058246,25.728
0.25075,0.94137,0.065196,25.732
0.25877,0.95322,0.066155,25.737
0.26301,0.96507,0.05908,25.742
0.25934,0.97297,0.047367,25.747
0.23984,0.95717,0.026063,25.752
0.24385,0.96507,0.026582,25.757
0.23973,0.94927,0.029742,25.762
0.23617,0.95717,0.014193,25.767
0.23194,0.93347,0.021032,25.771
0.21931,0.93347,0.039129,25.776
0.21116,0.94532,0.042478,25.781
0.19486,0.94532,0.048705,25.786
0.19095,0.95717,0.044744,25.791
0.17902,0.95717,0.039823,25.796
0.147,0.96507,0.033253,25.801
0.13896,0.97691,0.032766,25.806
0.12278,0.97297,0.035078,25.811
0.09502,0.96112,0.020802,25.815
0.086985,0.96507,0.020158,25.82
0.071268,0.96112,0.0071244,25.825
0.087218,0.96112,0.012407,25.83
0.090776,0.95717,0.028034,25.835
0.10683,0.96902,0.029717,25.84
0.11948,0.94137,0.011068,25.845
0.15941,0.94532,0.022434,25.85
0.17983,0.94927,0.012811,25.854
0.20392,0.96902,0.015374,25.859
0.21218,0.96112,0.0082667,25.864
0.23249,0.96507,0.0024802,25.869
0.25268,0.97297,0.00060877,25.874
0.26865,0.94532,0.0053396,25.879
0.26097,0.92953,-0.0072074,25.884
0.27715,0.94137,-0.0093615,25.889
0.27336,0.94137,-0.017396,25.894
0.28092,0.95717,-0.0010124,25.898
0.2652,0.96112,-0.013888,25.903
0.27288,0.97297,-0.0014202,25.908
0.26095,0.96507,-0.0064985,25.913
0.26474,0.96507,0.0015356,25.918
0.25705,0.96112,-0.010775,25.923
0.26106,0.98086,-0.01002,25.928
0.26116,0.99666,-0.013541,25.933
0.24911,1.0006,-0.014547,25.938
0.24097,0.99271,-0.011591,25.942
0.23305,0.99271,-0.01615,25.947
0.23626,0.99271,0.011066,25.952
0.22777,0.99271,0.025688,25.957
0.22032,0.97691,0.0054684,25.962
0.22422,0.98086,0.009745,25.967
0.2404,0.97691,0.0072758,25.972
0.23203,0.96507,0.017825,25.977
0.2286,0.95322,-0.0019539,25.981
0.22802,0.95717,0.017306,25.986
0.19601,0.94927,0.010421,25.991
0.1959,0.94137,0.0141,25.996
0.21633,0.93347,0.0042405,26.001
0.1959,0.94137,0.0141,26.006
0.18834,0.92558,-0.0022836,26.011
0.1889,0.94532,-0.021071,26.016
0.16859,0.94927,-0.015127,26.021
0.1609,0.95322,-0.02728,26.025
0.14872,0.96902,-0.024213,26.03
0.15664,0.97691,-0.019497,26.035
0.17271,0.96902,-0.018208,26.04
0.16904,0.96902,-0.030079,26.045
0.16489,0.98481,-0.026289,26.05
0.16536,0.98086,-0.041713,26.055
0.17775,0.98086,-0.052137,26.06
0.17351,0.97691,-0.044905,26.064
0.18177,0.96902,-0.052012,26.069
0.18557,0.96112,-0.044136,26.074
0.17317,0.95717,-0.03379,26.079
0.18143,0.96112,-0.040661,26.084
0.17742,0.94927,-0.041259,26.089
0.14955,0.94137,-0.051619,26.094
0.1577,0.93742,-0.054811,26.099
0.16125,0.94137,-0.039026,26.104
0.14518,0.94137,-0.040471,26.108
0.14128,0.94137,-0.044669,26.113
0.1492,0.94137,-0.04011,26.118
0.16916,0.95717,-0.034151,26.123
0.16514,0.96112,-0.034434,26.128
0.14919,0.95717,-0.039795,26.133
0.15332,0.95322,-0.043349,26.138
0.14942,0.95717,-0.047468,26.143
0.15814,0.96112,-0.069684,26.147
0.16985,0.96112,-0.05709,26.152
0.17007,0.96507,-0.064684,26.157
0.17409,0.96507,-0.064323,26.162
0.15814,0.96112,-0.069684,26.167
0.1904,0.94532,-0.070943,26.172
0.17847,0.92953,-0.076179,26.177
0.19454,0.93347,-0.074655,26.182
0.19843,0.94532,-0.07022,26.187
0.19028,0.94532,-0.067107,26.191
0.19842,0.95717,-0.069984,26.196
0.21839,0.96112,-0.064262,26.201
0.21861,0.97297,-0.071698,26.206
0.23041,1.0046,-0.062311,26.211
0.24176,1.0164,-0.037972,26.216
0.23407,1.0283,-0.049968,26.221
0.22271,1.0322,-0.073991,26.226
0.23853,1.048,-0.064558,26.23
0.26618,1.0559,-0.046525,26.235
0.23853,1.0559,-0.0644,26.24
0.22234,1.0677,-0.061774,26.245
0.19813,1.0638,-0.060185,26.25
0.18585,1.0677,-0.053518,26.255
0.19375,1.0875,-0.048565,26.26
0.19433,1.0914,-0.067667,26.265
0.16643,1.1151,-0.077398,26.27
0.15046,1.1388,-0.082207,26.274
0.12648,1.1428,-0.088134,26.279
0.11431,1.1507,-0.085224,26.284
0.13358,1.1665,-0.056248,26.289
0.14895,1.1704,-0.031705,26.294
0.13265,1.1783,-0.025321,26.299
0.11658,1.1783,-0.026767,26.304
0.10431,1.1704,-0.020336,26.309
0.10086,1.1823,-0.039643,26.313
0.10076,1.1507,-0.036436,26.318
0.10914,1.1546,-0.047144,26.323
0.10535,1.1586,-0.055099,26.328
0.13336,1.1467,-0.048969,26.333
0.16149,1.1151,-0.047069,26.338
0.16965,1.1033,-0.050418,26.343
0.16542,1.0756,-0.043659,26.348
0.1692,1.0796,-0.035546,26.353
0.1762,1.0756,-0.00037476,26.357
0.18022,1.0598,-0.00032837,26.362
0.18114,1.0598,-0.031019,26.367
0.19364,1.0796,-0.044886,26.372
0.17437,1.0756,-0.073626,26.377
0.17105,1.0638,-0.097242,26.382
0.16255,1.0717,-0.082462,26.387
0.24219,1.0756,-0.052136,26.392
0.19836,1.0598,-0.067936,26.396
0.26273,1.0638,-0.06591,26.401
0.32632,1.0322,-0.037739,26.406
0.40631,1.0164,-0.019316,26.411
0.4862,0.98481,0.0026285,26.416
0.53487,0.95322,-0.0090093,26.421
0.56967,0.89793,0.039177,26.426
0.5735,0.8308,0.045872,26.431
0.55415,0.75971,0.019629,26.436
0.58184,0.68863,0.036086,26.44
0.58451,0.63729,0.08146,26.445
0.56733,0.57805,0.1172,26.45
0.5506,0.53066,0.13782,26.455
0.49817,0.51092,0.1404,26.46
0.47799,0.48722,0.14196,26.465
0.42152,0.50302,0.14489,26.47
0.40913,0.68468,0.1551,26.475
0.43334,0.88214,0.15353,26.479
0.43395,1.0204,0.13327,26.484
0.46614,1.123,0.13437,26.489
0.48628,1.206,0.134,26.494
0.49298,1.3244,0.17928,26.499
0.49963,1.514,0.22599,26.504
0.4304,1.7707,0.25182,26.509
0.34978,2.059,0.25417,26.514
0.23796,2.3433,0.22287,26.519
0.1467,2.4065,0.17745,26.523
0.11718,2.2841,0.087722,26.528
0.10291,2.1656,0.026368,26.533
0.12986,2.0076,-0.066685,26.538
0.19506,1.9721,-0.092301,26.543
0.23288,2.0708,-0.14462,26.548
0.29338,2.2209,-0.14772,26.553
0.36905,2.3236,-0.11962,26.558
0.41925,2.2288,-0.047758,26.562
0.46422,2.0313,0.063895,26.567
0.52144,1.901,0.1703,26.572
0.54056,1.7786,0.20419,26.577
0.58859,1.6601,0.21384,26.582
0.60082,1.5614,0.20912,26.587
0.60819,1.5021,0.23168,26.592
0.61971,1.439,0.25068,26.597
0.63537,1.3363,0.26542,26.602
0.63079,1.3244,0.28401,26.606
0.65872,1.2415,0.29256,26.611
0.68254,1.1309,0.30403,26.616
0.66584,1.0362,0.32371,26.621
0.65775,0.93347,0.32478,26.626
0.62142,0.85449,0.32762,26.631
0.5695,0.76366,0.31344,26.636
0.50175,0.65309,0.28974,26.641
0.42997,0.55436,0.26592,26.646
0.3791,0.43588,0.21666,26.65
0.31206,0.28582,0.16916,26.655
0.23296,0.1634,0.12112,26.66
0.15432,0.044921,0.057822,26.665
0.091276,-0.069603,0.011391,26.67
0.056203,-0.13279,-0.02765,26.675
-0.02564,-0.27101,-0.11856,26.68
-0.12024,-0.37764,-0.18691,26.685
-0.21776,-0.41713,-0.15801,26.689
-0.22383,-0.44872,-0.089944,26.694
-0.12079,-0.44872,-0.034511,26.699
0.0039473,-0.44477,-0.030899,26.704
0.048697,-0.43687,-0.045947,26.709
-0.053643,-0.47636,0.0094462,26.714
-0.21246,-0.48821,0.068003,26.719
-0.24185,-0.46846,0.10807,26.724
-0.116,-0.40133,0.074574,26.729
0.0021454,-0.3184,0.029166,26.733
0.078396,-0.21967,0.038004,26.738
0.10257,-0.16043,0.037518,26.743
0.11905,-0.081451,0.025194,26.748
0.087015,-0.045909,0.019174,26.753
0.078752,-0.045909,0.026124,26.758
0.049804,0.0014809,0.051393,26.763
0.048519,0.033074,0.094223,26.768
0.048117,0.12785,0.10762,26.772
0.056911,0.20289,0.082988,26.777
0.11331,0.29372,0.082187,26.782
0.16558,0.3885,0.084941,26.787
0.24335,0.45958,0.043354,26.792
0.33766,0.49907,-0.012762,26.797
0.39041,0.54646,-0.026299,26.802
0.45188,0.6136,-0.061737,26.807
0.46978,0.62939,-0.12136,26.812
0.50702,0.72417,-0.15458,26.816
0.60064,0.76761,-0.1876,26.821
0.70133,0.85844,-0.18826,26.826
0.80593,0.95322,-0.18464,26.831
0.9242,1.0322,-0.23396,26.836
1.0227,1.1151,-0.29652,26.841
1.1119,1.2415,-0.31674,26.846
1.1601,1.3481,-0.31028,26.851
1.1736,1.4508,-0.22622,26.855
1.1355,1.4785,-0.029073,26.86
1.0219,1.593,0.13225,26.865
0.90606,1.743,0.23637,26.87
0.75299,1.905,0.37201,26.875
0.626,2.0195,0.44365,26.88
0.55816,2.0511,0.42279,26.885
0.48353,2.134,0.36003,26.89
0.46946,2.2683,0.29221,26.895
0.51849,2.3986,0.26846,26.899
0.57069,2.4223,0.27363,26.904
0.56729,2.3552,0.25275,26.909
0.51157,2.2841,0.23092,26.914
0.45971,2.2604,0.21424,26.919
0.3639,2.2604,0.18639,26.924
0.2613,2.288,0.11616,26.929
0.18222,2.3157,0.067281,26.934
0.098452,2.3236,0.040667,26.938
0.039363,2.3157,-0.0032761,26.943
0.0079609,2.2525,-0.030446,26.948
-0.0073854,2.2051,-0.055855,26.953
-0.039217,2.0906,-0.068704,26.958
-0.056254,1.9839,-0.03775,26.963
-0.077401,1.8418,-0.0040295,26.968
-0.10223,1.7115,0.018057,26.973
-0.094685,1.5693,0.035125,26.978
-0.098268,1.4232,0.02034,26.982
-0.089805,1.281,0.0067187,26.987
-0.10603,1.1665,0.010661,26.992
-0.13559,1.0796,0.05627,26.997
-0.14381,1.0046,0.061723,27.002
-0.13345,0.93742,0.11901,27.007
-0.072578,0.85844,0.10368,27.012
0.00092242,0.76366,0.069931,27.017
0.042065,0.66493,0.040886,27.021
0.12427,0.60175,-0.014526,27.026
0.19434,0.49512,-0.068053,27.031
0.23595,0.3806,-0.11276,27.036
0.30154,0.27002,-0.15138,27.041
0.33283,0.15155,-0.25479,27.046
0.48887,-0.041959,0.047727,27.051
0.57234,-0.16043,0.35291,27.056
0.54413,-0.19203,0.35359,27.061
0.43249,-0.18413,0.18214,27.065
0.29528,-0.22757,0.057365,27.07
0.1996,-0.25916,0.025042,27.075
0.14363,-0.30655,0.011364,27.08
0.092712,-0.35394,-0.03648,27.085
0.061411,-0.39343,-0.067014,27.09
0.033649,-0.40528,-0.081289,27.095
-0.010509,-0.44082,-0.085974,27.1
-0.022654,-0.47241,-0.083853,27.104
-0.026447,-0.46057,-0.09165,27.109
-0.0066077,-0.44082,-0.081777,27.114
0.025034,-0.39343,-0.062594,27.119
0.031298,-0.32235,-0.0029089,27.124
0.067071,-0.27496,0.012798,27.129
0.087234,-0.21967,0.011872,27.134
0.087657,-0.15648,-0.0022127,27.139
0.10013,-0.093298,-0.015213,27.144
0.12441,-0.022214,-0.019299,27.148
0.18083,0.040972,-0.020651,27.153
0.26195,0.072565,-0.039646,27.158
0.28661,0.09626,-0.056186,27.163
0.32752,0.17919,-0.077771,27.168
0.42328,0.28187,-0.047866,27.173
0.49514,0.43194,-0.026858,27.178
0.5749,0.60175,-0.0008962,27.183
0.66933,0.8071,0.073256,27.188
0.73728,0.96902,0.090303,27.192
0.80258,1.1467,0.061268,27.197
0.8985,1.356,0.085627,27.202
1.0363,1.7036,0.18961,27.207
1.1152,2.1577,0.24426,27.212
1.0693,2.6632,0.30024,27.217
0.92044,3.3938,0.4284,27.222
0.62727,4.1125,0.53563,27.227
0.48095,4.3218,0.44587,27.231
0.20323,4.3969,0.17234,27.236
0.12642,3.9348,-0.086152,27.241
0.35078,3.3385,-0.18175,27.246
0.65722,3.0384,-0.060155,27.251
0.90935,2.9791,0.12676,27.256
1.0199,2.9001,0.33515,27.261
1.0132,2.758,0.42403,27.266
0.88064,2.5842,0.41247,27.271
0.7122,2.3749,0.38928,27.275
0.60466,2.209,0.34936,27.28
0.53969,2.0511,0.36728,27.285
0.49987,1.8734,0.35244,27.29
0.4629,1.6996,0.37641,27.295
0.43082,1.6206,0.37195,27.3
0.34941,1.5061,0.4008,27.305
0.27259,1.4074,0.41114,27.31
0.22725,1.2455,0.3115,27.314
0.23149,1.0835,0.17017,27.319
0.20659,0.89793,0.060353,27.324
0.14761,0.72022,0.013024,27.329
0.056907,0.59385,0.083113,27.334
-0.0088965,0.47933,0.12875,27.339
-0.01994,0.33716,0.094143,27.344
0.001474,0.22658,0.051546,27.349
0.02277,0.11995,0.012863,27.354
0.0020738,-0.0064173,0.031553,27.358
0.063869,-0.097247,-0.014709,27.363
0.16561,-0.21177,-0.050156,27.368
0.1745,-0.2947,-0.077941,27.373
0.22222,-0.44477,-0.19205,27.378
0.2196,-0.65802,-0.23886,27.383
0.1464,-0.87522,-0.21517,27.388
0.047206,-1.0016,-0.13046,27.393
0.041137,-1.0332,-0.0624,27.397
0.1056,-0.9858,-0.063344,27.402
0.19859,-0.85548,-0.075449,27.407
0.25566,-0.72911,-0.098558,27.412
0.26383,-0.58299,-0.10259,27.417
0.25112,-0.42897,-0.081424,27.422
0.18612,-0.18018,0.071569,27.427
0.22104,-0.03801,-0.018612,27.432
0.23012,-0.030112,-0.18689,27.437
0.21863,-0.010366,-0.20676,27.441
0.23696,0.037023,-0.14647,27.446
0.28865,0.12785,0.010023,27.451
0.34371,0.1555,0.053998,27.456
0.3217,0.11995,-0.017933,27.461
0.29373,0.080463,-0.025087,27.466
0.2368,0.092311,-0.0068938,27.471
0.19593,0.12785,0.013218,27.476
0.20707,0.11601,-0.089876,27.48
0.2686,0.088362,-0.1272,27.485
0.36209,0.1239,-0.021912,27.49
0.41007,0.28187,0.12404,27.495
0.36697,0.3885,0.083832,27.5
0.32265,0.45563,-0.049601,27.505
0.30702,0.49512,-0.065604,27.51
0.33516,0.65309,-0.06376,27.515
0.41893,0.84264,-0.037043,27.52
0.49522,1.0559,-0.029757,27.524
0.55552,1.3521,-0.0261,27.529
0.60035,1.7825,0.090404,27.534
0.64562,2.2485,0.19227,27.539
0.67072,2.5052,0.1612,27.544
0.6005,2.4934,0.085401,27.549
0.47632,2.3315,0.063293,27.554
0.34596,2.1577,-0.021155,27.559
0.35847,2.1538,-0.035495,27.563
0.39394,2.3196,-0.0097515,27.568
0.4653,2.5447,0.028099,27.573
0.50494,2.6395,0.048949,27.578
0.60889,2.675,0.074402,27.583
0.72917,2.6395,0.092209,27.588
0.79395,2.5408,0.080678,27.593
0.7863,2.4736,0.067107,27.598
0.75687,2.3591,0.10833,27.603
0.69796,2.2327,0.19282,27.607
0.55527,2.1103,0.25062,27.612
0.39375,2.0274,0.26519,27.617
0.24919,1.9839,0.25131,27.622
0.15695,1.9484,0.23846,27.627
0.061496,1.9247,0.19862,27.632
-0.024988,1.8694,0.12818,27.637
-0.17206,1.8181,0.06391,27.642
-0.25602,1.7549,0.04355,27.646
-0.29628,1.7194,0.043063,27.651
-0.33239,1.6522,0.038471,27.656
-0.32981,1.5653,0.086971,27.661
-0.33067,1.4627,0.11561,27.666
-0.32383,1.3402,0.15609,27.671
-0.30404,1.2376,0.16736,27.676
-0.25852,1.1151,0.1267,27.681
-0.17341,0.98481,0.10867,27.686
-0.060299,0.85844,0.09709,27.69
0.010458,0.75181,0.020545,27.695
0.057698,0.63729,-0.077507,27.7
0.13789,0.49117,-0.20015,27.705
0.21926,0.28582,-0.22771,27.71
0.33388,0.11206,-0.15548,27.715
0.38924,0.025176,-0.12146,27.72
0.51165,-0.12884,-0.040434,27.725
0.57394,-0.28681,0.031253,27.729
0.60432,-0.44082,0.092453,27.734
0.59586,-0.50796,0.10574,27.739
0.54804,-0.55929,0.088866,27.744
0.45981,-0.57114,0.076841,27.749
0.33504,-0.52375,0.074254,27.754
0.23921,-0.49216,0.047027,27.759
0.12638,-0.43687,0.049518,27.764
0.071136,-0.35789,0.011506,27.769
0.038863,-0.3105,0.013396,27.773
0.004083,-0.28681,-0.035421,27.778
0.0046537,-0.27891,-0.054445,27.783
-0.0011993,-0.26706,-0.12782,27.788
-0.010601,-0.28681,-0.082902,27.793
-0.018732,-0.31445,-0.08034,27.798
-0.00406,-0.2947,-0.032465,27.803
-0.0097206,-0.23942,0.021985,27.808
0.0056233,-0.18808,0.047473,27.812
0.0092589,-0.12884,0.060524,27.817
-0.001334,-0.061705,0.010907,27.822
0.020088,0.00543,-0.031982,27.827
0.094862,0.092311,-0.10814,27.832
0.23367,0.17129,-0.171,27.837
0.35138,0.21868,-0.20177,27.842
0.42258,0.31346,-0.15885,27.847
0.54159,0.48327,-0.098584,27.852
0.66999,0.67678,-0.083157,27.856
0.77731,0.815,-0.036114,27.861
0.93206,1.0835,0.040884,27.866
1.0979,1.2968,0.017758,27.871
1.201,1.4666,0.068907,27.876
1.2934,1.7865,0.21056,27.881
1.5219,2.2801,0.37948,27.886
1.625,2.9831,0.43359,27.891
1.5722,4.0375,0.44992,27.896
1.1974,5.0761,0.46004,27.9
0.61845,5.1235,0.024218,27.905
0.4289,3.9704,-0.23516,27.91
0.73638,2.8843,-0.14843,27.915
0.82067,2.3828,-0.0047026,27.92
0.68866,2.2525,0.10006,27.925
0.61047,2.3157,0.15583,27.93
0.43022,2.4578,0.25785,27.935
0.28479,2.5131,0.2728,27.939
0.18692,2.4855,0.31344,27.944
0.16549,2.4223,0.35641,27.949
0.16728,2.3078,0.43121,27.954
0.19124,2.1419,0.43775,27.959
0.21993,1.9523,0.42115,27.964
0.18069,1.7588,0.38682,27.969
0.13764,1.6009,0.34517,27.974
0.054287,1.4903,0.30468,27.979
0.026368,1.356,0.29564,27.983
-0.0015644,1.2455,0.28706,27.988
0.011009,1.1388,0.27068,27.993
0.0030068,1.0875,0.26893,27.998
-0.01311,0.98086,0.26919,28.003
0.00050624,0.86239,0.21804,28.008
0.027461,0.70443,0.12499,28.013
0.046042,0.53856,0.042563,28.018
0.1113,0.41614,0.015214,28.022
0.16966,0.30951,-0.050906,28.027
0.20727,0.17129,-0.096445,28.032
0.19175,0.029125,-0.11607,28.037
0.1387,-0.1012,-0.09268,28.042
0.098975,-0.26311,-0.11103,28.047
0.066247,-0.41713,-0.093979,28.052
0.094803,-0.57904,-0.10619,28.057
0.15904,-0.73701,-0.099718,28.062
0.17516,-0.83178,-0.10016,28.066
0.18696,-0.98185,-0.090563,28.071
0.14477,-1.0648,-0.026778,28.076
0.11161,-1.0727,0.0046994,28.081
0.11147,-1.0253,0.0094809,28.086
0.15719,-0.91077,-0.037967,28.091
0.18636,-0.7449,-0.070492,28.096
0.19933,-0.56719,-0.10039,28.101
0.21585,-0.36579,-0.11411,28.105
0.23146,-0.18018,-0.097451,28.11
0.25204,-0.03801,-0.11199,28.115
0.27906,0.056769,-0.073042,28.12
0.29667,0.14365,0.011061,28.125
0.33566,0.18709,0.053905,28.13
0.33577,0.18314,0.04999,28.135
0.30422,0.18709,0.027996,28.14
0.24728,0.21078,0.046426,28.145
0.15062,0.27792,0.046762,28.149
0.034123,0.32136,0.037146,28.154
-0.053,0.3727,-0.011981,28.159
-0.10292,0.38455,-0.09317,28.164
-0.051041,0.36875,-0.077278,28.169
0.12699,0.28977,-0.10515,28.174
0.32718,0.349,0.067921,28.179
0.49842,0.45563,0.26626,28.184
0.56497,0.48722,0.19595,28.188
0.61135,0.48722,-0.0076,28.193
0.69425,0.59385,-0.086479,28.198
0.80851,0.84264,-0.0019804,28.203
0.85687,0.94927,-0.0031887,28.208
0.89175,1.1586,-0.09203,28.213
0.89737,1.5337,-0.010934,28.218
0.90262,1.9523,0.082537,28.223
0.90868,2.3591,0.14892,28.228
0.79047,2.5842,0.19663,28.232
0.53325,2.675,0.17915,28.237
0.22853,2.7738,0.13446,28.242
0.073081,2.912,0.080925,28.247
0.054065,3.0542,0.04359,28.252
0.13417,3.2595,-0.075881,28.257
0.2905,3.3938,-0.18607,28.262
0.43629,3.3029,-0.21323,28.267
0.53745,3.1845,-0.094939,28.271
0.55022,3.1055,0.016185,28.276
0.51958,2.8962,0.23235,28.281
0.47922,2.6198,0.36936,28.286
0.39758,2.3236,0.4061,28.291
0.24511,2.0787,0.38748,28.296
0.16466,1.8892,0.38414,28.301
0.10003,1.747,0.39086,28.306
0.029965,1.672,0.30997,28.311
-0.0039661,1.6246,0.23288,28.315
-0.037895,1.5732,0.15572,28.32
-0.061279,1.5337,0.12974,28.325
-0.073388,1.4429,0.13068,28.33
-0.057053,1.3758,0.12312,28.335
-0.02535,1.3205,0.14025,28.34
-0.01374,1.2849,0.15597,28.345
-0.014731,1.2099,0.189,28.35
-0.05852,1.1349,0.17202,28.354
-0.089913,1.0559,0.14453,28.359
-0.11294,0.99666,0.10666,28.364
-0.13217,0.91373,0.076341,28.369
-0.099285,0.815,0.054246,28.374
-0.045039,0.68468,-0.008872,28.379
0.009569,0.52671,-0.08405,28.384
0.09414,0.33716,-0.084077,28.389
0.18984,0.1397,-0.052486,28.394
0.28015,-0.053807,0.024858,28.398
0.36734,-0.22362,0.071623,28.403
0.43881,-0.38553,0.10559,28.408
0.45758,-0.50796,0.15099,28.413
0.45418,-0.56324,0.13035,28.418
0.43149,-0.61853,0.081038,28.423
0.39719,-0.63038,0.016168,28.428
0.34751,-0.62248,-0.072773,28.433
0.27302,-0.58299,-0.14023,28.438
0.2046,-0.5356,-0.1416,28.442
0.13974,-0.49216,-0.12733,28.447
0.082213,-0.44477,-0.089248,28.452
0.049225,-0.35789,-0.063553,28.457
0.0082073,-0.27496,-0.038659,28.462
0.011009,-0.16833,0.0021921,28.467
-0.0012118,-0.073552,0.0068345,28.472
0.011267,-0.022214,-0.0064024,28.477
0.014473,-0.014316,0.020971,28.481
0.014245,-0.018265,0.028565,28.486
0.02181,-0.0064173,0.044869,28.491
0.029121,0.044921,0.069634,28.496
0.024508,0.080463,0.089163,28.501
0.036653,0.11206,0.087041,28.506
0.02564,0.11206,0.05143,28.511
0.012457,0.10416,-0.046081,28.516
-0.0053297,0.11601,-0.12438,28.521
0.041358,0.1555,-0.20401,28.525
0.12729,0.18709,-0.2495,28.53
0.22354,0.23448,-0.23604,28.535
0.32482,0.30161,-0.12173,28.54
0.40184,0.43194,-0.0044811,28.545
0.47013,0.5899,0.13561,28.55
0.52172,0.66888,0.16107,28.555
0.5977,0.8308,0.17884,28.56
0.65889,0.97691,0.15265,28.564
0.67976,1.202,0.12825,28.569
0.71506,1.4548,0.15957,28.574
0.90435,1.7391,0.15921,28.579
1.1994,2.0748,0.25787,28.584
1.4068,2.5921,0.45998,28.589
1.5037,3.3464,0.58381,28.594
1.3352,4.4679,0.69877,28.599
0.90477,5.2301,0.41371,28.604
0.365,5.0524,0.015373,28.608
0.23402,4.0177,-0.18252,28.613
0.48728,3.2161,-0.033429,28.618
0.62482,2.8685,0.21434,28.623
0.69786,2.7659,0.33041,28.628
0.52841,2.675,0.47491,28.633
0.27416,2.5961,0.49276,28.638
0.11873,2.5092,0.43856,28.643
0.041786,2.4183,0.4529,28.647
0.029129,2.2801,0.47208,28.652
0.032432,2.1261,0.49622,28.657
-0.0037421,1.98,0.49389,28.662
-0.066436,1.8615,0.43587,28.667
-0.097335,1.7272,0.39194,28.672
-0.080144,1.5772,0.35587,28.677
-0.074882,1.4192,0.31471,28.682
-0.04848,1.2218,0.24005,28.687
0.0049751,1.0677,0.20332,28.691
0.05024,0.98481,0.17111,28.696
0.096242,0.8229,0.11431,28.701
0.069287,0.61754,0.073161,28.706
0.042303,0.45958,0.032953,28.711
0.088536,0.29767,-0.031517,28.716
0.1025,0.17129,-0.094335,28.721
0.16442,0.072565,-0.14459,28.726
0.22835,0.04887,-0.12777,28.73
0.34504,0.064667,-0.12465,28.735
0.40017,-0.022214,-0.082955,28.74
0.34942,-0.18018,-0.0022079,28.745
0.31245,-0.33814,0.022079,28.75
0.33367,-0.51191,-0.014107,28.755
0.36255,-0.64618,-0.037273,28.76
0.38372,-0.72516,-0.071567,28.765
0.3606,-0.82784,-0.10647,28.77
0.26609,-0.88707,-0.17771,28.774
0.14344,-0.91472,-0.25085,28.779
0.075477,-0.85943,-0.2674,28.784
0.07852,-0.77255,-0.23462,28.789
0.16128,-0.63433,-0.1744,28.794
0.22727,-0.46846,-0.092054,28.799
0.2686,-0.32235,0.0069086,28.804
0.28644,-0.21967,0.083654,28.809
0.28924,-0.11699,0.12443,28.813
0.27633,-0.026163,0.15201,28.818
0.20458,0.033074,0.1275,28.823
0.1217,0.080463,0.070984,28.828
0.098053,0.10416,0.053943,28.833
0.055462,0.14365,-0.0029542,28.838
0.023782,0.15945,-0.020876,28.843
-0.0090598,0.19499,-4.1043e-05,28.848
-0.042691,0.20289,0.047097,28.853
-0.090689,0.25817,0.036189,28.857
-0.094612,0.29372,0.032701,28.862
-0.072132,0.30556,0.088814,28.867
0.033142,0.25028,-0.064377,28.872
0.17054,0.36085,0.05406,28.877
0.26218,0.60175,0.22099,28.882
0.32367,0.66098,0.050764,28.887
0.38519,0.65309,-0.1208,28.892
0.45411,0.73997,-0.13594,28.896
0.49489,0.87029,-0.15275,28.901
0.52594,0.93742,-0.11399,28.906
0.60352,1.0993,-0.015295,28.911
0.63244,1.3007,-0.039438,28.916
0.74087,1.6759,0.10476,28.921
0.92329,2.0985,0.19887,28.926
1.0235,2.5013,0.21595,28.931
0.99943,2.7777,0.21162,28.936
0.80294,2.837,0.18358,28.94
0.48515,2.7185,0.17184,28.945
0.18963,2.5882,0.088785,28.95
0.026183,2.6671,0.03334,28.955
0.0069459,2.987,0.0033867,28.96
0.15001,3.4096,0.067027,28.965
0.22188,3.3582,0.087855,28.97
0.19374,3.2082,0.086168,28.975
0.15541,3.0028,0.15554,28.979
0.12087,2.8014,0.23303,28.984
0.10273,2.6119,0.3007,28.989
0.056595,2.4223,0.36199,28.994
-0.011689,2.2406,0.35606,28.999
-0.11325,2.059,0.3856,29.004
-0.22066,1.8773,0.34153,29.009
-0.23984,1.7075,0.30948,29.014
-0.24892,1.5614,0.20957,29.019
-0.2041,1.4508,0.19216,29.023
-0.21,1.3402,0.12018,29.028
-0.18092,1.2652,0.090523,29.033
-0.15725,1.2218,0.10717,29.038
-0.12545,1.1981,0.1211,29.043
-0.085725,1.1546,0.13919,29.048
-0.062297,1.1191,0.16367,29.053
-0.050426,1.0322,0.17069,29.058
-0.045792,0.96112,0.15046,29.062
0.0073903,0.87819,0.12281,29.067
0.081483,0.75576,0.06933,29.072
0.17199,0.63334,0.0057868,29.077
0.27489,0.50302,-0.068339,29.082
0.33672,0.349,-0.11586,29.087
0.40911,0.18709,-0.11258,29.092
0.45028,0.029125,-0.008178,29.097
0.47137,-0.14069,0.094184,29.102
0.48832,-0.2947,0.20034,29.106
0.48415,-0.42502,0.20505,29.111
0.44815,-0.48031,0.19686,29.116
0.4334,-0.56324,0.15156,29.121
0.41188,-0.63038,0.063649,29.126
0.37356,-0.63433,-0.001425,29.131
0.32651,-0.62248,-0.043889,29.136
0.19509,-0.56324,-0.092999,29.141
0.090042,-0.48821,-0.081719,29.146
0.021497,-0.42502,-0.078931,29.15
-0.046905,-0.40923,-0.080925,29.155
-0.12406,-0.34999,-0.059757,29.16
-0.16885,-0.28681,-0.043291,29.165
-0.16993,-0.21572,-0.0073465,29.17
-0.15448,-0.13674,0.014856,29.175
-0.10265,-0.081451,0.032167,29.18
-0.074658,-0.069603,0.03877,29.185
-0.047061,0.025176,0.058536,29.189
-0.015171,0.040972,0.069415,29.194
0.0032034,0.029125,-0.0061013,29.199
0.0054839,0.064667,-0.082119,29.204
0.02254,0.1397,-0.1137,29.209
0.12736,0.25028,-0.11744,29.214
0.26192,0.33321,-0.17292,29.219
0.41164,0.39244,-0.19672,29.224
0.52058,0.48327,-0.069701,29.229
0.62042,0.65704,0.092779,29.233
0.70892,0.7992,0.095895,29.238
0.77425,0.92558,0.065836,29.243
0.84635,1.0677,0.079014,29.248
0.87487,1.1625,0.06809,29.253
0.9632,1.3876,0.076695,29.258
1.0436,1.672,0.21656,29.263
1.1369,2.0195,0.32807,29.268
1.187,2.4855,0.40345,29.272
1.1789,3.3306,0.53887,29.277
0.97357,4.4995,0.67071,29.282
0.63326,5.2538,0.33589,29.287
0.25935,5.0011,-0.087482,29.292
0.30723,3.8321,-0.20657,29.297
0.65656,2.9831,-0.03824,29.302
0.77977,2.6316,0.15046,29.307
0.60347,2.4855,0.25476,29.312
0.36838,2.4302,0.30559,29.316
0.27911,2.4104,0.32793,29.321
0.15348,2.367,0.35422,29.326
0.12826,2.3196,0.38947,29.331
0.16263,2.2011,0.45174,29.336
0.17361,2.0787,0.48875,29.341
0.16183,1.9997,0.47842,29.346
0.13895,1.8892,0.43568,29.351
0.12424,1.7509,0.38928,29.355
0.13694,1.6167,0.3685,29.36
0.13368,1.5021,0.34284,29.365
0.13042,1.3995,0.31741,29.37
0.094937,1.2534,0.29206,29.375
0.059944,1.0559,0.25034,29.38
0.0012204,0.8229,0.19424,29.385
-0.040882,0.62149,0.12103,29.39
-0.064225,0.51487,0.093712,29.395
-0.10049,0.32926,0.094429,29.399
-0.12968,0.20289,0.12774,29.404
-0.12365,0.088362,0.19523,29.409
-0.063366,0.021227,0.19932,29.414
-0.027186,-0.034061,0.20147,29.419
0.02139,-0.093298,0.19311,29.424
0.013985,-0.18018,0.17148,29.429
0.028345,-0.19598,0.09552,29.434
-0.022178,-0.3263,0.034513,29.438
-0.1624,-0.5198,0.010329,29.443
-0.25235,-0.72516,-0.078807,29.448
-0.27782,-0.91077,-0.16944,29.453
-0.25548,-1.0371,-0.24304,29.458
-0.25098,-1.0687,-0.25866,29.463
-0.21392,-1.0687,-0.28609,29.468
-0.14177,-1.0134,-0.27465,29.473
-0.084287,-0.82389,-0.17721,29.478
0.0044904,-0.58299,-0.049001,29.482
0.11645,-0.33025,-0.02233,29.487
0.19507,-0.14464,-0.092322,29.492
0.23345,-0.034061,-0.16359,29.497
0.24925,0.025176,-0.15329,29.502
0.33666,0.072565,-0.1137,29.507
0.43074,0.084413,-0.028064,29.512
0.4741,0.09626,0.0030025,29.517
0.47778,0.084413,0.014637,29.521
0.46091,0.080463,0.039966,29.526
0.44852,0.088362,0.050548,29.531
0.41637,0.11995,0.048287,29.536
0.32822,0.1476,0.033213,29.541
0.21884,0.17919,0.054774,29.546
0.11966,0.25422,0.0050348,29.551
0.069445,0.3727,-0.066355,29.556
0.13836,0.45563,-0.081574,29.561
0.40973,0.50302,-0.13314,29.565
0.76843,0.68073,0.12581,29.57
0.98333,0.89003,0.34552,29.575
1.0295,0.90978,0.015403,29.58
1.0822,1.0085,-0.26638,29.585
1.1772,1.435,0.058435,29.59
1.2407,1.9326,0.22412,29.595
1.2704,2.5526,0.1738,29.6
1.225,2.9949,0.20934,29.604
1.1258,3.4728,0.15996,29.609
0.79735,3.0463,-0.30127,29.614
0.37693,2.442,-0.51659,29.619
0.14427,2.1498,-0.41259,29.624
0.15214,2.0432,-0.54096,29.629
0.13771,2.1774,-0.46264,29.634
0.19179,2.4776,-0.25174,29.639
0.22813,2.7106,-0.12072,29.644
0.28203,2.7619,-0.037905,29.648
0.47417,2.6869,0.00096711,29.653
0.71833,2.5408,0.050793,29.658
0.82961,2.3907,0.10012,29.663
0.83623,2.2446,0.1478,29.668
0.79599,2.1774,0.14668,29.673
0.66307,2.0511,0.14758,29.678
0.50546,1.9405,0.1658,29.683
0.3871,1.826,0.21825,29.688
0.32991,1.7075,0.24536,29.692
0.28878,1.5969,0.27406,29.697
0.27208,1.5061,0.29382,29.702
0.25103,1.3876,0.32418,29.707
0.23055,1.2849,0.33567,29.712
0.25449,1.1586,0.34299,29.717
0.2548,1.0362,0.33288,29.722
0.21457,0.94532,0.33129,29.727
0.2197,0.82685,0.29476,29.731
0.18523,0.72022,0.23567,29.736
0.16218,0.68468,0.19827,29.741
0.17107,0.6136,0.17072,29.746
0.18658,0.57805,0.19063,29.751
0.19554,0.56621,0.16043,29.756
0.20804,0.57015,0.14625,29.761
0.19714,0.5741,0.10688,29.766
0.19027,0.56226,0.067557,29.771
0.17526,0.52671,0.030876,29.775
0.15532,0.48722,0.024444,29.78
0.15213,0.44378,-0.0036378,29.785
0.12876,0.38455,-0.030006,29.79
0.1248,0.29767,-0.0321,29.795
0.10798,0.21473,-0.0083462,29.8
0.088189,0.10811,-0.019953,29.805
0.075743,0.0014809,-0.0078189,29.81
0.046833,-0.014316,0.01619,29.814
0.0072717,-0.057756,-0.0074728,29.819
-0.064406,-0.12489,-0.0345,29.824
-0.12024,-0.20387,-0.052645,29.829
-0.13272,-0.26311,-0.039565,29.834
-0.093097,-0.31445,-0.017793,29.839
-0.053153,-0.33419,-0.0068997,29.844
-0.013567,-0.33025,0.015975,29.849
-0.017495,-0.28681,0.012644,29.854
-0.037962,-0.21967,0.023685,29.858
-0.05017,-0.14464,0.027933,29.863
-0.050553,-0.081451,0.040702,29.868
-0.038063,-0.049858,0.027072,29.873
-0.045297,-0.03801,-0.00026903,29.878
-0.03279,-0.034061,-0.014451,29.883
-0.036591,-0.010366,-0.022013,29.888
-0.046606,0.033074,0.043348,29.893
-0.049142,0.040972,0.1279,29.897
-0.0063561,0.060718,0.17831,29.902
0.056394,0.10416,0.1002,29.907
0.16585,0.1555,-0.058176,29.912
0.32188,0.21868,-0.15827,29.917
0.50865,0.29372,-0.074566,29.922
0.71455,0.40824,0.042422,29.927
0.85952,0.53066,0.042532,29.932
0.93046,0.68863,0.094388,29.937
0.9721,0.88214,0.18279,29.941
1.0592,1.0677,0.2328,29.946
1.0993,1.1744,0.23855,29.951
1.1419,1.4824,0.2947,29.956
1.1556,1.9247,0.37402,29.961
1.2076,2.4144,0.38849,29.966
1.2518,3.1292,0.39138,29.971
1.1485,4.1797,0.47618,29.976
0.79881,5.1432,0.18702,29.98
0.31647,5.475,-0.3806,29.985
0.46783,4.5469,-0.59326,29.99
0.84155,3.5912,-0.29793,29.995
0.80613,2.8922,0.077264,30
0.45585,2.3907,0.20881,30.005
0.10559,2.0708,0.20551,30.01
-0.10885,1.8181,0.23885,30.015
-0.17846,1.7351,0.27709,30.02
-0.24607,1.5574,0.38285,30.024
-0.31659,1.4587,0.45146,30.029
-0.38987,1.3916,0.47814,30.034
-0.42512,1.4232,0.44483,30.039
-0.39506,1.4429,0.38254,30.044
-0.34435,1.4706,0.30303,30.049
-0.27434,1.4627,0.25147,30.054
-0.20043,1.4429,0.20387,30.059
-0.16801,1.3521,0.19728,30.063
-0.10714,1.2731,0.18195,30.068
-0.058297,1.1467,0.16458,30.073
-0.017716,1.0243,0.15425,30.078
0.019096,0.87424,0.13532,30.083
0.039836,0.73602,0.11519,30.088
0.068815,0.63729,0.0889,30.093
0.066046,0.47538,0.046946,30.098
0.06704,0.35295,0.013814,30.103
0.052652,0.24238,-0.043546,30.107
0.089433,0.14365,-0.061444,30.112
0.12941,0.072565,-0.051574,30.117
0.14835,0.04887,-0.011876,30.122
0.16444,0.021227,-0.010982,30.127
0.19199,-0.0024682,0.010257,30.132
0.19934,-0.018265,0.033683,30.137
0.19914,-0.069603,0.040332,30.142
0.20721,-0.13279,0.039794,30.146
0.2115,-0.21177,0.030908,30.151
0.1878,-0.29075,0.015655,30.156
0.17199,-0.34209,0.0055122,30.161
0.12041,-0.43292,-0.02018,30.166
0.085117,-0.50796,-0.051784,30.171
0.057832,-0.54745,-0.081956,30.176
0.10602,-0.5435,-0.07754,30.181
0.18621,-0.49611,-0.065529,30.186
0.29036,-0.42897,-0.047119,30.19
0.36212,-0.31445,-0.022983,30.195
0.42623,-0.25521,-0.012182,30.2
0.43824,-0.18808,-0.0097584,30.205
0.42822,-0.12884,0.055918,30.21
0.38698,-0.065654,0.08809,30.215
0.30272,0.0014809,0.078002,30.22
0.18573,0.084413,0.084519,30.225
0.12938,0.10811,0.083767,30.229
0.058903,0.14365,0.016589,30.234
0.051985,0.20289,-0.021316,30.239
0.11854,0.22263,-0.091865,30.244
0.2258,0.28187,-0.17719,30.249
0.34392,0.39244,-0.087417,30.254
0.45249,0.55041,0.052453,30.259
0.5202,0.72022,0.07733,30.264
0.53435,0.88214,-0.12588,30.269
0.68393,1.0283,-0.41338,30.273
0.94144,1.3876,-0.4061,30.278
1.1547,1.8852,-0.13077,30.283
1.1521,2.679,0.22338,30.288
1.2593,3.5873,0.67818,30.293
1.3773,3.5359,0.50313,30.298
1.4812,2.9001,-0.54269,30.303
1.0692,3.141,-0.63649,30.308
0.18805,3.686,0.14137,30.312
-0.29979,3.2832,-0.6453,30.317
-0.2773,2.9317,-0.85803,30.322
0.15761,2.8725,-0.45464,30.327
0.37046,2.6553,-0.16671,30.332
0.45802,2.2406,0.0021292,30.337
0.58619,1.8576,0.15987,30.342
0.72342,1.4627,0.28357,30.347
0.84477,1.1665,0.40012,30.352
0.9268,0.98876,0.48473,30.356
0.97655,0.89398,0.4373,30.361
0.97569,0.8071,0.33163,30.366
0.96475,0.87819,0.2936,30.371
0.85782,1.0519,0.2336,30.376
0.67431,1.2928,0.17574,30.381
0.49454,1.4074,0.12723,30.386
0.34741,1.4508,0.064851,30.391
0.2516,1.4311,0.0366,30.396
0.20343,1.3916,0.031475,30.4
0.17915,1.3165,0.035482,30.405
0.17838,1.2573,0.061155,30.41
0.16569,1.1823,0.081592,30.415
0.13323,1.1467,0.0895,30.42
0.11719,1.1072,0.087266,30.425
0.084279,1.0638,0.11036,30.43
0.048713,1.0559,0.08777,30.435
0.041493,1.0441,0.059957,30.439
0.045641,1.0164,0.05593,30.444
0.021668,1.0006,0.04961,30.449
0.013992,0.98086,0.036985,30.454
0.018819,0.97297,0.010334,30.459
0.035138,0.93347,0.0033198,30.464
0.01186,0.90978,-0.026176,30.469
0.014974,0.87819,0.004246,30.474
0.0074352,0.8229,-0.012925,30.479
-0.0056305,0.79131,0.019887,30.483
-0.033961,0.76761,0.024557,30.488
-0.046441,0.72022,0.037873,30.493
-0.027111,0.62939,0.064722,30.498
-0.020288,0.53461,0.10575,30.503
-0.015783,0.48722,0.089825,30.508
-0.036181,0.43983,0.098582,30.513
-0.040176,0.40429,0.097511,30.518
-0.036362,0.3569,0.1046,30.522
-0.05285,0.29372,0.11724,30.527
-0.064537,0.26607,0.10409,30.532
-0.088942,0.20289,0.11217,30.537
-0.11784,0.15945,0.13563,30.542
-0.1426,0.1239,0.15577,30.547
-0.19181,0.080463,0.18509,30.552
-0.22852,0.056769,0.20055,30.557
-0.25699,0.076514,0.20992,30.562
-0.23257,0.11995,0.20145,30.566
-0.19268,0.19894,0.21431,30.571
-0.18066,0.24633,0.21634,30.576
-0.14388,0.33321,0.19831,30.581
-0.13519,0.39639,0.17728,30.586
-0.11122,0.40824,0.18352,30.591
-0.095282,0.43194,0.18927,30.596
-0.1069,0.47933,0.17379,30.601
-0.094324,0.56226,0.15734,30.605
-0.061905,0.65704,0.15062,30.61
-0.036955,0.77156,0.12438,30.615
0.0031273,0.90583,0.13067,30.62
0.080423,0.98876,0.10467,30.625
0.17289,1.0322,0.11001,30.63
0.21659,1.0638,0.12996,30.635
0.2441,1.1072,0.15254,30.64
0.30893,1.1191,0.13938,30.645
0.33716,1.1151,0.138,30.649
0.37365,1.1191,0.12982,30.654
0.39752,1.1191,0.13966,30.659
0.40979,1.123,0.13315,30.664
0.42218,1.1309,0.12288,30.669
0.41907,1.1586,0.092382,30.674
0.44014,1.2376,0.061238,30.679
0.49779,1.3639,0.018947,30.684
0.54306,1.4706,-0.013313,30.688
0.61184,1.5811,-0.024144,30.693
0.7162,1.6917,-0.01254,30.698
0.79245,1.7865,-0.0037819,30.703
0.85299,1.8773,-0.0080571,30.708
0.86638,1.9405,-0.051748,30.713
0.84664,1.9523,-0.064828,30.718
0.76267,1.8931,-0.085109,30.723
0.61393,1.7509,-0.093647,30.728
0.49706,1.6325,-0.091147,30.732
0.3755,1.51,-0.06607,30.737
0.29718,1.4113,-0.0058532,30.742
0.18279,1.3679,0.048377,30.747
0.10123,1.3165,0.082323,30.752
0.03493,1.2613,0.14449,30.757
-0.022198,1.2257,0.16941,30.762
-0.063277,1.2178,0.19633,30.767
-0.12008,1.2218,0.21053,30.771
-0.18124,1.2099,0.23556,30.776
-0.22899,1.2376,0.21643,30.781
-0.22086,1.2573,0.21371,30.786
-0.17256,1.2889,0.21484,30.791
-0.10797,1.3086,0.20951,30.796
-0.0585,1.2928,0.17133,30.801
-0.013832,1.2455,0.15902,30.806
0.018449,1.1862,0.15689,30.811
0.043606,1.1467,0.12375,30.815
0.048572,1.0993,0.092473,30.82
0.072933,1.0441,0.085866,30.825
0.09293,0.99271,0.090486,30.83
0.10546,0.96112,0.075595,30.835
0.10961,0.92558,0.071411,30.84
0.11399,0.89793,0.059712,30.845
0.15072,0.88609,0.043548,30.85
0.15933,0.87424,0.024853,30.854
0.17931,0.86239,0.03026,30.859
0.21086,0.85844,0.052254,30.864
0.23153,0.84264,0.034565,30.869
0.24476,0.7992,-0.00358,30.874
0.25305,0.74392,-0.011633,30.879
0.24023,0.68468,0.012956,30.884
0.25483,0.64519,0.063486,30.889
0.25862,0.63729,0.071363,30.894
0.24222,0.6136,0.080953,30.898
0.23041,0.6057,0.072038,30.903
0.22181,0.58595,0.090103,30.908
0.21768,0.5899,0.093657,30.913
0.18073,0.58595,0.11718,30.918
0.18026,0.5899,0.1326,30.923
0.20401,0.6057,0.1466,30.928
0.16337,0.62544,0.15872,30.933
0.13043,0.64124,0.183,30.938
0.13075,0.66888,0.17204,30.942
0.11102,0.66493,0.15865,30.947
0.095064,0.67678,0.1536,30.952
0.078749,0.70837,0.16046,30.957
0.075069,0.72417,0.1489,30.962
0.038323,0.76366,0.16562,30.967
0.014547,0.80315,0.15273,30.972
-0.010162,0.86239,0.17092,30.977
-0.026015,0.89398,0.16243,30.981
-0.042229,0.94927,0.16593,30.986
-0.042833,0.99666,0.18605,30.991
-0.042959,1.0164,0.19028,30.996
-0.058358,1.0559,0.16661,31.001
-0.056629,1.0519,0.10898,31.006
-0.072116,1.048,0.088278,31.011
-0.06006,1.0362,0.089126,31.016
-0.055457,1.0164,0.069912,31.021
-0.066101,0.97691,0.022004,31.025
-0.057918,0.91768,0.017709,31.03
-0.026234,0.89398,0.035473,31.035
0.0012953,0.90978,0.0575,31.04
0.029048,0.93742,0.072091,31.045
0.08078,0.96902,0.092765,31.05
0.10297,1.0756,0.15844,31.055
0.15341,1.1546,0.22226,31.06
0.1495,1.1625,0.21822,31.064
0.15953,1.1033,0.15254,31.069
0.12127,0.99271,0.085344,31.074
0.12225,0.89793,0.052763,31.079
0.095089,0.84659,0.018518,31.084
0.07077,0.8308,0.023707,31.089
0.07054,0.8308,0.031379,31.094
0.074552,0.8387,0.031898,31.099
0.142,0.88214,0.065764,31.104
0.20222,0.91768,0.071895,31.108
0.21518,0.92953,0.042525,31.113
0.22333,0.92953,0.039411,31.118
0.22782,0.91373,0.024113,31.123
0.21588,0.90978,0.019113,31.128
0.2121,0.90583,0.011,31.133
0.22105,0.90583,-0.018967,31.138
0.20591,0.90188,-0.051182,31.143
0.2018,0.87819,-0.04818,31.147
0.23471,0.90583,-0.071591,31.152
0.24308,0.92558,-0.081983,31.157
0.29586,0.94137,-0.096151,31.162
0.3281,0.94532,-0.097017,31.167
0.35887,0.92558,-0.18312,31.172
0.34385,0.91768,-0.21925,31.177
0.38023,0.91373,-0.22374,31.182
0.42382,0.94137,-0.20003,31.187
0.45982,0.98086,-0.19216,31.191
0.47542,0.99666,-0.17505,31.196
0.47897,1.0085,-0.15911,31.201
0.49846,1.0322,-0.13765,31.206
0.48262,1.0401,-0.14661,31.211
0.47917,1.048,-0.16599,31.216
0.45921,1.048,-0.17164,31.221
0.43913,1.048,-0.17344,31.226
0.4195,1.0519,-0.19052,31.23
0.43569,1.0441,-0.19307,31.235
0.41998,1.0243,-0.20641,31.24
0.448,0.98481,-0.20084,31.245
0.4401,0.96112,-0.20587,31.25
0.44378,0.94137,-0.19439,31.255
0.43553,0.92558,-0.18776,31.26
0.45147,0.94532,-0.18208,31.265
0.46283,0.94137,-0.15806,31.27
0.43516,0.96507,-0.17546,31.274
0.3949,0.93742,-0.17579,31.279
0.36652,0.98876,-0.16962,31.284
0.37098,1.0204,-0.18398,31.289
0.37546,1.0204,-0.19896,31.294
0.38361,1.0164,-0.20215,31.299
0.3789,1.0164,-0.1795,31.304
0.37523,1.0243,-0.19121,31.309
0.38314,1.0283,-0.18657,31.313
0.40218,1.0441,-0.14992,31.318
0.39436,1.0677,-0.15785,31.323
0.36246,1.0677,-0.16841,31.328
0.34367,1.0243,-0.21328,31.333
0.3365,0.92953,-0.24275,31.338
0.32041,0.96507,-0.24349,31.343
0.3148,0.94532,-0.19053,31.348
0.29448,0.96507,-0.18427,31.353
0.30581,0.99666,-0.15954,31.357
0.32154,0.99271,-0.14667,31.362
0.30996,0.96507,-0.16365,31.367
0.30997,0.95322,-0.16388,31.372
0.29003,0.91373,-0.17032,31.377
0.2774,0.92953,-0.1519,31.382
0.28083,0.94532,-0.13204,31.387
0.28495,0.96112,-0.1352,31.392
0.25638,0.95717,-0.12247,31.396
0.27693,0.94532,-0.13624,31.401
0.26821,0.93742,-0.11411,31.406
0.27567,0.93347,-0.094279,31.411
0.27968,0.94532,-0.093682,31.416
0.25995,0.92558,-0.10739,31.421
0.25594,0.91373,-0.10799,31.426
0.24069,0.90583,-0.13645,31.431
0.24057,0.90583,-0.13261,31.436
0.2237,0.91373,-0.10704,31.44
0.21565,0.93347,-0.10737,31.445
0.20393,0.96507,-0.11934,31.45
0.22814,0.97691,-0.12077,31.455
0.22388,0.98481,-0.1133,31.46
0.1874,0.98086,-0.10512,31.465
0.17981,0.99666,-0.12088,31.47
0.15949,1.0243,-0.11446,31.475
0.148,1.0362,-0.13449,31.479
0.13653,1.0362,-0.15475,31.484
0.13193,1.0559,-0.13554,31.489
0.11183,1.0835,-0.1368,31.494
0.096112,1.0796,-0.14983,31.499
0.075909,1.0914,-0.14757,31.504
0.071801,1.0519,-0.14488,31.509
0.075484,1.0322,-0.1334,31.514
0.099123,1.0283,-0.11597,31.519
0.082727,1.0046,-0.10638,31.523
0.10212,1.0085,-0.081472,31.528
0.1021,1.0283,-0.081078,31.533
0.10612,1.0243,-0.080795,31.538
0.11403,1.048,-0.075763,31.543
0.12998,1.0441,-0.07056,31.548
0.1418,1.0322,-0.062039,31.553
0.13801,1.0401,-0.069916,31.558
0.14191,1.0401,-0.065718,31.562
0.14663,1.0322,-0.088532,31.567
0.14675,1.0243,-0.092526,31.572
0.17073,1.0243,-0.086521,31.577
0.17453,1.0006,-0.078959,31.582
0.17866,0.99271,-0.082592,31.587
0.19083,0.99666,-0.085265,31.592
0.1743,0.99666,-0.071365,31.597
0.19072,0.98481,-0.081665,31.602
0.18258,0.97691,-0.078709,31.606
0.17845,0.96507,-0.07547,31.611
0.17834,0.95322,-0.07187,31.616
0.1912,0.95717,-0.097561,31.621
0.1873,0.94927,-0.10192,31.626
0.19499,0.93742,-0.089921,31.631
0.17526,0.93347,-0.10332,31.636
0.18295,0.92953,-0.091163,31.641
0.18249,0.92558,-0.075897,31.646
0.18995,0.92953,-0.055913,31.65
0.21003,0.92953,-0.054106,31.655
0.206,0.94137,-0.054231,31.66
0.20669,0.94137,-0.077249,31.665
0.20198,0.94927,-0.054435,31.67
0.19798,0.93347,-0.055112,31.675
0.18158,0.91768,-0.045364,31.68
0.17722,0.91373,-0.034295,31.685
0.15656,0.90978,-0.016999,31.689
0.12076,0.90188,-0.031919,31.694
0.10515,0.91768,-0.048395,31.699
0.093926,0.88609,-0.076964,31.704
0.070528,0.87029,-0.10247,31.709
0.05743,0.89398,-0.068551,31.714
0.061556,0.90188,-0.071868,31.719
0.074866,0.90978,-0.11283,31.724
0.090574,0.92953,-0.099477,31.729
0.10699,0.91768,-0.10978,31.733
0.12362,0.94137,-0.12704,31.738
0.16057,0.94532,-0.15056,31.743
0.18098,0.96902,-0.15979,31.748
0.19704,0.97297,-0.15827,31.753
0.22125,0.97691,-0.15985,31.758
0.22573,0.97691,-0.17484,31.763
0.25865,1.0085,-0.19817,31.768
0.26289,1.0164,-0.20532,31.772
0.27045,1.0283,-0.18902,31.777
0.28169,1.0441,-0.16077,31.782
0.29006,1.048,-0.17147,31.787
0.28214,1.0519,-0.17595,31.792
0.274,1.0519,-0.17284,31.797
0.26918,1.048,-0.14643,31.802
0.26034,1.0519,-0.12022,31.807
0.2444,1.0362,-0.12581,31.812
0.23969,1.0283,-0.10331,31.816
0.24669,1.0283,-0.068065,31.821
0.22684,1.0283,-0.077545,31.826
0.21089,1.0322,-0.082748,31.831
0.20286,1.0243,-0.083629,31.836
0.16659,1.0283,-0.082967,31.841
0.1137,1.0085,-0.065042,31.846
0.081346,1.0046,-0.06034,31.851
0.07286,0.99271,-0.045954,31.855
0.04877,0.98086,-0.048359,31.86
0.052558,0.97691,-0.040404,31.865
0.040631,0.96507,-0.045561,31.87
0.040399,0.96902,-0.037809,31.875
0.024796,0.96507,-0.054679,31.88
0.03661,0.97297,-0.045765,31.885
0.032484,0.96507,-0.042447,31.89
0.028233,0.97297,-0.034979,31.895
0.024667,0.98876,-0.05037,31.899
0.020764,0.99271,-0.054489,31.904
0.025247,0.98086,-0.069709,31.909
0.041428,0.98086,-0.0721,31.914
0.041775,0.97691,-0.083687,31.919
0.053589,0.98481,-0.074773,31.924
0.069772,0.98086,-0.077242,31.929
0.061742,0.97691,-0.078044,31.934
0.066221,0.97297,-0.093106,31.938
0.070352,0.97297,-0.096581,31.943
0.066573,0.96112,-0.10485,31.948
0.054287,0.97297,-0.098027,31.953
0.046374,0.96507,-0.10274,31.958
0.062315,0.98086,-0.097147,31.963
0.054169,0.97691,-0.094112,31.968
0.046367,0.97691,-0.10251,31.973
0.046134,0.98086,-0.094756,31.978
0.041653,0.98876,-0.079615,31.982
0.066321,0.99666,-0.09647,31.987
0.090654,0.98876,-0.10213,31.992
0.12669,0.98876,-0.095042,31.997
0.16248,1.0085,-0.079886,32.002
0.17819,1.0164,-0.066774,32.007
0.20264,1.0046,-0.07635,32.012
0.21079,0.99666,-0.079621,32.017
0.21929,0.98876,-0.094401,32.021
0.19863,0.98876,-0.077027,32.026
0.21033,0.99666,-0.064276,32.031
0.21011,0.98876,-0.056761,32.036
0.20575,0.98481,-0.045692,32.041
0.20965,0.98086,-0.041573,32.046
0.19393,0.98086,-0.054528,32.051
0.1735,0.98876,-0.044669,32.056
0.1494,0.99271,-0.046759,32.061
0.1533,0.98876,-0.04264,32.065
0.1455,0.99271,-0.050956,32.07
0.13299,0.99666,-0.036617,32.075
0.10533,1.0006,-0.054414,32.08
0.085365,1.0006,-0.060057,32.085
0.077337,0.99271,-0.060938,32.09
0.08939,0.98481,-0.060011,32.095
0.093977,0.99271,-0.078673,32.1
0.090069,1.0046,-0.082635,32.104
0.089839,1.0046,-0.074962,32.109
0.10511,0.98876,-0.046977,32.114
0.093165,1.0046,-0.051583,32.119
0.085247,1.0046,-0.056142,32.124
0.073771,1.0085,-0.076329,32.129
0.085597,0.99666,-0.067809,32.134
0.073086,1.0006,-0.053469,32.139
0.089383,0.99666,-0.059774,32.144
0.089501,0.99271,-0.06369,32.148
0.088921,1.0006,-0.04435,32.153
0.09673,0.98876,-0.036191,32.158
0.11291,0.99271,-0.038503,32.163
0.12472,0.99666,-0.029667,32.168
0.13712,0.99271,-0.04017,32.173
0.16087,0.99271,-0.026493,32.178
0.16121,1.0085,-0.037687,32.183
0.18015,0.98876,0.0020901,32.188
0.18406,0.96902,0.005894,32.192
0.19232,0.98086,-0.00081937,32.197
0.20034,0.99666,0.00021864,32.202
0.20838,0.99666,0.00094157,32.207
0.19633,0.98876,-0.00030036,32.212
0.19586,1.0046,0.01536,32.217
0.19197,0.99666,0.011005,32.222
0.18785,0.97691,0.014086,32.227
0.18348,0.97691,0.025233,32.231
0.18704,0.97297,0.040861,32.236
0.18348,0.98876,0.025469,32.241
0.17132,0.97691,0.027985,32.246
0.17511,0.96902,0.035862,32.251
0.16307,0.96112,0.03462,32.256
0.17866,0.97297,0.051647,32.261
0.19106,0.97297,0.041223,32.266
0.18739,0.97691,0.029431,32.271
0.18796,0.97297,0.010171,32.275
0.19553,0.97691,0.026318,32.28
0.17179,0.96902,0.012482,32.285
0.16375,0.97297,0.011838,32.29
0.14757,0.97297,0.014229,32.295
0.1315,0.98086,0.01294,32.3
0.13551,0.98876,0.013459,32.305
0.12771,0.99271,0.0051424,32.31
0.11199,0.98876,-0.0078912,32.314
0.079514,0.98876,0.00072606,32.319
0.083744,1.0164,-0.0060337,32.324
0.079392,1.0006,0.0047987,32.329
0.1028,0.99666,0.029907,32.334
0.10624,0.99666,0.04945,32.339
0.11461,1.0085,0.0389,32.344
0.11864,0.99271,0.038946,32.349
0.13127,0.98876,0.02077,32.354
0.1269,0.99666,0.032075,32.358
0.15031,0.99271,0.057183,32.363
0.16638,0.98876,0.05855,32.368
0.16971,0.97691,0.081693,32.373
0.17763,0.97297,0.086174,32.378
0.18107,0.98086,0.10587,32.383
0.17659,0.97691,0.12078,32.388
0.17647,0.99271,0.12493,32.393
0.16844,0.98481,0.12405,32.397
0.18026,0.97691,0.13265,32.402
0.16455,0.96507,0.11946,32.407
0.16857,0.96112,0.11974,32.412
0.15204,0.96112,0.13364,32.417
0.15548,0.96902,0.15334,32.422
0.14767,0.97297,0.14502,32.427
0.15984,0.96507,0.14212,32.432
0.15904,0.95717,0.16881,32.437
0.14378,0.95717,0.14051,32.441
0.15205,0.94137,0.13325,32.446
0.15217,0.94137,0.12941,32.451
0.14057,0.96112,0.11337,32.456
0.14115,0.95717,0.094115,32.461
0.14505,0.95717,0.098312,32.466
0.15284,0.96902,0.10694,32.471
0.15238,0.97297,0.12237,32.476
0.15261,0.98086,0.11485,32.48
0.15237,0.98481,0.1226,32.485
0.15261,0.97297,0.1147,32.49
0.17223,0.97691,0.13193,32.495
0.1642,0.96902,0.13105,32.5
0.15571,0.96902,0.14567,32.505
0.15158,0.95717,0.14891,32.51
0.1595,0.96507,0.15362,32.515
0.15136,0.94532,0.15634,32.52
0.14688,0.94927,0.17141,32.524
0.16273,0.93347,0.18021,32.529
0.15871,0.92953,0.17977,32.534
0.17054,0.91768,0.18829,32.539
0.17043,0.91373,0.19205,32.544
0.16629,0.91373,0.19552,32.549
0.16561,0.90188,0.2183,32.554
0.1492,0.90583,0.22845,32.559
0.14506,0.90978,0.232,32.563
0.14505,0.92953,0.23239,32.568
0.12061,0.93347,0.24181,32.573
0.1043,0.96112,0.24859,32.578
0.10429,0.97691,0.24891,32.583
0.10049,0.99271,0.24119,32.588
0.088662,1.0085,0.23274,32.593
0.080171,1.0046,0.24729,32.598
0.060534,1.0322,0.23069,32.603
0.048708,1.0441,0.22217,32.607
0.048703,1.0519,0.22232,32.612
0.048567,1.0875,0.22687,32.617
0.056832,1.0835,0.21984,32.622
0.067953,1.0954,0.25185,32.627
0.068188,1.0875,0.24402,32.632
0.072312,1.0993,0.24078,32.637
0.072766,1.1112,0.22567,32.642
0.080678,1.1191,0.23039,32.646
0.088723,1.0993,0.23072,32.651
0.089521,1.1112,0.2041,32.656
