0.064519,1.0835,0.23207,65.698
0.052441,0.94137,0.23199,65.703
0.036214,0.82685,0.23593,65.708
0.036719,0.75181,0.21909,65.713
0.032113,0.77551,0.23838,65.718
0.062714,0.8308,0.29225,65.723
0.096758,0.88214,0.36558,65.728
0.1127,0.90188,0.37126,65.732
0.12865,0.89793,0.37646,65.737
0.15298,0.88609,0.37072,65.742
0.17366,0.85449,0.35271,65.747
0.19388,0.81895,0.34998,65.752
0.21029,0.81895,0.33991,65.757
0.23863,0.8308,0.33501,65.762
0.25089,0.85054,0.32881,65.767
0.23871,0.88214,0.33219,65.771
0.23937,0.92558,0.31004,65.776
0.26311,0.95717,0.32435,65.781
0.23534,0.95717,0.31031,65.786
0.23086,0.96507,0.32545,65.791
0.20722,0.96507,0.30794,65.796
0.16717,0.96112,0.30041,65.801
0.16328,0.95717,0.29613,65.806
0.14365,0.96507,0.27914,65.811
0.11151,0.98876,0.27672,65.815
0.079389,0.96507,0.27335,65.82
0.039351,0.94927,0.26559,65.825
0.026955,0.95322,0.27609,65.83
-0.0010325,0.93347,0.26933,65.835
0.0026386,0.93347,0.2812,65.84
-0.021682,0.92163,0.28647,65.845
-0.041872,0.90978,0.28826,65.85
-0.066308,0.89793,0.29737,65.854
-0.090293,0.90188,0.29144,65.859
-0.10945,0.89793,0.25886,65.864
-0.12541,0.90583,0.25374,65.869
-0.13321,0.90583,0.24534,65.874
-0.1502,0.91768,0.27482,65.879
-0.15032,0.91768,0.27866,65.884
-0.17431,0.93347,0.27297,65.889
-0.17834,0.96112,0.27316,65.894
-0.178,0.96112,0.26165,65.898
-0.15425,0.96507,0.27541,65.903
-0.14266,0.97297,0.29199,65.908
-0.11478,0.98086,0.30236,65.913
-0.094704,0.98481,0.30424,65.918
-0.086209,0.98086,0.28954,65.923
-0.085403,0.98086,0.26269,65.928
-0.05258,0.97691,0.24248,65.933
-0.02836,0.96507,0.24058,65.938
-0.024341,0.96112,0.24086,65.942
-0.024571,0.96112,0.24853,65.947
-0.020557,0.96507,0.24897,65.952
-0.021478,0.96507,0.27966,65.957
-0.021694,0.94137,0.28686,65.962
-0.041423,0.92953,0.27331,65.967
-0.040956,0.91768,0.25773,65.972
-0.04108,0.93347,0.26188,65.977
-0.049007,0.94927,0.25764,65.981
-0.049587,0.95717,0.27698,65.986
-0.061869,0.96112,0.28364,65.991
-0.070366,0.96902,0.29842,65.996
-0.08689,0.96507,0.31224,66.001
-0.075078,0.97691,0.32124,66.006
-0.091596,0.96507,0.3349,66.011
-0.091599,0.96902,0.33498,66.016
-0.071632,0.96902,0.34062,66.021
-0.067619,0.97297,0.34106,66.025
-0.063839,0.98481,0.34933,66.03
-0.052141,0.99271,0.36208,66.035
-0.05592,0.98086,0.35381,66.04
-0.055452,0.96902,0.33823,66.045
-0.054865,0.94927,0.31866,66.05
-0.042454,0.92163,0.30768,66.055
-0.037623,0.90583,0.28087,66.06
-0.021778,0.89003,0.28968,66.064
-0.001697,0.89003,0.29148,66.069
0.030201,0.89398,0.30213,66.074
0.034337,0.88609,0.29849,66.079
0.061171,0.90978,0.3437,66.084
0.10109,0.92953,0.35538,66.089
0.11773,0.93742,0.3378,66.094
0.13447,0.96507,0.31678,66.099
0.14673,0.99666,0.31082,66.104
0.1708,1.0362,0.31378,66.108
0.18225,1.0835,0.33499,66.113
0.16189,1.1625,0.34243,66.118
0.1467,1.2297,0.31163,66.123
0.10295,1.2928,0.29357,66.128
0.051638,1.3205,0.25873,66.133
0.015701,1.356,0.24852,66.138
0.0046946,1.3442,0.21267,66.143
0.013197,1.3284,0.19773,66.147
0.03342,1.2849,0.19483,66.152
0.034023,1.2376,0.17471,66.157
0.070997,1.202,0.1504,66.162
0.071483,1.1586,0.13419,66.167
0.083786,1.1191,0.12681,66.172
0.10341,1.1151,0.14388,66.177
0.10722,1.0796,0.15121,66.182
0.10311,1.0322,0.15374,66.187
0.098076,1.0085,0.18743,66.191
0.10911,0.97297,0.22233,66.196
0.11545,0.91768,0.2795,66.201
0.11422,0.85844,0.32052,66.206
0.10931,0.81105,0.3499,66.211
0.11277,0.78341,0.36889,66.216
0.11634,0.76366,0.38421,66.221
0.1198,0.72812,0.40304,66.226
0.12809,0.68468,0.39522,66.23
0.10825,0.66098,0.38527,66.235
0.10814,0.65704,0.38903,66.24
0.08437,0.68073,0.37582,66.245
0.067943,0.70837,0.38644,66.25
0.063905,0.74392,0.38678,66.255
0.027148,0.80315,0.40389,66.26
-0.0011169,0.86239,0.40638,66.265
-0.049923,0.92163,0.42241,66.27
-0.08506,0.96507,0.38549,66.274
-0.13734,1.0756,0.383,66.279
-0.153,1.1704,0.3681,66.284
-0.16909,1.2178,0.3676,66.289
-0.21012,1.3126,0.39273,66.294
-0.23484,1.3876,0.41124,66.299
-0.267,1.4429,0.40945,66.304
-0.25941,1.4153,0.42497,66.309
-0.24758,1.3955,0.43333,66.313
-0.24339,1.3007,0.42796,66.318
-0.21889,1.1941,0.4165,66.323
-0.19404,1.1033,0.39384,66.328
-0.173,1.0283,0.36346,66.333
-0.13659,0.97297,0.35793,66.338
-0.11224,0.94137,0.3518,66.343
-0.075637,0.94927,0.33987,66.348
-0.064166,0.95322,0.36021,66.353
-0.072093,0.96902,0.35597,66.357
-0.076344,0.97691,0.36344,66.362
-0.060389,0.96902,0.36856,66.367
-0.044432,0.95717,0.37361,66.372
-0.047875,0.96112,0.35414,66.377
-0.05245,0.93347,0.37241,66.382
-0.036026,0.90978,0.36187,66.387
-0.035556,0.89398,0.34621,66.392
-0.059414,0.87819,0.33606,66.396
-0.071684,0.86239,0.34233,66.401
-0.095643,0.8229,0.33554,66.406
-0.10022,0.80315,0.35396,66.411
-0.10045,0.79526,0.36148,66.416
-0.084143,0.77946,0.35494,66.421
-0.087925,0.77156,0.34675,66.426
-0.088035,0.76366,0.35043,66.431
-0.10362,0.73602,0.33308,66.436
-0.094776,0.72022,0.30664,66.44
-0.09099,0.72022,0.31467,66.445
-0.09867,0.70837,0.3022,66.45
-0.090982,0.70837,0.31443,66.455
-0.091213,0.70837,0.32211,66.46
-0.11531,0.70443,0.31986,66.465
-0.11082,0.69258,0.30464,66.47
-0.13423,0.69258,0.27945,66.475
-0.14719,0.66888,0.30859,66.479
-0.15649,0.67283,0.35014,66.484
-0.16855,0.70048,0.34961,66.489
-0.1564,0.71627,0.34717,66.494
-0.12763,0.77551,0.32787,66.499
-0.12836,0.8387,0.35214,66.504
-0.1224,0.85054,0.42216,66.509
-0.12516,0.83475,0.51391,66.514
-0.15236,0.82685,0.61517,66.519
-0.18965,0.815,0.65004,66.523
-0.22639,0.84264,0.66652,66.528
-0.26105,0.86634,0.61387,66.533
-0.25223,0.90978,0.45397,66.538
-0.26245,0.94927,0.25766,66.543
-0.26954,0.94532,0.091536,66.548
-0.27825,0.92953,-0.021117,66.553
-0.2383,0.91373,-0.010145,66.558
-0.21868,0.90583,0.0068502,66.563
-0.12874,0.93347,0.096278,66.567
-0.079073,0.96112,0.18593,66.572
-0.045691,0.96507,0.28133,66.577
-0.0087482,0.96112,0.39228,66.582
0.0188,0.92558,0.54792,66.587
0.052537,0.91373,0.6315,66.592
0.073302,0.92558,0.61052,66.597
0.096126,0.95717,0.52089,66.602
0.10186,0.96507,0.46386,66.606
0.11908,0.97297,0.4271,66.611
0.12662,1.0164,0.44404,66.616
0.15812,1.1112,0.468,66.621
0.19784,1.277,0.48643,66.626
0.21231,1.4666,0.4069,66.631
0.21766,1.5416,0.36272,66.636
0.23033,1.668,0.20868,66.641
0.21726,1.6759,0.10765,66.646
0.23694,1.5772,0.12283,66.65
0.26964,1.3758,0.24099,66.655
0.26137,1.1744,0.38239,66.66
0.21658,1.0401,0.39876,66.665
0.12529,0.94927,0.3541,66.67
0.085976,0.88214,0.3223,66.675
0.062489,0.8229,0.29976,66.68
0.025661,0.8071,0.31921,66.685
-0.027598,0.82685,0.34943,66.689
-0.052859,0.84659,0.38602,66.694
-0.048161,0.86239,0.36368,66.699
-0.04391,0.85449,0.35621,66.704
-0.035288,0.8308,0.33728,66.709
-0.015545,0.81895,0.35036,66.714
-0.014401,0.8308,0.31223,66.719
0.0052201,0.8308,0.32939,66.724
0.026213,0.84659,0.30082,66.729
0.046978,0.85844,0.27985,66.733
0.043412,0.87424,0.26445,66.738
0.065321,0.89793,0.20535,66.743
0.086558,0.89003,0.16864,66.748
0.11855,0.92163,0.176,66.753
0.13851,0.94137,0.18203,66.758
0.16236,0.97297,0.19251,66.763
0.17025,1.0125,0.19785,66.768
0.18172,1.0204,0.21828,66.772
0.19409,1.0559,0.20856,66.777
0.2215,1.0835,0.23466,66.782
0.24227,1.0875,0.21353,66.787
0.23849,1.0835,0.20542,66.792
0.2742,1.0401,0.22315,66.797
0.27845,1.0362,0.21576,66.802
0.29075,0.99666,0.20838,66.807
0.29157,0.97691,0.18113,66.812
0.29914,0.96902,0.19704,66.816
0.30316,0.96112,0.19725,66.821
0.3112,0.95717,0.19789,66.826
0.29148,0.92558,0.18395,66.831
0.2838,0.92558,0.17171,66.836
0.25946,0.93347,0.17738,66.841
0.21873,0.92953,0.19286,66.846
0.18648,0.93347,0.19389,66.851
0.14631,0.94532,0.19051,66.855
0.09363,0.95717,0.20139,66.86
0.053683,0.98086,0.19058,66.865
0.017414,0.99271,0.1914,66.87
-0.010918,0.97297,0.19614,66.875
-0.014829,0.98876,0.19226,66.88
-0.027115,1.0006,0.19909,66.885
-0.039293,1.0243,0.20231,66.89
-0.039401,1.0125,0.20591,66.895
-0.038934,1.0006,0.19033,66.899
-0.039277,0.99666,0.20176,66.904
-0.035028,0.99271,0.19437,66.909
-0.027221,0.98481,0.20261,66.914
-0.038807,0.98086,0.1861,66.919
-0.035126,0.96507,0.19765,66.924
-0.039037,0.98086,0.19377,66.929
-0.042715,0.99271,0.18214,66.934
-0.043077,1.0204,0.1942,66.938
-0.03103,1.0243,0.19536,66.943
-0.034586,1.0243,0.17965,66.948
-0.038948,1.0243,0.1908,66.953
-0.038946,1.0204,0.19072,66.958
-0.035049,1.0283,0.19508,66.963
-0.035169,1.0362,0.19907,66.968
-0.014857,1.0362,0.19321,66.973
0.00063716,1.0283,0.21368,66.978
-0.0039617,1.0401,0.23273,66.982
-0.0038348,1.0204,0.2285,66.987
-0.0065827,1.0164,0.18586,66.992
-0.019195,0.99666,0.20357,66.997
-0.01116,0.99271,0.20421,67.002
-0.039284,1.0085,0.202,67.007
-0.035256,0.98876,0.20196,67.012
-0.015407,0.99271,0.21152,67.017
-0.028494,0.99666,0.24504,67.021
-0.032512,1.0006,0.24476,67.026
-0.032407,1.0164,0.24124,67.031
-0.01151,1.0006,0.21588,67.036
-0.011856,1.0006,0.22739,67.041
-0.019886,0.99666,0.22659,67.046
-0.011733,0.98876,0.22331,67.051
0.024756,0.99271,0.21514,67.056
0.033017,0.99666,0.20827,67.061
0.048727,1.0125,0.22154,67.065
0.084986,1.0164,0.22103,67.07
0.084169,1.0362,0.24828,67.075
0.09094,1.0283,0.29104,67.08
0.10287,1.0401,0.2962,67.085
0.10677,1.0322,0.30024,67.09
0.103,1.0125,0.29181,67.095
0.12757,0.99271,0.27824,67.1
0.13573,0.97297,0.27474,67.104
0.13585,0.96902,0.27082,67.109
0.13172,0.95717,0.27406,67.114
0.10371,0.97297,0.26801,67.119
0.10383,0.96902,0.26409,67.124
0.099586,0.96507,0.27133,67.129
0.083173,0.96902,0.28147,67.134
0.071115,0.98481,0.2807,67.139
0.067334,0.97691,0.27251,67.144
0.055397,0.98086,0.26766,67.148
0.05551,0.98481,0.26391,67.153
0.067329,0.98481,0.27266,67.158
0.067902,0.98876,0.25356,67.163
0.064229,0.99271,0.24177,67.168
0.059992,0.97691,0.24877,67.173
0.056551,0.97691,0.22922,67.178
0.060565,0.98086,0.22966,67.183
0.048976,0.98086,0.21323,67.188
0.064586,0.97297,0.22987,67.192
0.068719,0.96902,0.22631,67.197
0.057246,0.96902,0.20605,67.202
0.048758,0.96112,0.22051,67.207
0.057138,0.95717,0.20965,67.212
0.056905,0.96112,0.2174,67.217
0.057025,0.95322,0.2134,67.222
0.065863,0.95322,0.18727,67.227
0.082387,0.95717,0.17345,67.231
0.078258,0.95322,0.17685,67.236
0.085609,0.93742,0.20027,67.241
0.093625,0.96507,0.20155,67.246
0.09374,0.96507,0.19771,67.251
0.093637,0.94532,0.20116,67.256
0.097543,0.93742,0.2052,67.261
0.08939,0.94532,0.20847,67.266
0.085365,0.96112,0.20842,67.271
0.081001,0.96507,0.21965,67.275
0.080754,0.99271,0.22787,67.28
0.068475,0.99271,0.23446,67.285
0.06009,1.0046,0.24548,67.29
0.05641,1.0204,0.23393,67.295
0.052048,1.0204,0.24507,67.3
0.047917,1.0204,0.24855,67.305
0.039649,1.0283,0.25566,67.31
0.051935,1.0164,0.24883,67.314
0.05182,1.0164,0.25267,67.319
0.039889,1.0125,0.24767,67.324
0.035762,1.0046,0.25098,67.329
0.043919,0.98876,0.24756,67.334
0.051954,0.98481,0.2482,67.339
0.048058,0.97691,0.24385,67.344
0.051383,0.97691,0.26722,67.349
0.043811,0.97691,0.25116,67.354
0.044159,0.97297,0.23957,67.358
0.072045,0.96902,0.24969,67.363
0.063895,0.97297,0.25288,67.368
0.051849,0.96902,0.25172,67.373
0.068257,0.97297,0.24174,67.378
0.056191,1.0006,0.2412,67.383
0.060668,1.0006,0.22622,67.388
0.036565,1.0085,0.22421,67.393
0.03552,1.0243,0.25905,67.397
0.023004,1.0362,0.27355,67.402
0.018748,1.0519,0.28117,67.407
0.010253,1.0559,0.29588,67.412
-0.0012208,1.0559,0.27561,67.417
0.0022248,1.048,0.295,67.422
0.0021097,1.048,0.29883,67.427
0.0018748,1.0559,0.30666,67.432
-0.014078,1.0598,0.30146,67.437
-0.0061507,1.0441,0.3057,67.441
0.0095739,1.0362,0.3185,67.446
0.017954,1.0322,0.30763,67.451
0.017729,1.0243,0.31515,67.456
0.045962,1.0164,0.31369,67.461
0.054463,1.0046,0.29883,67.466
0.081888,1.0006,0.3243,67.471
0.10989,0.99666,0.33058,67.476
0.12596,0.99271,0.33195,67.48
0.15384,0.98876,0.34208,67.485
0.16566,0.98876,0.35083,67.49
0.20089,0.98086,0.38462,67.495
0.22098,0.97297,0.38627,67.5
0.23809,0.96112,0.35295,67.505
0.24636,0.94927,0.34577,67.51
0.25371,0.92953,0.36911,67.515
0.23021,0.89398,0.34705,67.52
0.21841,0.87029,0.33782,67.524
0.21841,0.86239,0.33767,67.529
0.18559,0.86239,0.35779,67.534
0.14579,0.8387,0.3422,67.539
0.12501,0.84264,0.36349,67.544
0.096211,0.83475,0.38382,67.549
0.071531,0.84659,0.40106,67.554
0.05524,0.8387,0.40713,67.559
0.022979,0.86634,0.40863,67.563
-0.013624,0.85844,0.42056,67.568
-0.042069,0.83475,0.42907,67.573
-0.082213,0.80315,0.42483,67.578
-0.13132,0.79526,0.45102,67.583
-0.18375,0.77551,0.4536,67.588
-0.22427,0.78736,0.46173,67.593
-0.25319,0.79131,0.48613,67.598
-0.27776,0.8071,0.49963,67.603
-0.29029,0.84264,0.5146,67.607
-0.32738,0.88609,0.5429,67.612
-0.34794,0.91768,0.55707,67.617
-0.34889,0.95322,0.58847,67.622
-0.3698,0.99666,0.61438,67.627
-0.35318,1.0283,0.59727,67.632
-0.30739,1.0401,0.54778,67.637
-0.2662,1.0401,0.51687,67.642
-0.23394,1.0322,0.51576,67.646
-0.20904,1.0322,0.49108,67.651
-0.18769,1.0283,0.45061,67.656
-0.14992,1.0006,0.3996,67.661
-0.13751,0.97691,0.3887,67.666
-0.10903,0.93742,0.37894,67.671
-0.093858,0.89793,0.41029,67.676
-0.094422,0.87819,0.42907,67.681
-0.099805,0.85449,0.47428,67.686
-0.1162,0.83475,0.48395,67.69
-0.1163,0.80315,0.48715,67.695
-0.11571,0.77946,0.4675,67.7
-0.11603,0.74392,0.4783,67.705
-0.12442,0.75181,0.48924,67.71
-0.12396,0.75181,0.4739,67.715
-0.12327,0.75181,0.45088,67.72
-0.11019,0.76366,0.41767,67.725
-0.10915,0.75971,0.38307,67.729
-0.10514,0.76761,0.38358,67.734
-0.10881,0.77156,0.37179,67.739
-0.096883,0.77946,0.37687,67.744
-0.097118,0.78736,0.3847,67.749
-0.085419,0.79526,0.39745,67.754
-0.065457,0.80315,0.40325,67.759
-0.064882,0.80315,0.38407,67.764
-0.072675,0.78736,0.37536,67.769
-0.060396,0.78736,0.36877,67.773
-0.056144,0.77946,0.3613,67.778
-0.039847,0.77551,0.355,67.783
-0.035603,0.77946,0.34777,67.788
-0.019427,0.78736,0.34553,67.793
-0.011289,0.80315,0.34274,67.798
-0.0037237,0.815,0.35904,67.803
0.016809,0.8308,0.34582,67.808
0.017013,0.87424,0.33901,67.813
0.03697,0.89003,0.34497,67.817
0.057262,0.92163,0.33973,67.822
0.080766,0.95322,0.36172,67.827
0.10038,0.97297,0.37926,67.832
0.11723,0.99666,0.35433,67.837
0.14099,0.98876,0.36785,67.842
0.17324,0.97691,0.36667,67.847
0.1837,0.93742,0.42067,67.852
0.23466,0.90978,0.46702,67.856
0.25878,0.87424,0.46848,67.861
0.25996,0.82685,0.42917,67.866
0.26503,0.80315,0.39453,67.871
0.28273,0.76366,0.34148,67.876
0.33702,0.74787,0.27681,67.881
0.36356,0.71627,0.19779,67.886
0.39468,0.68073,0.099864,67.891
0.41283,0.66888,0.03202,67.896
0.4094,0.64124,0.011926,67.9
0.35504,0.582,0.078935,67.905
0.24228,0.48722,0.21306,67.91
0.090724,0.40824,0.43249,67.915
-0.0094484,0.3806,0.54986,67.92
-0.0080697,0.38455,0.50391,67.925
0.035882,0.40034,0.38124,67.93
0.0911,0.37665,0.28572,67.935
0.12026,0.3648,0.25349,67.939
0.14527,0.37665,0.2252,67.944
0.18518,0.40429,0.23704,67.949
0.20417,0.50697,0.27542,67.954
0.20641,0.59385,0.33506,67.959
0.18268,0.71627,0.45462,67.964
0.14428,0.83475,0.52662,67.969
0.059853,0.97691,0.52187,67.974
-0.024591,1.1467,0.51766,67.979
-0.17295,1.3244,0.49632,67.983
-0.32565,1.4587,0.48527,67.988
-0.42334,1.5021,0.51966,67.993
-0.42,1.4824,0.54264,67.998
-0.36268,1.3837,0.51121,68.003
-0.23991,1.2376,0.44625,68.008
-0.19775,1.1625,0.38315,68.013
-0.18345,1.048,0.30906,68.018
-0.21691,0.97691,0.35078,68.022
-0.34372,0.96902,0.41615,68.027
-0.49596,1.0993,0.5243,68.032
-0.64002,1.3442,0.62778,68.037
-0.84101,1.6206,0.74986,68.042
-1.0303,1.9523,0.88563,68.047
-1.1795,2.2999,1.0253,68.052
-1.3417,2.7224,1.1961,68.057
-1.436,3.1055,1.253,68.062
-1.4237,3.4807,1.2462,68.066
-1.3217,3.7374,1.2028,68.071
-1.0717,3.8005,1.192,68.076
-0.87927,3.7532,1.2199,68.081
-0.43912,3.6307,1.1801,68.086
-0.071628,3.5557,1.0117,68.091
0.15725,3.4846,0.76543,68.096
0.30064,3.3938,0.6842,68.101
0.4144,3.3069,0.78502,68.105
0.53359,3.1726,0.83922,68.11
0.57539,2.9278,0.78808,68.115
0.57653,2.5645,0.75014,68.12
0.52166,2.2209,0.69986,68.125
0.43369,1.9563,0.67896,68.13
0.30794,1.7549,0.57514,68.135
0.15725,1.5969,0.49687,68.14
0.041782,1.4627,0.45302,68.145
-0.0062649,1.4074,0.44375,68.149
-0.09342,1.3205,0.3957,68.154
-0.12837,1.2415,0.35251,68.159
-0.11751,1.1349,0.25903,68.164
-0.14611,1.0046,0.13845,68.169
-0.16286,0.82685,0.025681,68.174
-0.1323,0.5899,-0.053242,68.179
-0.077501,0.29767,-0.13493,68.184
0.0037883,0.033074,-0.15984,68.188
0.11973,-0.23942,-0.13177,68.193
0.27215,-0.47636,-0.11125,68.198
0.4446,-0.64223,-0.087509,68.203
0.60861,-0.69357,-0.050695,68.208
0.75331,-0.69357,-0.041519,68.213
0.80207,-0.66592,-0.055811,68.218
0.90162,-0.57114,-0.15266,68.223
0.96504,-0.48031,-0.25285,68.228
0.98264,-0.35789,-0.30267,68.232
0.93253,-0.24336,-0.24334,68.237
0.82162,-0.15253,-0.17072,68.242
0.6429,-0.077502,-0.11991,68.247
0.45226,-0.018265,-0.074341,68.252
0.33035,0.060718,-0.037573,68.257
0.24517,0.11206,-0.017286,68.262
0.1919,0.15155,0.013329,68.267
0.090431,0.18709,0.039529,68.271
0.049811,0.18314,0.05118,68.276
0.017476,0.1397,0.055095,68.281
-0.018767,0.10811,0.055048,68.286
-0.087008,0.04887,0.047721,68.291
-0.14723,0.0093792,0.041512,68.296
-0.18312,-0.034061,0.029719,68.301
-0.19537,-0.081451,0.035362,68.306
-0.22449,-0.12884,0.066414,68.311
-0.25661,-0.14464,0.063207,68.315
-0.28118,-0.13279,0.07662,68.32
-0.29772,-0.10515,0.09107,68.325
-0.2896,-0.053807,0.088981,68.33
-0.26219,-0.041959,0.11477,68.335
-0.23179,-0.022214,0.1756,68.34
-0.17237,0.00543,0.20842,68.345
-0.13337,0.021227,0.25072,68.35
-0.12132,0.025176,0.25188,68.354
-0.08198,0.04887,0.28282,68.359
-0.072007,0.076514,0.21888,68.364
-0.041016,0.076514,0.1255,68.369
-0.022755,0.060718,0.053741,68.374
0.011445,0.064667,-0.012342,68.379
0.016255,0.084413,-0.038441,68.384
0.0284,0.11601,-0.040563,68.389
0.044688,0.12785,-0.046553,68.394
0.064882,0.1318,-0.048503,68.398
0.077061,0.10811,-0.051728,68.403
0.080746,0.084413,-0.04033,68.408
0.072502,0.05282,-0.034011,68.413
0.076309,0.017277,-0.026685,68.418
0.067934,0.013328,-0.015978,68.423
0.083445,-0.022214,0.0039403,68.428
0.086998,-0.018265,0.019726,68.433
0.09446,-0.026163,0.039473,68.438
0.090676,-0.030112,0.03136,68.442
0.10342,-0.03801,0.0092689,68.447
0.1546,-0.049858,0.048258,68.452
0.15426,-0.057756,0.05961,68.457
0.15117,-0.061705,0.028479,68.462
0.14808,-0.065654,-0.0026516,68.467
0.14922,-0.045909,-0.040621,68.472
0.15702,-0.045909,-0.032225,68.477
0.16779,-0.026163,0.011452,68.481
0.16226,0.00543,0.061593,68.486
0.15352,0.025176,0.084282,68.491
0.1115,0.056769,0.14268,68.496
0.092428,0.080463,0.24145,68.501
0.051462,0.056769,0.39885,68.506
0.020964,0.0014809,0.47578,68.511
-0.018344,-0.081451,0.44366,68.516
0.06713,-0.069603,0.54775,68.521
0.3447,-0.045909,0.55782,68.525
0.57034,0.14365,0.15109,68.53
0.749,0.31741,0.37067,68.535
0.71742,0.51882,0.61805,68.54
0.74203,0.96507,0.87153,68.545
0.83605,1.6601,0.95928,68.55
0.89063,2.5092,0.88501,68.555
0.82787,3.4886,0.69507,68.56
0.35333,3.9585,0.53867,68.564
-0.69623,4.618,0.35354,68.569
-1.7926,4.8036,0.65479,68.574
-1.7499,4.5746,0.97717,68.579
-0.34328,4.4324,0.67009,68.584
1.1984,4.389,0.29252,68.589
1.7485,4.2626,-0.32597,68.594
0.97957,4.1244,-1.0057,68.599
0.13657,3.9585,-0.82717,68.604
-0.13996,3.6584,-0.33492,68.608
0.11883,3.3543,0.16697,68.613
0.19505,2.9238,0.17677,68.618
-0.021321,2.4736,0.0059616,68.623
-0.40478,2.2051,0.03532,68.628
-0.6076,2.1024,0.084252,68.633
-0.93307,1.9484,0.19421,68.638
-1.0765,1.8378,0.27526,68.643
-1.1758,1.7194,0.22933,68.647
-1.1291,1.7588,0.1497,68.652
-0.90611,1.7588,0.23516,68.657
-0.62721,1.6443,0.3349,68.662
-0.40233,1.5219,0.35654,68.667
-0.26903,1.3995,0.343,68.672
-0.15547,1.2849,0.31631,68.677
-0.034697,1.1902,0.3176,68.682
0.087212,1.123,0.28106,68.687
0.17214,1.0993,0.269,68.691
0.24434,1.0756,0.27887,68.696
0.25262,1.0401,0.27121,68.701
0.27777,1.0125,0.2383,68.706
0.29523,0.99666,0.1934,68.711
0.27931,0.94137,0.18701,68.716
0.23492,0.91373,0.19016,68.721
0.19804,0.78341,0.21116,68.726
0.19352,0.66098,0.22754,68.73
0.19922,0.54251,0.17183,68.735
0.23245,0.43194,0.13799,68.74
0.21335,0.33321,0.10352,68.745
0.19734,0.24238,0.10026,68.75
0.16536,0.18314,0.092353,68.755
0.09989,0.092311,0.12696,68.76
0.046385,-0.053807,0.16538,68.765
0.018771,-0.12094,0.14617,68.77
-0.055245,-0.29865,0.062863,68.774
-0.096606,-0.39343,-0.035075,68.779
-0.087758,-0.40923,-0.061522,68.784
-0.068887,-0.3105,-0.019382,68.789
-0.062785,-0.16043,0.045715,68.794
-0.072613,-0.045909,0.10482,68.799
-0.040638,0.021227,0.11289,68.804
-0.00050783,0.076514,0.11761,68.809
0.048021,0.09626,0.11083,68.813
0.084386,0.11601,0.1068,68.818
0.12121,0.14365,0.08759,68.823
0.1463,0.21078,0.056571,68.828
0.16646,0.27397,0.055802,68.833
0.19065,0.31741,0.055001,68.838
0.18635,0.40034,0.063966,68.843
0.16025,0.47933,0.12859,68.848
0.16752,0.5899,0.15454,68.853
0.19456,0.65309,0.19285,68.857
0.2053,0.73207,0.23771,68.862
0.19344,0.80315,0.23037,68.867
0.24618,0.86634,0.35178,68.872
0.2871,0.93742,0.32996,68.877
0.34067,0.97691,0.28941,68.882
0.40605,1.0322,0.25794,68.887
0.46248,1.0756,0.25619,68.892
0.52143,1.127,0.30484,68.896
0.56766,1.1467,0.37479,68.901
0.58768,1.2415,0.37848,68.906
0.59997,1.2297,0.37166,68.911
0.60829,1.3244,0.36276,68.916
0.58713,1.3916,0.39682,68.921
0.44181,1.4706,0.4084,68.926
0.26344,1.5298,0.44739,68.931
0.07821,1.5693,0.44689,68.936
-0.022335,1.6088,0.44248,68.94
-0.10703,1.6206,0.44663,68.945
-0.079724,1.6246,0.4761,68.95
-0.015693,1.6246,0.48955,68.955
0.020944,1.5732,0.47644,68.96
0.041972,1.5298,0.44669,68.965
0.051403,1.5021,0.40082,68.97
0.072875,1.4864,0.35628,68.975
0.077128,1.4745,0.34873,68.979
0.07726,1.4469,0.34435,68.984
0.049277,1.4192,0.33743,68.989
0.029457,1.3679,0.32692,68.994
-0.030066,1.3165,0.29746,68.999
-0.074205,1.2494,0.29214,69.004
-0.079093,1.1665,0.32082,69.009
-0.091447,1.0993,0.3299,69.014
-0.1232,1.0401,0.31432,69.019
-0.15886,1.0085,0.29509,69.023
-0.17479,0.96902,0.28902,69.028
-0.17075,0.93742,0.28876,69.033
-0.16223,0.88609,0.27311,69.038
-0.13787,0.8308,0.2665,69.043
-0.11353,0.81105,0.2606,69.048
-0.11764,0.77946,0.26345,69.053
-0.085031,0.74392,0.25029,69.058
-0.060794,0.70443,0.24783,69.063
-0.045056,0.67283,0.26016,69.067
-0.012796,0.64914,0.25874,69.072
-0.017148,0.63334,0.26957,69.077
0.0031752,0.6136,0.26331,69.082
0.015584,0.5899,0.25242,69.087
0.028215,0.57805,0.23408,69.092
0.047958,0.56621,0.24716,69.097
0.060362,0.55041,0.23642,69.102
0.072636,0.55831,0.22999,69.106
0.089389,0.56226,0.2085,69.111
0.09718,0.582,0.21729,69.116
0.11726,0.58595,0.21917,69.121
0.11313,0.582,0.22257,69.126
0.1573,0.6057,0.22702,69.131
0.15785,0.64519,0.20862,69.136
0.16126,0.68468,0.22896,69.141
0.16525,0.72812,0.23018,69.146
0.16534,0.77551,0.22729,69.15
0.15728,0.815,0.22736,69.155
0.14441,0.85054,0.25384,69.16
0.13978,0.90978,0.27384,69.165
0.13093,0.93347,0.30044,69.17
0.12242,0.96902,0.31577,69.175
0.12653,1.0006,0.31293,69.18
0.12663,1.0204,0.30949,69.185
0.12202,1.0519,0.32894,69.189
0.12167,1.0598,0.3406,69.194
0.12533,1.0717,0.35271,69.199
0.1251,1.0756,0.36046,69.204
0.14518,1.0835,0.36243,69.209
0.15686,1.123,0.37581,69.214
0.17669,1.1625,0.38607,69.219
0.18848,1.206,0.3957,69.224
0.17985,1.2455,0.41494,69.229
0.18741,1.2613,0.43133,69.233
0.1999,1.2928,0.4177,69.238
0.17153,1.3363,0.42371,69.243
0.1761,1.3758,0.40567,69.248
0.15567,1.3837,0.41553,69.253
0.14362,1.3837,0.41445,69.258
0.12791,1.3639,0.4011,69.263
0.1035,1.3165,0.40949,69.268
0.11192,1.2376,0.39713,69.272
0.10451,1.1546,0.37557,69.277
0.097432,1.1033,0.34314,69.282
0.094139,1.048,0.31865,69.287
0.097946,1.0125,0.32598,69.292
0.1029,0.99271,0.29526,69.297
0.083291,0.96507,0.27755,69.302
0.090769,0.92953,0.29675,69.307
0.086765,0.90978,0.29599,69.312
0.10262,0.88214,0.30456,69.316
0.10262,0.87424,0.3044,69.321
0.11469,0.84659,0.30494,69.326
0.14293,0.82685,0.30324,69.331
0.13834,0.82685,0.32206,69.336
0.13856,0.8308,0.31446,69.341
0.14647,0.84659,0.31934,69.346
0.15875,0.84264,0.31267,69.351
0.15899,0.83475,0.30484,69.355
0.17862,0.81105,0.32152,69.36
0.17484,0.81105,0.31348,69.365
0.19124,0.8229,0.30366,69.37
0.2033,0.81105,0.30451,69.375
0.19078,0.82685,0.31908,69.38
0.19915,0.83475,0.30845,69.385
0.20776,0.8387,0.29007,69.39
0.15968,0.83475,0.28182,69.395
0.15152,0.85054,0.28525,69.399
0.11548,0.85844,0.27832,69.404
0.070718,0.87819,0.29392,69.409
0.050728,0.91768,0.28906,69.414
0.042693,0.92163,0.28842,69.419
0.03006,0.93742,0.30683,69.424
0.018464,0.94927,0.29064,69.429
0.026365,0.97691,0.29575,69.434
0.02625,0.97691,0.29958,69.438
0.018318,1.0006,0.2955,69.443
0.017282,1.0006,0.33002,69.448
0.0095881,1.0125,0.31803,69.453
0.0092404,1.0164,0.32961,69.458
0.013724,1.0046,0.31439,69.463
0.0046582,1.0006,0.34812,69.468
0.01682,1.0046,0.34545,69.473
0.0055765,1.0046,0.31751,69.478
0.0056916,1.0046,0.31367,69.482
-0.010719,1.0046,0.32373,69.487
-0.010376,1.0085,0.3123,69.492
-0.018056,0.99666,0.29984,69.497
-0.018979,1.0006,0.33061,69.502
-0.015306,0.99666,0.3424,69.507
-0.0071558,0.99271,0.33921,69.512
-0.011177,1.0006,0.339,69.517
0.0051161,1.0046,0.33285,69.521
0.021684,0.93347,0.31754,69.526
0.029686,0.98481,0.31928,69.531
0.037836,0.98086,0.31609,69.536
0.062049,0.98086,0.31442,69.541
0.06549,0.98086,0.33397,69.546
0.065264,0.97297,0.34148,69.551
0.085468,0.96112,0.33922,69.556
0.073189,0.96112,0.3458,69.561
0.073541,0.94927,0.33406,69.565
0.094541,0.95322,0.30525,69.57
0.10292,0.95717,0.29455,69.575
0.10328,0.93347,0.28257,69.58
0.11522,0.91373,0.28709,69.585
0.11062,0.92953,0.30623,69.59
0.1587,0.92558,0.31432,69.595
0.10637,0.93347,0.31362,69.6
0.091105,0.94532,0.28555,69.604
0.1028,0.95322,0.29831,69.609
0.13837,0.95717,0.32082,69.614
0.12184,0.96507,0.33488,69.619
0.10979,0.96902,0.33387,69.624
0.11036,0.98086,0.31492,69.629
0.12677,0.98086,0.30486,69.634
0.11817,0.96112,0.32293,69.639
0.094654,0.95717,0.3015,69.644
0.08777,0.96112,0.26249,69.648
0.092709,0.95717,0.23208,69.653
0.10453,0.95322,0.24076,69.658
0.1082,0.94927,0.25255,69.663
0.10808,0.95717,0.25655,69.668
0.08835,0.95322,0.24315,69.673
0.1082,0.95322,0.25263,69.678
0.1035,0.94137,0.27505,69.683
0.079056,0.94532,0.28447,69.688
0.070784,0.96112,0.29173,69.692
0.067916,0.96507,0.25309,69.697
0.079274,0.96507,0.27719,69.702
0.083869,0.96112,0.25829,69.707
0.088578,0.95717,0.23556,69.712
0.096378,0.96112,0.24403,69.717
0.10888,0.96902,0.22993,69.722
0.14479,0.98086,0.24109,69.727
0.12459,0.99666,0.24343,69.731
0.1278,0.99666,0.27065,69.736
0.13904,1.0006,0.29867,69.741
0.16406,1.0006,0.27015,69.746
0.17266,1.0046,0.25177,69.751
0.18942,1.0046,0.23019,69.756
0.19321,0.99271,0.23799,69.761
0.19665,0.98876,0.25746,69.766
0.19264,0.97691,0.25686,69.771
0.18943,0.97691,0.22964,69.775
0.18462,0.96902,0.25598,69.78
0.18428,0.95717,0.26725,69.785
0.16454,0.95717,0.25393,69.79
0.16029,0.96112,0.26132,69.795
0.15604,0.97691,0.26895,69.8
0.14364,0.98086,0.27945,69.805
0.13549,0.98876,0.28272,69.81
0.12791,1.0046,0.26697,69.814
0.12378,0.98876,0.27013,69.819
0.12793,0.97297,0.26634,69.824
0.12048,0.95717,0.24612,69.829
0.10843,0.96112,0.24512,69.834
0.096958,0.95322,0.22469,69.839
0.076761,0.95322,0.22672,69.844
0.080435,0.94927,0.23851,69.849
0.071362,0.95717,0.27247,69.854
0.059198,0.95717,0.27523,69.858
0.051388,0.96902,0.26707,69.863
0.043576,0.98481,0.25899,69.868
0.063881,0.99666,0.25336,69.873
0.039555,0.99271,0.25878,69.878
0.031746,1.0046,0.25062,69.883
0.031739,1.0164,0.25086,69.888
0.024277,1.0243,0.23111,69.893
0.023359,1.0204,0.26172,69.897
0.015441,1.0204,0.25717,69.902
0.0077514,1.0243,0.24501,69.907
0.01235,1.0125,0.22596,69.912
0.016019,1.0164,0.2379,69.917
0.0082259,1.0006,0.22919,69.922
0.020392,0.99666,0.22636,69.927
0.020392,0.99666,0.22636,69.932
0.012021,0.98481,0.23691,69.937
0.0082236,1.0046,0.22927,69.941
0.02016,1.0006,0.23411,69.946
0.024073,0.98086,0.23792,69.951
0.020167,0.98876,0.23388,69.956
0.016158,0.97691,0.23328,69.961
0.016385,0.98086,0.22569,69.966
0.019822,0.98876,0.24539,69.971
0.011676,0.98481,0.24842,69.976
0.0076552,0.99271,0.24822,69.98
0.0077656,1.0006,0.24454,69.985
0.015451,1.0046,0.25685,69.99
0.02338,0.98481,0.26102,69.995
0.011444,0.98876,0.25617,70
0.0075425,0.98876,0.25198,70.005
0.015577,0.98481,0.25262,70.01
-0.00082591,0.97297,0.26245,70.015
-0.016543,0.96902,0.24941,70.02
-0.028712,0.97691,0.25232,70.024
-0.040305,0.98481,0.23605,70.029
-0.028367,0.97691,0.24081,70.034
-0.032728,0.97691,0.25196,70.039
-0.041104,0.97297,0.26267,70.044
-0.048455,0.98876,0.23924,70.049
-0.056255,0.98481,0.23077,70.054
-0.056136,0.97691,0.22677,70.059
-0.064281,0.97297,0.22981,70.063
-0.071966,0.96902,0.2175,70.068
-0.084813,0.95717,0.24303,70.073
-0.090676,0.96507,0.30421,70.078
-0.097097,0.96507,0.24978,70.083
-0.10088,0.96507,0.24174,70.088
-0.10433,0.97691,0.22244,70.093
-0.10444,0.96112,0.22596,70.098
-0.1244,0.95717,0.22024,70.103
-0.11625,0.95717,0.21712,70.107
-0.11603,0.96507,0.20961,70.112
-0.11603,0.97691,0.20984,70.117
-0.10468,0.98086,0.23402,70.122
-0.092754,0.99666,0.23926,70.127
-0.076114,0.99666,0.22152,70.132
-0.084374,0.99271,0.2284,70.137
-0.064182,1.0006,0.22652,70.142
-0.064988,1.0006,0.25338,70.146
-0.052591,0.99666,0.24287,70.151
-0.052131,0.99666,0.22753,70.156
-0.052237,0.98086,0.23105,70.161
-0.048794,0.97691,0.25052,70.166
-0.057054,0.97297,0.25739,70.171
-0.048789,0.96902,0.25036,70.176
-0.048671,0.96507,0.24644,70.181
-0.060375,0.96507,0.23385,70.186
-0.072541,0.96902,0.23668,70.19
-0.0769,0.96507,0.24775,70.195
-0.064856,0.97297,0.24899,70.2
-0.072659,0.97297,0.24059,70.205
-0.068642,0.97297,0.24096,70.21
-0.076565,0.98086,0.23655,70.215
-0.08483,0.98481,0.24358,70.22
-0.068184,0.97691,0.22569,70.225
-0.072776,0.97691,0.24451,70.229
-0.080799,0.96112,0.24347,70.234
