0.019509,0.93347,0.25579,29.741
0.0072138,0.96112,0.26293,29.746
-0.016793,1.0006,0.25772,29.751
-0.037804,1.0164,0.28691,29.756
-0.073735,1.0401,0.27646,29.761
-0.069714,1.0322,0.27666,29.766
-0.065822,1.048,0.28118,29.771
-0.073624,1.048,0.27278,29.775
-0.065932,1.0401,0.28486,29.78
-0.069707,1.0204,0.27643,29.785
-0.061766,0.98086,0.2802,29.79
-0.053608,0.96507,0.27677,29.795
-0.041416,0.91768,0.27307,29.8
-0.037153,0.89003,0.26521,29.805
-0.028989,0.86239,0.26155,29.81
-0.0090036,0.8308,0.26656,29.814
0.0066012,0.8308,0.28335,29.819
-0.00096866,0.82685,0.2672,29.824
-0.0012012,0.8308,0.27496,29.829
-0.0010956,0.84659,0.27143,29.834
-0.0094923,0.87819,0.28285,29.839
-0.021908,0.91373,0.29398,29.844
-0.013993,0.91768,0.29862,29.849
-0.026149,0.90583,0.30114,29.854
-0.034415,0.90978,0.30817,29.858
-0.055191,0.91768,0.32953,29.863
-0.0599,0.92163,0.35227,29.868
-0.059553,0.91768,0.34068,29.873
-0.075961,0.91373,0.35067,29.878
-0.084341,0.91768,0.36153,29.883
-0.071604,0.92163,0.33968,29.888
-0.076318,0.93347,0.36257,29.893
-0.08001,0.96902,0.35141,29.897
-0.075083,0.98481,0.32139,29.902
-0.062468,1.0006,0.30361,29.907
-0.070282,1.0204,0.29561,29.912
-0.069934,1.0164,0.28402,29.917
-0.056622,1.0204,0.24299,29.922
-0.040681,1.0362,0.24858,29.927
-0.044355,1.0401,0.23679,29.932
-0.06054,1.048,0.23934,29.937
-0.052418,1.0914,0.23709,29.941
-0.036369,1.1191,0.23909,29.946
-0.0045071,1.1823,0.25091,29.951
0.044569,1.2494,0.2259,29.956
0.077472,1.3047,0.20304,29.961
0.11783,1.3639,0.20016,29.966
0.16108,1.3758,0.23507,29.971
0.19138,1.36,0.29903,29.976
0.20288,1.3086,0.31827,29.98
0.20396,1.2376,0.28232,29.985
0.20081,1.1349,0.25306,29.99
0.20156,1.0441,0.22823,29.995
0.18967,0.96507,0.22173,30
0.16952,0.88609,0.22219,30.005
0.18472,0.79526,0.25251,30.01
0.19289,0.76366,0.24877,30.015
0.18925,0.71232,0.23587,30.02
0.20603,0.67283,0.21351,30.024
0.23853,0.62939,0.20403,30.029
0.2547,0.64124,0.20188,30.034
0.27902,0.64914,0.19653,30.039
0.31525,0.70837,0.19713,30.044
0.35584,0.75576,0.18634,30.049
0.38334,0.8229,0.20939,30.054
0.41945,0.89398,0.21406,30.059
0.42367,0.94137,0.2077,30.063
0.44051,0.98086,0.18308,30.068
0.45759,1.0125,0.15063,30.073
0.42603,1.0362,0.12903,30.078
0.43441,1.0283,0.11808,30.083
0.42225,1.0125,0.12052,30.088
0.41055,1.0085,0.10785,30.093
0.38302,0.99271,0.085821,30.098
0.35974,0.98086,0.056562,30.103
0.33565,0.96902,0.054157,30.107
0.27185,0.97297,0.033107,30.112
0.25165,0.97297,0.035136,30.117
0.21928,0.99271,0.04031,30.122
0.19138,1.0125,0.030501,30.127
0.1551,1.0519,0.031872,30.132
0.1233,1.0638,0.017708,30.137
0.11583,1.0875,-0.0017241,30.142
0.11571,1.0914,0.002191,30.146
0.091271,1.0914,0.011531,30.151
0.083251,1.0717,0.010414,30.156
0.082903,1.0756,0.022002,30.161
0.066847,1.0598,0.020241,30.166
0.10336,1.0283,0.011355,30.171
0.12012,1.0204,-0.010374,30.176
0.12758,1.0085,0.0092938,30.181
0.13918,0.99271,0.025408,30.186
0.14755,1.0006,0.01478,30.19
0.16775,1.0085,0.012908,30.195
0.15901,1.0322,0.035676,30.2
0.17622,1.0322,-0.0012412,30.205
0.17954,1.0441,0.022374,30.21
0.18379,1.048,0.015142,30.215
0.17576,1.0401,0.014262,30.22
0.19618,1.0441,0.0046387,30.225
0.18437,1.0283,-0.0044334,30.229
0.19666,1.0164,-0.011258,30.234
0.19139,1.0006,0.030265,30.239
0.1907,0.99666,0.053204,30.244
0.19506,0.99666,0.042057,30.249
0.18347,0.99271,0.025548,30.254
0.19196,1.0046,0.011162,30.259
0.18714,1.0006,0.037576,30.264
0.17946,0.99666,0.025266,30.269
0.16763,1.0085,0.016745,30.273
0.14342,1.0085,0.018412,30.278
0.123,0.99666,0.027878,30.283
0.10716,1.0006,0.018838,30.288
0.10704,1.0085,0.022832,30.293
0.087074,1.0085,0.017188,30.298
0.087072,1.0125,0.017267,30.303
0.047031,1.0006,0.0095796,30.308
0.039231,0.99666,0.0011053,30.312
0.035452,0.98481,-0.0071651,30.317
0.031424,1.0046,-0.0071328,30.322
0.031657,1.0006,-0.014884,30.327
0.047489,1.0046,-0.0056869,30.332
0.031062,1.0322,0.0049276,30.337
0.019366,1.0204,-0.0079021,30.342
0.023723,1.0283,-0.018892,30.347
0.019352,1.0441,-0.0074295,30.352
0.015911,1.0441,-0.026972,30.356
0.0036342,1.0401,-0.020463,30.361
0.0034017,1.0441,-0.012712,30.366
0.019004,1.048,0.0041582,30.371
0.0071831,1.0519,-0.00452,30.376
0.023713,1.0441,-0.018577,30.381
0.023253,1.0441,-0.0032317,30.386
0.0067298,1.0401,0.010589,30.391
0.014199,1.0204,0.0301,30.396
0.0061615,1.0283,0.029534,30.4
0.014309,1.0283,0.026421,30.405
0.0096141,1.0085,0.048683,30.41
0.012945,1.0006,0.071905,30.415
0.036822,0.98481,0.081432,30.42
0.044739,0.98481,0.085991,30.425
0.052849,1.048,0.084138,30.43
0.044619,0.99271,0.089985,30.435
0.040603,0.99271,0.089623,30.439
0.040819,1.0164,0.082423,30.444
0.040812,1.0283,0.082659,30.449
0.032883,1.048,0.078494,30.454
0.032876,1.0598,0.07873,30.459
0.041366,1.0638,0.064187,30.464
0.037921,1.0717,0.044801,30.469
0.018302,1.0677,0.02757,30.474
-0.00189,1.0598,0.029441,30.479
-0.013807,1.0322,0.023969,30.483
-0.025283,1.0362,0.0037821,30.488
-0.029856,1.0046,0.021972,30.493
-0.046144,0.99271,0.027963,30.498
-0.066106,0.98481,0.022161,30.503
-0.081826,0.98481,0.0092065,30.508
-0.12692,1.0006,-0.098396,30.513
-0.14105,0.99666,0.10413,30.518
-0.15184,1.0085,0.061079,30.522
-0.17056,1.0322,0.013708,30.527
-0.1981,1.0441,-0.0077671,30.532
-0.1754,1.0717,0.040989,30.537
-0.15935,1.0835,0.042671,30.542
-0.14008,1.1072,0.071805,30.547
-0.1207,1.1151,0.096788,30.552
-0.10464,1.127,0.09847,30.557
-0.096834,1.123,0.10679,30.562
-0.068939,1.1033,0.1166,30.566
-0.057111,1.0875,0.12504,30.571
-0.012347,1.0717,0.10952,30.576
0.0073991,1.0559,0.12252,30.581
0.043903,1.0362,0.11387,30.586
0.068012,1.0164,0.11564,30.591
0.11174,1.0006,0.13465,30.596
0.13516,0.98481,0.15952,30.601
0.16271,0.96112,0.18076,30.605
0.18279,0.96507,0.18265,30.61
0.23087,0.95717,0.19066,30.615
0.26267,0.94137,0.20475,30.62
0.28287,0.93742,0.20264,30.625
0.2995,0.94532,0.18506,30.63
0.31179,0.92558,0.17808,30.635
0.31569,0.92953,0.18236,30.64
0.32751,0.92953,0.19111,30.645
0.33164,0.93347,0.18772,30.649
0.36353,0.94927,0.1986,30.654
0.37248,0.95717,0.16879,30.659
0.37614,0.96902,0.18089,30.664
0.38463,0.98086,0.16651,30.669
0.38452,0.97691,0.17027,30.674
0.39587,0.98086,0.19445,30.679
0.4,0.98086,0.19097,30.684
0.38807,0.98086,0.18605,30.688
0.39599,0.98086,0.19061,30.693
0.36754,0.96507,0.19927,30.698
0.34275,0.96112,0.22004,30.703
0.33071,0.95322,0.2188,30.708
0.31063,0.94532,0.21684,30.713
0.27426,0.94137,0.22118,30.718
0.23789,0.92953,0.22536,30.723
0.20886,0.90978,0.25313,30.728
0.15205,0.92558,0.26756,30.732
0.10065,0.92558,0.23601,30.737
0.082509,0.94532,0.16938,30.742
0.063569,0.96112,0.12952,30.747
0.019617,0.96507,0.11795,30.752
-0.024001,0.98876,0.09527,30.757
-0.059689,0.99271,0.07675,30.762
-0.10455,0.98481,0.095634,30.767
-0.18603,0.98086,0.12669,30.771
-0.21576,0.98876,0.17803,30.776
-0.23216,0.98086,0.18793,30.781
-0.21172,0.95717,0.17776,30.786
-0.17535,0.96112,0.17342,30.791
-0.16778,0.96507,0.18956,30.796
-0.12738,0.94927,0.18519,30.801
-0.10694,0.92953,0.17509,30.806
-0.090403,0.91373,0.16088,30.811
-0.083049,0.89398,0.18423,30.815
-0.075362,0.89398,0.19646,30.82
-0.059755,0.89003,0.21317,30.825
-0.048392,0.88214,0.23712,30.83
-0.036115,0.88609,0.23061,30.835
-0.0037568,0.89003,0.2259,30.84
0.020562,0.90583,0.22072,30.845
0.024353,0.89793,0.22859,30.85
0.039957,0.89793,0.24538,30.854
0.063921,0.92953,0.25202,30.859
0.090645,0.94532,0.3009,30.864
0.10281,0.94137,0.29807,30.869
0.1347,0.96112,0.30903,30.874
0.14204,0.96507,0.33285,30.879
0.14215,0.96902,0.32909,30.884
0.15752,0.98086,0.35379,30.889
0.16474,0.99271,0.3816,30.894
0.13731,1.0006,0.35621,30.898
0.13365,0.98481,0.34403,30.903
0.13685,0.99666,0.37148,30.908
0.11264,1.0006,0.37322,30.913
0.11302,0.93742,0.36046,30.918
0.10128,0.99271,0.34896,30.923
0.085224,0.98481,0.34736,30.928
0.081895,0.98876,0.32406,30.933
0.069724,1.0006,0.32705,30.938
0.069612,0.99666,0.33081,30.942
0.045046,1.0085,0.34422,30.947
0.012458,1.0046,0.35659,30.952
-0.019437,0.99666,0.34587,30.957
-0.051913,0.99666,0.35449,30.962
-0.063959,0.99271,0.35333,30.967
-0.087813,0.96902,0.34301,30.972
-0.11236,0.95717,0.35595,30.977
-0.15618,0.92163,0.33976,30.981
-0.17635,0.88609,0.34108,30.986
-0.18426,0.87819,0.33636,30.991
-0.20789,0.86634,0.31861,30.996
-0.23152,0.8387,0.30055,31.001
-0.24838,0.8229,0.32564,31.006
-0.26513,0.81895,0.34713,31.011
-0.27385,0.8071,0.36919,31.016
-0.27407,0.80315,0.37678,31.021
-0.28957,0.81105,0.35631,31.025
-0.29335,0.81105,0.34828,31.03
-0.29735,0.78341,0.34737,31.035
-0.30148,0.77156,0.35061,31.04
-0.29689,0.77551,0.33187,31.045
-0.28449,0.76366,0.3212,31.05
-0.2481,0.74787,0.31647,31.055
-0.25589,0.73207,0.30776,31.06
-0.22446,0.74787,0.33398,31.064
-0.17353,0.76366,0.3812,31.069
-0.13075,0.80315,0.432,31.074
-0.058611,0.86239,0.44352,31.079
0.01833,0.96112,0.42934,31.084
0.11488,1.0835,0.43278,31.089
0.20613,1.2336,0.47862,31.094
0.27855,1.3955,0.48068,31.099
0.32277,1.5337,0.48358,31.104
0.38444,1.6483,0.44141,31.108
0.40953,1.7115,0.41032,31.113
0.35469,1.6996,0.35898,31.118
0.32746,1.5653,0.32692,31.123
0.30496,1.3955,0.27149,31.128
0.19762,1.2968,0.22524,31.133
0.081698,1.1467,0.19642,31.138
-0.023684,1.0164,0.21894,31.143
-0.093717,0.87424,0.27135,31.147
-0.12162,0.72022,0.26191,31.152
-0.11216,0.64124,0.21502,31.157
-0.10824,0.60965,0.21859,31.162
-0.10834,0.582,0.22187,31.167
-0.11282,0.57805,0.23678,31.172
-0.10939,0.6057,0.25687,31.177
-0.078337,0.67283,0.29563,31.182
-0.054404,0.75576,0.30329,31.187
-0.0050015,0.85449,0.26739,31.191
0.047729,0.94927,0.2548,31.196
0.059994,0.97297,0.24869,31.201
0.093129,1.0243,0.21808,31.206
0.13774,1.0756,0.20773,31.211
0.16516,1.0796,0.23336,31.216
0.18937,1.0835,0.23177,31.221
0.19055,1.0401,0.19254,31.226
0.21972,1.0085,0.15991,31.23
0.25598,1.0006,0.15917,31.235
0.23179,0.96507,0.16013,31.24
0.19908,0.96507,0.17642,31.245
0.20344,0.97297,0.16543,31.25
0.18805,0.99271,0.14136,31.255
0.17635,0.99666,0.12885,31.26
0.16015,1.0204,0.13171,31.265
0.14821,1.0362,0.1271,31.27
0.13983,1.0362,0.13789,31.274
0.13145,1.048,0.14891,31.279
0.1155,1.0441,0.14355,31.284
0.11586,1.0283,0.13173,31.289
0.12803,1.0085,0.12858,31.294
0.1362,0.97691,0.12484,31.299
0.1323,0.96902,0.12048,31.304
0.13609,0.96112,0.12836,31.309
0.13999,0.96902,0.13271,31.313
0.16799,0.96902,0.13908,31.318
0.1759,0.98086,0.14388,31.323
0.19208,0.98481,0.14156,31.328
0.20021,1.0006,0.13877,31.333
0.204,1.0046,0.14688,31.338
0.20755,1.0164,0.16282,31.343
0.19572,1.0283,0.1543,31.348
0.18356,1.0243,0.15697,31.353
0.19195,1.0085,0.14587,31.357
0.18345,1.0125,0.16057,31.362
0.18002,0.99271,0.14064,31.367
0.16775,0.98086,0.14699,31.372
0.15559,0.96902,0.14951,31.377
0.15168,0.99271,0.14578,31.382
0.14319,0.98481,0.16024,31.387
0.13951,0.99271,0.14853,31.392
0.13963,0.98481,0.14454,31.396
0.14307,1.0006,0.1644,31.401
0.14354,0.98481,0.14874,31.406
0.13516,0.98481,0.15952,31.411
0.11542,0.99271,0.14636,31.416
0.08776,0.99666,0.12857,31.421
0.087295,1.0046,0.14407,31.426
0.055055,0.99666,0.14486,31.431
0.038877,0.99271,0.14717,31.436
0.018675,1.0006,0.14935,31.44
0.01042,0.98876,0.15607,31.445
-0.018032,0.97691,0.16481,31.45
-0.025492,0.98086,0.14498,31.455
-0.041435,0.96902,0.13947,31.46
-0.069551,0.97297,0.13701,31.465
-0.098356,0.97297,0.1575,31.47
-0.085863,1.0006,0.14379,31.475
-0.08953,0.99271,0.13176,31.479
-0.073345,0.98481,0.12922,31.484
-0.085983,1.0085,0.14779,31.489
-0.097799,1.0046,0.13895,31.494
-0.093908,1.0204,0.14346,31.499
-0.094483,1.0204,0.16265,31.504
-0.070616,1.0204,0.17249,31.509
-0.054203,1.0164,0.16234,31.514
-0.046741,1.0085,0.18209,31.519
-0.030913,1.0204,0.19145,31.523
-0.027352,1.0125,0.207,31.528
-0.014611,1.0085,0.18498,31.533
0.017647,0.98876,0.18364,31.538
0.013182,0.96902,0.19823,31.543
0.016623,0.96902,0.21778,31.548
0.020987,0.96507,0.20655,31.553
0.029242,0.97691,0.19984,31.558
0.020872,0.96507,0.21039,31.562
0.025456,0.97691,0.1918,31.567
0.0092759,0.97691,0.19419,31.572
-0.0036913,0.97297,0.22372,31.577
-0.03628,0.96902,0.2361,31.582
-0.052115,0.96902,0.22698,31.587
-0.072196,0.96902,0.22517,31.592
-0.08413,0.96902,0.22025,31.597
-0.11638,0.97297,0.22127,31.602
-0.13302,0.98086,0.23917,31.606
-0.1453,0.98086,0.24575,31.611
-0.15242,0.99666,0.21466,31.616
-0.1523,0.98481,0.21058,31.621
-0.1562,0.98481,0.20639,31.626
-0.15241,0.97297,0.21418,31.631
-0.16423,0.96902,0.20535,31.636
-0.17581,0.96507,0.18884,31.641
-0.1757,0.97691,0.18524,31.646
-0.1593,0.98481,0.17533,31.65
-0.1515,0.98481,0.18373,31.655
-0.15575,0.99666,0.19128,31.66
-0.16722,0.99271,0.17093,31.665
-0.14691,0.99271,0.16507,31.67
-0.13509,0.99271,0.17382,31.675
-0.11902,0.98876,0.17519,31.68
-0.091016,0.97691,0.18132,31.685
-0.091592,0.97691,0.2005,31.689
-0.083792,0.98086,0.20898,31.694
-0.059811,0.98481,0.21506,31.699
-0.063372,0.99271,0.19951,31.704
-0.046849,0.99666,0.18569,31.709
-0.042375,1.0006,0.17079,31.714
-0.022411,1.0046,0.17651,31.719
-0.035037,1.0085,0.19468,31.724
0.040939,0.98876,0.21267,31.729
-0.027331,0.97691,0.20629,31.733
-0.051187,0.95717,0.19605,31.738
-0.055083,0.94927,0.1917,31.743
-0.050823,0.92558,0.18391,31.748
-0.030396,0.92558,0.17421,31.753
-0.014091,0.90978,0.16767,31.758
0.018274,0.90188,0.16273,31.763
0.058322,0.90188,0.17018,31.768
0.11097,0.94137,0.16032,31.772
0.13975,0.98086,0.14062,31.777
0.18894,1.0441,0.11169,31.782
0.20954,1.1388,0.09621,31.787
0.18987,1.2336,0.080948,31.792
0.14208,1.3205,0.062998,31.797
0.12573,1.4074,0.070958,31.802
0.06911,1.4903,0.079061,31.807
0.028324,1.5693,0.096203,31.812
-0.0038368,1.6206,0.094335,31.816
-0.020719,1.6404,0.12014,31.821
-0.013255,1.6285,0.13981,31.826
0.0061404,1.6206,0.16447,31.831
0.030264,1.5772,0.16578,31.836
0.06254,1.5258,0.16381,31.841
0.10781,1.439,0.13152,31.846
0.14506,1.3205,0.097887,31.851
0.16603,1.1823,0.070083,31.855
0.14992,1.0598,0.070031,31.86
0.14941,0.96112,0.087244,31.865
0.1435,0.84659,0.14982,31.87
0.119,0.75576,0.16118,31.875
0.10628,0.72812,0.18256,31.88
0.085739,0.72022,0.19594,31.885
0.080919,0.71627,0.22236,31.89
0.054736,0.73997,0.28971,31.895
0.049113,0.73207,0.3429,31.899
0.042889,0.76761,0.41614,31.904
0.0138,0.85844,0.44611,31.909
0.0053794,0.92953,0.45832,31.914
-0.0055446,0.97297,0.41974,31.919
0.021635,1.0164,0.31919,31.924
0.040542,1.0756,0.22591,31.929
0.051078,1.123,0.14318,31.934
0.060259,1.127,0.10562,31.938
0.059914,1.127,0.11713,31.943
0.079633,1.1546,0.13099,31.948
0.08709,1.1546,0.1509,31.953
0.090071,1.1546,0.18579,31.958
0.093512,1.1546,0.20533,31.963
0.089152,1.1507,0.2164,31.968
0.088946,1.1112,0.22328,31.973
0.07681,1.0638,0.22509,31.978
0.072712,1.0085,0.22746,31.982
0.060457,0.96902,0.23326,31.987
0.039372,0.91373,0.26488,31.992
0.02335,0.84264,0.26202,31.997
0.039558,0.79526,0.25868,32.002
0.044301,0.73602,0.23484,32.007
0.048825,0.65704,0.21828,32.012
0.052085,0.5741,0.24384,32.017
0.075636,0.52671,0.26425,32.021
0.099386,0.53066,0.27801,32.026
0.1033,0.51092,0.28181,32.031
0.1072,0.50302,0.28585,32.036
0.10296,0.50697,0.29324,32.041
0.11454,0.51092,0.30975,32.046
0.062081,0.54251,0.31335,32.051
0.062414,0.56226,0.30224,32.056
0.042767,0.6057,0.28595,32.061
0.010738,0.62939,0.2797,32.065
-0.021764,0.67283,0.28918,32.07
-0.050683,0.67283,0.3135,32.075
-0.10383,0.70443,0.34013,32.08
-0.14057,0.73207,0.3566,32.085
-0.17088,0.74787,0.42728,32.09
-0.21255,0.76761,0.47393,32.095
-0.23504,0.76761,0.41805,32.1
-0.2417,0.78736,0.37169,32.104
-0.23379,0.78736,0.37625,32.109
-0.27556,0.78736,0.42634,32.114
-0.317,0.80315,0.46524,32.119
-0.36519,0.7992,0.46083,32.124
-0.3847,0.8071,0.43999,32.129
-0.35601,0.79526,0.42311,32.134
-0.33226,0.7992,0.43686,32.139
-0.33214,0.79526,0.43295,32.144
-0.33626,0.77946,0.43611,32.148
-0.3241,0.79131,0.43359,32.153
-0.33591,0.77551,0.42452,32.158
-0.33603,0.78341,0.42851,32.163
-0.34452,0.77946,0.44306,32.168
-0.35349,0.7992,0.47342,32.173
-0.35774,0.815,0.48104,32.178
-0.36225,0.85844,0.4969,32.183
-0.35838,0.90978,0.50212,32.188
-0.37035,0.97297,0.49846,32.192
-0.36649,1.0441,0.50407,32.197
-0.37468,1.1151,0.5086,32.202
-0.33985,1.202,0.55579,32.207
-0.32867,1.3047,0.58578,32.212
-0.28156,1.3876,0.62629,32.217
-0.24258,1.4469,0.66945,32.222
-0.21218,1.4548,0.73005,32.227
-0.19369,1.4153,0.78478,32.231
-0.17516,1.3205,0.8384,32.236
-0.14378,1.2178,0.8661,32.241
-0.13629,1.1704,0.88506,32.246
-0.076347,1.0954,0.90049,32.251
-0.0069028,1.0677,0.86772,32.256
0.083168,1.0914,0.8186,32.261
0.16219,1.1704,0.73497,32.266
0.22537,1.2731,0.6427,32.271
0.25754,1.4192,0.51004,32.275
0.25255,1.5258,0.40786,32.28
0.18183,1.5811,0.34875,32.285
0.068245,1.5495,0.37636,32.29
0.0079612,1.4232,0.37225,32.295
0.038721,1.2336,0.28661,32.3
0.10781,1.0362,0.26579,32.305
0.11987,0.81895,0.26638,32.31
0.10415,0.62939,0.25348,32.314
0.10501,0.54251,0.2249,32.319
0.10176,0.41219,0.19892,32.324
0.057525,0.30951,0.19673,32.329
0.036474,0.19894,0.22724,32.334
0.055321,0.1476,0.27023,32.339
0.12771,0.18709,0.27368,32.344
0.23449,0.27397,0.20425,32.349
0.33194,0.43983,0.17787,32.354
0.36221,0.65704,0.24264,32.358
0.37149,0.85449,0.3359,32.363
0.39502,1.0401,0.35712,32.368
0.41224,1.2257,0.32006,32.373
0.39895,1.3955,0.2261,32.378
0.39691,1.5495,0.15975,32.383
0.3815,1.6206,0.13671,32.388
0.34165,1.6641,0.12245,32.393
0.31344,1.6325,0.12313,32.397
0.29743,1.5495,0.12003,32.402
0.26477,1.4745,0.13482,32.407
0.22008,1.36,0.14774,32.412
0.16727,1.2139,0.16315,32.417
0.10641,1.0835,0.17814,32.422
0.049899,0.97691,0.18246,32.427
-0.014075,0.88214,0.16712,32.432
-0.042703,0.77946,0.18172,32.437
-0.075021,0.70837,0.18508,32.441
-0.11206,0.66888,0.21173,32.446
-0.13165,0.6136,0.19348,32.451
-0.13968,0.60965,0.19268,32.456
-0.11949,0.60965,0.19065,32.461
-0.06684,0.65309,0.18087,32.466
-0.054007,0.68863,0.15581,32.471
-0.010441,0.75181,0.18022,32.476
0.025896,0.81895,0.17714,32.48
0.062359,0.86634,0.16983,32.485
0.1026,0.92558,0.17079,32.49
0.12337,0.93347,0.14974,32.495
0.11669,0.96112,0.23817,32.5
0.16019,0.95322,0.13037,32.505
0.12898,0.96902,0.097103,32.51
0.087777,0.96902,0.12801,32.515
0.075512,0.94532,0.13413,32.52
0.0559,0.92953,0.11666,32.524
0.055562,0.91768,0.12794,32.529
0.044324,0.90978,0.099839,32.534
-0.016602,0.89398,0.11712,32.539
-0.036453,0.89398,0.10764,32.544
-0.048274,0.89793,0.098962,32.549
-0.096012,0.90188,0.079358,32.554
-0.12871,0.89793,0.095569,32.559
-0.12906,0.90583,0.10724,32.563
-0.13687,0.90978,0.098919,32.568
-0.13687,0.91768,0.099076,32.573
-0.12116,0.92953,0.11227,32.578
-0.11669,0.93742,0.097441,32.583
-0.11715,0.94137,0.11287,32.588
-0.10108,0.93742,0.11423,32.593
-0.081231,0.93347,0.12363,32.598
-0.065159,0.92163,0.12484,32.603
-0.062282,0.90188,0.16317,32.607
-0.038644,0.90188,0.18069,32.612
-0.030487,0.88609,0.17726,32.617
0.0010793,0.86634,0.19894,32.622
0.0079681,0.85449,0.23779,32.627
0.015552,0.83475,0.25346,32.632
0.027721,0.82685,0.25055,32.637
0.044131,0.82685,0.24049,32.642
0.059755,0.79526,0.25665,32.646
0.059532,0.78341,0.26409,32.651
0.075717,0.77551,0.26154,32.656
0.085027,0.75576,0.21967,32.661
0.0856,0.75971,0.20057,32.666
0.078345,0.8071,0.17393,32.671
0.062843,0.82685,0.1537,32.676
0.070406,0.84264,0.17008,32.681
0.058214,0.89003,0.17378,32.686
0.037771,0.91768,0.18403,32.69
0.032695,0.95717,0.21899,32.695
0.016148,0.99271,0.2336,32.7
0.01108,1.0204,0.26831,32.705
0.0075023,1.0559,0.25331,32.71
0.019875,1.0914,0.2436,32.715
-0.015828,1.1191,0.22555,32.72
-0.047178,1.1625,0.19667,32.725
-0.059129,1.1902,0.1923,32.729
-0.074968,1.1981,0.18334,32.734
-0.11031,1.202,0.15331,32.739
-0.16677,1.206,0.156,32.744
-0.21176,1.2099,0.17896,32.749
-0.25652,1.2178,0.19432,32.754
-0.32548,1.2139,0.21112,32.759
-0.35899,1.2099,0.25418,32.764
-0.40869,1.2178,0.29988,32.769
-0.41259,1.2218,0.29576,32.773
-0.38746,1.2257,0.26348,32.778
-0.35051,1.2218,0.2398,32.783
-0.32353,1.206,0.28038,32.788
-0.29336,1.206,0.34849,32.793
-0.23507,1.206,0.41912,32.798
-0.19944,1.2928,0.43946,32.803
-0.098092,1.2613,0.41717,32.808
-0.011948,1.3284,0.36472,32.813
0.078221,1.3797,0.31232,32.817
0.1605,1.3876,0.25449,32.822
0.17863,1.3955,0.18704,32.827
0.18769,1.4074,0.15347,32.832
0.19277,1.36,0.11836,32.837
0.22965,1.2849,0.097096,32.842
0.295,1.1981,0.066619,32.847
0.37114,1.0954,0.079112,32.852
0.40264,1.0006,0.10313,32.856
0.40212,0.90978,0.1205,32.861
0.40181,0.84264,0.13067,32.866
0.40886,0.75971,0.16427,32.871
0.41231,0.73997,0.18342,32.876
0.37482,0.67678,0.22494,32.881
0.32204,0.66098,0.23911,32.886
0.25422,0.67678,0.21793,32.891
0.23744,0.70837,0.24013,32.896
0.24071,0.80315,0.2654,32.9
0.2519,0.90583,0.29539,32.905
0.22796,1.0164,0.28775,32.91
0.19243,1.1507,0.26416,32.915
0.15618,1.3126,0.26414,32.92
0.13983,1.4034,0.27217,32.925
0.11156,1.4706,0.27482,32.93
0.11588,1.5495,0.26525,32.935
0.091739,1.6167,0.26442,32.939
0.08024,1.6601,0.24502,32.944
0.072188,1.6917,0.24493,32.949
0.096969,1.7036,0.22431,32.954
0.093782,1.6641,0.19631,32.959
0.12954,1.5416,0.21247,32.964
0.10506,1.4192,0.2232,32.969
0.077592,1.2968,0.19905,32.974
0.034615,1.2099,0.15498,32.979
0.014706,1.1151,0.14744,32.983
0.0062529,1.048,0.16072,32.988
-0.021011,0.97297,0.12984,32.993
-0.041381,0.87819,0.13765,32.998
-0.053373,0.78341,0.13468,33.003
-0.06091,0.72417,0.11743,33.008
-0.052755,0.71232,0.11408,33.013
-0.048043,0.70443,0.091266,33.018
-0.052268,0.66888,0.097868,33.022
-0.052475,0.62939,0.10475,33.027
-0.057384,0.582,0.13414,33.032
-0.07354,0.54251,0.13574,33.037
-0.069747,0.53066,0.14354,33.042
-0.062278,0.51092,0.16305,33.047
-0.046544,0.48722,0.17553,33.052
-0.030815,0.47143,0.18817,33.057
-0.019003,0.48327,0.19716,33.062
0.008552,0.45563,0.21832,33.066
0.020476,0.47143,0.22356,33.071
0.035849,0.47538,0.2481,33.076
0.043193,0.47143,0.27176,33.081
0.054885,0.49117,0.28475,33.086
0.078973,0.50697,0.28724,33.091
0.070588,0.51882,0.29826,33.096
0.053837,0.51092,0.31967,33.101
0.037424,0.51487,0.32981,33.105
0.033288,0.52277,0.33345,33.11
0.014015,0.51882,0.30471,33.115
-0.017065,0.49512,0.26681,33.12
-0.035853,0.44773,0.22186,33.125
-0.046859,0.43588,0.18602,33.13
-0.087115,0.40034,0.18553,33.135
-0.1081,0.37665,0.21394,33.14
-0.11762,0.3648,0.26285,33.145
-0.14575,0.3806,0.26064,33.149
-0.14611,0.40824,0.2727,33.154
-0.1255,0.47933,0.25674,33.159
-0.12234,0.5741,0.28585,33.164
-0.11942,0.67283,0.3227,33.169
-0.1258,0.77156,0.40104,33.174
-0.13113,0.85844,0.44461,33.179
-0.12453,0.94532,0.4931,33.184
-0.13341,1.0125,0.52057,33.188
-0.13023,1.0598,0.54873,33.193
-0.11833,1.1112,0.55468,33.198
-0.11087,1.1072,0.5745,33.203
-0.098251,1.123,0.55672,33.208
-0.10149,1.1744,0.53053,33.213
-0.10381,1.2218,0.47357,33.218
-0.091558,1.2652,0.46785,33.223
-0.098865,1.3995,0.44295,33.228
-0.11389,1.589,0.40692,33.232
-0.14004,1.7588,0.33872,33.237
-0.2044,1.9247,0.33625,33.242
-0.28957,1.9642,0.3563,33.247
-0.34325,1.9287,0.40076,33.252
-0.34985,1.8141,0.48635,33.257
-0.3168,1.6009,0.59277,33.262
-0.28419,1.3521,0.71382,33.267
-0.30838,1.1112,0.84915,33.271
-0.32089,0.90583,0.99779,33.276
-0.28364,0.77156,1.0985,33.281
-0.17253,0.72812,1.0191,33.286
-0.07752,0.74787,0.9396,33.291
0.15744,0.88214,0.62492,33.296
0.41417,1.0638,0.39009,33.301
0.65683,1.3442,0.22135,33.306
0.83422,1.5574,0.21466,33.311
0.7863,1.6562,0.33541,33.315
0.60651,1.5969,0.42191,33.32
0.48741,1.3995,0.36492,33.325
0.52026,1.1783,0.20959,33.33
0.54745,1.0164,0.10879,33.335
0.45171,0.88609,0.07833,33.34
0.31302,0.80315,0.13728,33.345
0.19026,0.75576,0.20221,33.35
0.11567,0.73997,0.27212,33.354
0.082387,0.74392,0.30767,33.359
0.02773,0.79131,0.38448,33.364
0.0037918,0.90978,0.377,33.369
-0.026324,1.0046,0.30694,33.374
-0.039888,1.0559,0.22212,33.379
-0.034634,1.1033,0.18123,33.384
-0.037374,1.0875,0.13835,33.389
-0.02188,1.0796,0.15882,33.394
0.015067,1.0875,0.13538,33.398
0.059378,1.0598,0.13497,33.403
0.14807,1.0717,0.13165,33.408
0.22038,1.0559,0.13784,33.413
0.25229,1.0401,0.14809,33.418
0.27628,1.0283,0.15386,33.423
0.26767,1.0204,0.17216,33.428
0.24634,0.99271,0.212,33.433
0.23397,0.94927,0.22156,33.438
0.20979,0.90583,0.22236,33.442
0.1732,0.87424,0.23382,33.447
0.14154,0.85844,0.21527,33.452
0.12996,0.84264,0.19852,33.457
0.12205,0.8229,0.19357,33.462
0.1177,0.8071,0.2044,33.467
0.13814,0.78736,0.19431,33.472
0.13849,0.78736,0.1828,33.477
0.13481,0.80315,0.17124,33.481
0.14009,0.80315,0.12941,33.486
0.15283,0.79526,0.10731,33.491
0.12415,0.78736,0.12381,33.496
0.084212,0.79131,0.1126,33.501
0.035805,0.75971,0.1153,33.506
0.011593,0.75971,0.11697,33.511
0.0037949,0.75181,0.10842,33.516
-0.036725,0.77156,0.11671,33.521
-0.069896,0.77946,0.1485,33.525
-0.082292,0.78341,0.159,33.53
-0.094332,0.76761,0.1576,33.535
-0.09859,0.78736,0.16531,33.54
-0.13807,0.7992,0.13891,33.545
-0.16654,0.8229,0.14836,33.55
-0.15368,0.8071,0.12228,33.555
-0.15357,0.81895,0.11868,33.56
-0.14461,0.81105,0.088554,33.564
-0.1367,0.81895,0.093271,33.569
-0.12568,0.815,0.1288,33.574
-0.11479,0.8229,0.16841,33.579
-0.070159,0.83475,0.15728,33.584
-0.053643,0.85054,0.14369,33.589
-0.033,0.87424,0.12679,33.594
-0.013386,0.88609,0.14418,33.599
-0.002155,0.90583,0.17251,33.604
0.017687,0.92163,0.18231,33.608
0.054287,0.93347,0.17045,33.613
0.039361,0.95322,0.13103,33.618
0.030868,0.95322,0.14566,33.623
0.021787,0.97297,0.17985,33.628
0.013417,0.96112,0.1904,33.633
0.0091655,0.96902,0.19787,33.638
-0.0071274,0.96507,0.20402,33.643
-0.043274,0.96507,0.20077,33.647
-0.054973,0.95717,0.18802,33.652
-0.066449,0.96112,0.16783,33.657
-0.090307,0.94532,0.15767,33.662
-0.10306,0.96112,0.17992,33.667
-0.12062,0.96902,0.22851,33.672
-0.13773,0.98086,0.26182,33.677
-0.12992,0.96902,0.26998,33.682
-0.090563,0.96902,0.30045,33.687
-0.086894,0.97297,0.3124,33.691
-0.063151,0.98876,0.32639,33.696
-0.031498,1.0164,0.34518,33.701
-0.019224,1.0243,0.33875,33.706
-0.0017963,1.0559,0.29479,33.711
-0.0038702,1.0796,0.22969,33.716
-0.018566,1.0993,0.1826,33.721
-0.061846,1.1349,0.14864,33.726
-0.10226,1.1625,0.15325,33.73
-0.15494,1.1823,0.16429,33.735
-0.21094,1.1941,0.15179,33.74
-0.23092,1.206,0.14638,33.745
-0.24446,1.202,0.19509,33.75
-0.21853,1.202,0.27051,33.755
-0.15418,1.2218,0.40749,33.76
-0.061257,1.2455,0.53172,33.765
0.0059558,1.2928,0.57334,33.77
0.050457,1.3323,0.5666,33.774
0.11274,1.3797,0.50391,33.779
0.19043,1.3955,0.46506,33.784
0.23633,1.3995,0.41157,33.789
0.28613,1.4153,0.36251,33.794
0.30222,1.3876,0.22877,33.799
0.3173,1.3284,0.12893,33.804
0.33879,1.277,0.08368,33.809
0.37933,1.2178,0.074604,33.813
0.37984,1.1388,0.057683,33.818
0.39616,1.0954,0.05059,33.823
0.39655,1.0283,0.037742,33.828
0.37578,1.0204,0.058795,33.833
0.32528,1.0283,0.13134,33.838
0.29486,1.0362,0.20569,33.843
0.23805,1.0362,0.21982,33.848
0.20912,1.0598,0.24461,33.853
0.22815,1.0914,0.28158,33.857
0.25187,1.1388,0.2962,33.862
0.29842,1.1981,0.35543,33.867
0.32431,1.2534,0.43195,33.872
0.30706,1.3086,0.46997,33.877
0.25952,1.3797,0.44403,33.882
0.19741,1.435,0.36646,33.887
0.10307,1.4745,0.28952,33.892
0.02365,1.4943,0.252,33.896
-0.05609,1.4785,0.22527,33.901
-0.13605,1.4429,0.20582,33.906
-0.2012,1.3955,0.22978,33.911
-0.21783,1.3679,0.24697,33.916
-0.16593,1.3126,0.26207,33.921
-0.13065,1.2297,0.29436,33.926
-0.10203,1.1507,0.27997,33.931
-0.072723,1.0796,0.24272,33.936
-0.044099,0.99666,0.22825,33.94
-0.010448,0.95717,0.18048,33.945
0.014826,0.91373,0.14342,33.95
0.011768,0.85054,0.11111,33.955
0.02064,0.79526,0.083877,33.96
0.024689,0.73997,0.083136,33.965
0.043993,0.69258,0.11085,33.97
0.039885,0.65309,0.11354,33.975
0.027297,0.59385,0.13046,33.979
0.031442,0.57015,0.12651,33.984
0.035379,0.51092,0.12952,33.989
0.067655,0.45958,0.12756,33.994
0.083511,0.42404,0.13596,33.999
0.098794,0.38455,0.16348,34.004
0.072999,0.33716,0.21791,34.009
0.068294,0.33321,0.24049,34.014
0.047985,0.32926,0.24627,34.019
0.051548,0.31741,0.26174,34.023
0.071394,0.32531,0.27138,34.028
0.087676,0.349,0.26563,34.033
0.11485,0.3806,0.29948,34.038
0.138,0.42799,0.33328,34.043
0.14496,0.47933,0.36956,34.048
0.14438,0.50302,0.38921,34.053
0.14447,0.53066,0.38592,34.058
0.11267,0.56226,0.37215,34.063
0.081336,0.57805,0.34272,34.067
0.073759,0.58595,0.32681,34.072
0.033481,0.58595,0.32703,34.077
-0.023203,0.57805,0.33716,34.082
-0.063352,0.55436,0.33307,34.087
-0.10762,0.51487,0.33215,34.092
-0.14374,0.46353,0.32787,34.097
-0.17998,0.43588,0.3279,34.102
-0.20397,0.44773,0.32213,34.106
-0.25129,0.51487,0.28844,34.111
-0.30733,0.59385,0.27729,34.116
-0.30899,0.66493,0.33241,34.121
-0.32197,0.68863,0.36249,34.126
-0.31571,0.75971,0.42218,34.131
-0.30839,0.80315,0.44678,34.136
-0.28432,0.84264,0.44974,34.141
-0.22386,0.87029,0.44804,34.146
-0.19589,0.91768,0.45535,34.15
-0.14601,0.96507,0.53772,34.155
-0.14972,1.0164,0.66151,34.16
-0.15584,1.0756,0.73138,34.165
-0.17137,1.1428,0.71209,34.17
-0.20547,1.1823,0.64057,34.175
-0.2341,1.2652,0.65504,34.18
-0.26186,1.4469,0.64079,34.185
-0.28711,1.6562,0.54269,34.189
-0.28923,1.7667,0.47932,34.194
-0.32282,1.9168,0.39082,34.199
-0.40624,1.9129,0.35246,34.204
-0.45623,1.8418,0.40809,34.209
-0.50596,1.6917,0.5891,34.214
-0.47098,1.4785,0.89956,34.219
-0.32768,1.2849,1.224,34.224
-0.13335,1.1823,1.3241,34.229
0.10509,1.2218,1.1617,34.233
0.34533,1.3679,0.80541,34.238
0.58726,1.5653,0.39261,34.243
0.84179,1.7825,0.096746,34.248
0.95303,1.901,0.012961,34.253
0.80101,1.8497,0.11365,34.258
0.65196,1.7825,0.38355,34.263
0.34355,1.514,0.46197,34.268
0.22025,1.2099,0.54481,34.272
0.25394,0.92953,0.36144,34.277
0.27371,0.72812,0.10531,34.282
0.20807,0.55041,0.011222,34.287
0.07309,0.39639,0.080621,34.292
-0.0329,0.30161,0.25767,34.297
-0.12127,0.11206,0.38441,34.302
-0.15726,0.033074,0.37574,34.307
-0.11053,0.0093792,0.29485,34.312
-0.048807,0.23053,0.25097,34.316
-0.05216,0.46748,0.22848,34.321
-0.095577,0.73207,0.19909,34.326
-0.11934,0.94137,0.18576,34.331
-0.10608,1.0283,0.14637,34.336
-0.048578,1.2139,0.1091,34.341
0.0090278,1.4113,0.068227,34.346
0.081889,1.6167,0.055811,34.351
0.17461,1.8062,0.052561,34.355
0.219,1.8457,0.049652,34.36
0.2343,1.7707,0.076455,34.365
0.24136,1.672,0.10974,34.37
0.24853,1.5653,0.13902,34.375
0.20677,1.356,0.18878,34.38
0.14619,1.1467,0.19453,34.385
0.10911,0.96507,0.22218,34.39
0.099904,0.81895,0.26074,34.395
0.087254,0.66888,0.27968,34.399
0.096353,0.61754,0.24485,34.404
0.10122,0.55041,0.21702,34.409
0.13005,0.50697,0.19566,34.414
0.16989,0.45563,0.20976,34.419
0.20663,0.43983,0.19352,34.424
0.23163,0.47143,0.16563,34.429
0.27293,0.49117,0.13127,34.434
0.28953,0.55041,0.11472,34.438
0.29718,0.60965,0.12813,34.443
0.27648,0.68073,0.14693,34.448
0.2318,0.75576,0.15979,34.453
0.15522,0.81895,0.16186,34.458
0.11538,0.86239,0.1476,34.463
0.063369,0.90978,0.13617,34.468
0.04729,0.93347,0.1352,34.473
0.011016,0.95322,0.13618,34.478
-0.0057487,0.96902,0.15806,34.482
-0.042116,0.95322,0.16217,34.487
-0.099136,0.92953,0.18349,34.492
-0.15098,0.89398,0.16657,34.497
-0.17885,0.86239,0.15574,34.502
-0.20224,0.83475,0.13,34.507
-0.20613,0.815,0.12541,34.512
-0.18604,0.8071,0.12706,34.517
-0.16686,0.77551,0.15893,34.521
-0.14665,0.74787,0.15635,34.526
-0.11062,0.75576,0.16359,34.531
-0.07011,0.75181,0.15562,34.536
-0.050258,0.75181,0.1651,34.541
-0.026278,0.75576,0.17119,34.546
0.0095233,0.75576,0.18595,34.551
0.044965,0.77946,0.21269,34.556
0.077096,0.77946,0.21558,34.561
0.10037,0.80315,0.24508,34.565
0.11287,0.8229,0.23121,34.57
0.11734,0.8387,0.21654,34.575
0.10551,0.85844,0.20818,34.58
0.11284,0.87819,0.23231,34.585
0.10042,0.92558,0.24368,34.59
0.080428,0.96112,0.23875,34.595
0.036918,0.99666,0.21246,34.6
0.032201,1.0125,0.23544,34.604
0.035295,1.0164,0.26657,34.609
0.023009,1.0283,0.27339,34.614
0.017731,1.0204,0.31507,34.619
0.0057996,1.0164,0.31007,34.624
-0.010383,1.0204,0.31254,34.629
-0.0024632,1.0164,0.31702,34.634
-0.0024655,1.0204,0.3171,34.639
-0.0066016,1.0283,0.32073,34.644
-0.0028202,1.0362,0.32892,34.648
-0.017972,1.048,0.29702,34.653
-0.06446,1.0796,0.23577,34.658
-0.1485,1.1507,0.21809,34.663
-0.24846,1.1823,0.19434,34.668
-0.3171,1.2099,0.20025,34.673
-0.38587,1.2573,0.2104,34.678
-0.42202,1.2652,0.2073,34.683
-0.46931,1.2849,0.17267,34.688
-0.51028,1.2849,0.19591,34.692
-0.47664,1.2494,0.28285,34.697
-0.4233,1.2692,0.38421,34.702
-0.34058,1.281,0.44575,34.707
-0.25238,1.3521,0.45896,34.712
-0.14637,1.4074,0.41575,34.717
-0.020277,1.439,0.37388,34.722
0.12487,1.4627,0.36818,34.727
0.23514,1.4785,0.31687,34.731
0.25833,1.4785,0.2151,34.736
0.27708,1.4113,0.12697,34.741
0.31546,1.3402,0.055917,34.746
0.34785,1.2849,0.050034,34.751
0.39289,1.1902,0.025265,34.756
0.43288,1.1072,0.034898,34.761
0.43235,1.0322,0.052583,34.766
0.35433,0.99271,0.10247,34.771
0.29123,0.96112,0.19233,34.775
0.24096,0.96112,0.25704,34.78
0.19517,0.96902,0.30693,34.785
0.13376,0.98876,0.34027,34.79
0.09381,1.0204,0.32961,34.795
0.080927,1.0677,0.35633,34.8
0.12048,1.1191,0.38015,34.805
0.15199,1.1981,0.4038,34.81
0.14782,1.2692,0.40869,34.814
0.10819,1.3363,0.38723,34.819
0.059978,1.3639,0.38344,34.824
-0.0074063,1.4113,0.34755,34.829
-0.066765,1.4706,0.31262,34.834
-0.13059,1.514,0.29236,34.839
-0.16169,1.5219,0.2551,34.844
-0.18257,1.5021,0.27975,34.849
-0.15787,1.4627,0.26195,34.854
-0.11399,1.3797,0.27578,34.858
-0.061713,1.277,0.27844,34.863
-0.01781,1.1625,0.29164,34.868
0.011291,1.0519,0.26127,34.873
0.020282,0.98876,0.23004,34.878
0.033292,0.92163,0.1991,34.883
0.081997,0.8387,0.18644,34.888
0.073739,0.8308,0.19323,34.893
0.066428,0.77946,0.16846,34.897
0.046849,0.70837,0.14989,34.902
0.039883,0.65704,0.11362,34.907
0.032339,0.60965,0.096605,34.912
0.028471,0.55436,0.091304,34.917
0.043874,0.50697,0.11482,34.922
0.047914,0.46748,0.1144,34.927
0.035417,0.44773,0.12826,34.932
0.023372,0.43983,0.12702,34.937
0.015469,0.41614,0.12199,34.941
0.010311,0.40034,0.15968,34.946
0.037632,0.3806,0.18867,34.951
0.037188,0.35295,0.20346,34.956
0.040622,0.3648,0.22324,34.961
0.039933,0.36085,0.24618,34.966
0.034651,0.36085,0.28802,34.971
0.070107,0.36085,0.31429,34.976
0.093157,0.3806,0.35138,34.98
0.08912,0.41614,0.35173,34.985
0.097007,0.46748,0.35731,34.99
0.096861,0.51882,0.36217,34.995
0.088936,0.53066,0.35785,35
0.072859,0.55041,0.35679,35.005
0.049224,0.54646,0.3392,35.01
0.0094113,0.53856,0.32392,35.015
-0.038087,0.52671,0.29633,35.02
-0.090277,0.49117,0.29092,35.024
-0.10208,0.46353,0.28161,35.029
-0.15003,0.44378,0.26921,35.034
-0.19387,0.45168,0.25388,35.039
-0.23015,0.48722,0.25517,35.044
-0.2552,0.52671,0.28448,35.049
-0.24022,0.62149,0.32234,35.054
-0.22088,0.70443,0.34882,35.059
-0.19742,0.80315,0.37214,35.063
-0.20207,0.89398,0.39278,35.068
-0.21107,0.98086,0.42448,35.073
-0.2034,1.0125,0.43734,35.078
-0.22005,1.0322,0.45547,35.083
-0.22948,1.0559,0.50125,35.088
-0.2302,1.1033,0.52522,35.093
-0.22183,1.1151,0.51467,35.098
-0.20358,1.1112,0.44314,35.103
-0.14425,1.1191,0.34478,35.107
-0.072746,1.1191,0.24351,35.112
-0.024255,1.202,0.23799,35.117
-0.041935,1.3995,0.29036,35.122
-0.08192,1.6799,0.28083,35.127
-0.10654,1.976,0.29607,35.132
-0.16942,2.1498,0.37852,35.137
-0.29201,2.1972,0.43767,35.142
-0.39032,2.138,0.49303,35.146
-0.42009,2.0155,0.5456,35.151
-0.43394,1.7509,0.60446,35.156
-0.40529,1.4232,0.72358,35.161
-0.43414,1.0993,0.87991,35.166
-0.48169,0.94927,0.98803,35.171
-0.41296,0.74787,1.1133,35.176
-0.14841,0.68468,1.0204,35.181
0.17427,0.73207,0.73499,35.186
0.53372,0.91768,0.29791,35.19
0.76239,1.202,0.058756,35.195
0.83983,1.3995,0.162,35.2
0.78125,1.4587,0.36948,35.205
0.62512,1.3758,0.47301,35.21
0.55602,1.202,0.49409,35.215
0.55567,1.0441,0.37165,35.22
0.51985,0.90583,0.22334,35.225
0.3984,0.7992,0.11026,35.229
0.26672,0.70837,0.069667,35.234
0.17849,0.68073,0.057327,35.239
0.055039,0.63729,0.14536,35.244
-0.0054422,0.62939,0.28209,35.249
-0.01422,0.70048,0.44043,35.254
-0.043584,0.86634,0.47957,35.259
-0.10461,1.0401,0.366,35.264
-0.14989,1.1744,0.2646,35.269
-0.1521,1.2336,0.20404,35.273
-0.1512,1.2613,0.1739,35.278
-0.13113,1.2731,0.17594,35.283
-0.071678,1.2573,0.2079,35.288
-0.003368,1.202,0.21295,35.293
0.098228,1.1388,0.18236,35.298
0.19406,1.1033,0.20951,35.303
0.23437,1.0638,0.2085,35.308
0.31037,0.99271,0.22546,35.313
0.33037,0.94532,0.23015,35.317
0.34165,0.88214,0.25683,35.322
0.33639,0.83475,0.29773,35.327
0.31198,0.78341,0.30604,35.332
0.2552,0.74787,0.31945,35.337
0.2162,0.73602,0.27724,35.342
0.18063,0.72812,0.25465,35.347
0.17374,0.74787,0.21596,35.352
0.17832,0.75576,0.19729,35.356
0.17418,0.77946,0.20124,35.361
0.16694,0.79526,0.17398,35.366
0.1713,0.7992,0.16291,35.371
0.1675,0.8229,0.15535,35.376
0.13962,0.8229,0.14514,35.381
0.124,0.84264,0.12875,35.386
0.079717,0.8229,0.12821,35.391
0.035883,0.8229,0.11273,35.396
-0.036291,0.815,0.10223,35.4
-0.12545,0.80315,0.12089,35.405
-0.15299,0.8071,0.099261,35.41
-0.14118,0.81895,0.10825,35.415
-0.15336,0.84659,0.11156,35.42
-0.16162,0.84659,0.11851,35.425
-0.1622,0.85449,0.13785,35.43
-0.163,0.85054,0.16462,35.435
-0.18342,0.8387,0.17409,35.439
-0.1864,0.83475,0.13912,35.444
-0.20258,0.83475,0.14151,35.449
-0.21806,0.81895,0.12057,35.454
-0.20968,0.8071,0.10955,35.459
-0.15747,0.81105,0.11432,35.464
-0.12602,0.7992,0.14,35.469
-0.083103,0.79131,0.18602,35.474
-0.046949,0.77946,0.18903,35.479
-0.027225,0.7992,0.20274,35.483
-0.019528,0.78341,0.21466,35.488
-0.0002474,0.77551,0.24316,35.493
-0.0084069,0.79526,0.24667,35.498
-0.0088743,0.8071,0.26225,35.503
-0.0099243,0.8308,0.29725,35.508
-0.0098163,0.84264,0.29365,35.513
-0.0014456,0.85449,0.2831,35.518
0.016116,0.85449,0.23468,35.522
-0.0061547,0.87819,0.1716,35.527
-0.029686,0.89398,0.15056,35.532
-0.04268,0.93347,0.18096,35.537
-0.051295,0.94532,0.19965,35.542
-0.063931,0.96507,0.21814,35.547
-0.080698,0.98481,0.24011,35.552
-0.070266,0.99271,0.29506,35.557
-0.059487,1.0006,0.3385,35.562
-0.032071,1.0125,0.36428,35.566
-0.0083421,1.0519,0.37875,35.571
0.012066,1.0835,0.36968,35.576
0.022499,1.1112,0.29039,35.581
0.019854,1.127,0.24431,35.586
-0.0058669,1.1665,0.162,35.591
-0.045468,1.1902,0.13968,35.596
-0.09838,1.206,0.15831,35.601
-0.1638,1.2218,0.19121,35.605
-0.23347,1.2336,0.23134,35.61
-0.28259,1.2455,0.25792,35.615
-0.34352,1.2376,0.27536,35.62
-0.36372,1.2494,0.27763,35.625
-0.33962,1.2376,0.27956,35.63
-0.28212,1.2297,0.24226,35.635
-0.22725,1.1902,0.29257,35.64
-0.15989,1.1625,0.46349,35.645
-0.073616,1.1665,0.67521,35.649
-0.03878,1.2415,0.72216,35.654
-0.0048106,1.2455,0.66374,35.659
0.030157,1.3323,0.43783,35.664
0.087409,1.3718,0.27452,35.669
0.20229,1.3639,0.20392,35.674
0.28471,1.3284,0.14139,35.679
0.3147,1.2692,0.081354,35.684
0.36776,1.1862,0.057544,35.688
0.395,1.1072,0.08919,35.693
0.41478,1.0441,0.10125,35.698
0.4506,1.0085,0.1153,35.703
0.45691,1.0085,0.17357,35.708
0.43542,1.0559,0.21874,35.713
0.35829,1.0796,0.2392,35.718
0.22218,1.0993,0.21196,35.723
0.18648,1.127,0.19391,35.728
0.12667,1.1665,0.17393,35.732
0.14271,1.2099,0.17624,35.737
0.18513,1.2652,0.23887,35.742
0.20689,1.3323,0.3191,35.747
0.19755,1.3876,0.36168,35.752
0.16572,1.4745,0.34901,35.757
0.090612,1.5772,0.30199,35.762
0.011401,1.6364,0.25758,35.767
-0.068591,1.6562,0.23924,35.771
-0.17292,1.6878,0.22663,35.776
-0.23741,1.6838,0.22844,35.781
-0.31368,1.6246,0.2204,35.786
-0.34999,1.514,0.22261,35.791
-0.32586,1.4508,0.22352,35.796
-0.27048,1.3284,0.25683,35.801
-0.16656,1.2218,0.28328,35.806
-0.094422,1.0914,0.29486,35.811
-0.0092156,0.99271,0.27363,35.815
0.027666,0.91768,0.25237,35.82
0.060316,0.81895,0.23794,35.825
0.10214,0.73602,0.18619,35.83
0.10357,0.64914,0.13843,35.835
0.12461,0.5899,0.10836,35.84
0.11662,0.51487,0.10614,35.845
0.12895,0.42799,0.09782,35.85
0.10478,0.36085,0.098149,35.854
0.084493,0.32136,0.10323,35.859
0.08071,0.31741,0.095113,35.864
0.028037,0.31741,0.10576,35.869
0.0065655,0.33321,0.1503,35.874
0.0017176,0.37665,0.17766,35.879
-0.0063268,0.39639,0.17733,35.884
0.014436,0.41219,0.15644,35.889
0.0028425,0.42009,0.14017,35.894
-0.013897,0.39244,0.16119,35.898
-0.026974,0.3806,0.19439,35.903
-0.029142,0.349,0.26665,35.908
-0.021908,0.33716,0.29399,35.913
0.0012714,0.33321,0.32677,35.918
0.033169,0.33716,0.33742,35.923
0.029613,0.33716,0.32171,35.928
0.028812,0.32926,0.34841,35.933
0.040979,0.32531,0.34558,35.938
0.045331,0.34111,0.33474,35.942
0.029035,0.34111,0.34097,35.947
0.0043646,0.33716,0.3579,35.952
-0.0040132,0.33716,0.36869,35.957
-0.02386,0.32926,0.35905,35.962
-0.06725,0.3569,0.32877,35.967
-0.11157,0.39244,0.32934,35.972
-0.15578,0.45563,0.32663,35.977
-0.17248,0.54646,0.34617,35.981
-0.21649,0.64914,0.33657,35.986
-0.24134,0.75181,0.35947,35.991
-0.25906,0.83475,0.41339,35.996
-0.26129,0.90583,0.4877,36.001
-0.24181,0.94532,0.50947,36.006
-0.21477,1.0085,0.54779,36.011
-0.20118,1.1033,0.63169,36.016
-0.17439,1.206,0.67847,36.021
-0.17171,1.3126,0.72315,36.025
-0.19976,1.3995,0.71852,36.03
-0.25465,1.4745,0.66892,36.035
-0.30621,1.5377,0.64246,36.04
-0.29169,1.6483,0.56135,36.045
-0.28593,1.8102,0.50356,36.05
-0.25124,1.9484,0.42098,36.055
-0.21856,1.9997,0.40571,36.06
-0.24953,1.9681,0.49846,36.064
-0.29857,1.8102,0.65629,36.069
-0.33339,1.6996,0.74327,36.074
-0.36548,1.4192,0.87325,36.079
-0.38335,1.1546,0.93175,36.084
-0.46408,0.86634,0.93795,36.089
-0.55486,0.49117,1.0107,36.094
-0.53003,0.24238,0.98877,36.099
-0.3478,0.25028,0.82069,36.104
-0.049215,0.48722,0.53303,36.108
0.26269,0.87819,0.33812,36.113
0.53794,1.3442,0.29143,36.118
0.75734,1.7312,0.36123,36.123
0.90156,1.9602,0.38649,36.128
0.8998,2.0313,0.31082,36.133
0.83169,1.9642,0.16486,36.138
0.808,1.8536,0.14898,36.143
0.78235,1.5772,0.19884,36.147
0.68918,1.3639,0.21697,36.152
0.49855,1.2218,0.12773,36.157
0.27024,1.1467,0.086445,36.162
0.10157,1.1072,0.20511,36.167
0.0044863,1.0756,0.48809,36.172
-0.022141,1.0519,0.70448,36.177
-0.029001,1.0164,0.66468,36.182
-0.031153,0.99666,0.46791,36.187
-0.10215,0.97297,0.2841,36.191
-0.21606,0.90978,0.18796,36.196
-0.25537,0.83475,0.15599,36.201
-0.23591,0.72812,0.17869,36.206
-0.19638,0.62149,0.2032,36.211
-0.10858,0.5899,0.2297,36.216
-0.033504,0.54251,0.27782,36.221
0.055545,0.54251,0.26276,36.226
0.12492,0.63729,0.23243,36.23
0.23167,0.77551,0.16402,36.235
0.3484,0.92558,0.16599,36.24
0.36742,0.96507,0.20311,36.245
0.35661,0.98876,0.29493,36.25
0.28718,1.0046,0.32747,36.255
0.20651,1.0006,0.33167,36.26
0.127,0.98086,0.29719,36.265
0.070793,0.94532,0.29142,36.27
0.042597,0.89003,0.29162,36.274
0.014735,0.85449,0.28071,36.279
0.031512,0.81895,0.25843,36.284
0.029624,0.72417,0.18712,36.289
0.038042,0.65704,0.175,36.294
0.050232,0.6136,0.17138,36.299
0.094531,0.6057,0.17136,36.304
0.094547,0.57805,0.17081,36.309
0.078487,0.57015,0.16921,36.313
0.043141,0.57805,0.13926,36.318
0.051286,0.582,0.13622,36.323
0.042681,0.57805,0.1546,36.328
0.034507,0.62149,0.15858,36.333
0.025645,0.66098,0.1855,36.338
0.017349,0.71627,0.19356,36.343
0.016743,0.76761,0.21376,36.348
0.012825,0.79526,0.21011,36.353
-0.0078433,0.815,0.22788,36.357
-0.032641,0.8308,0.24905,36.362
-0.096789,0.83475,0.23951,36.367
-0.14783,0.8071,0.19589,36.372
-0.16356,0.81105,0.18302,36.377
-0.14404,0.7992,0.20377,36.382
-0.14472,0.77156,0.22623,36.387
-0.14838,0.75971,0.21413,36.392
-0.14023,0.75181,0.21086,36.396
-0.13233,0.78736,0.21613,36.401
-0.11627,0.79131,0.21765,36.406
-0.11157,0.8071,0.19531,36.411
-0.067864,0.82685,0.21502,36.416
-0.044114,0.8308,0.22878,36.421
-0.015897,0.85054,0.22787,36.426
0.0040551,0.87424,0.23398,36.431
-0.0029535,0.89398,0.19913,36.436
-0.0071062,0.92953,0.20331,36.44
0.0049285,0.95322,0.20487,36.445
0.0086981,0.98086,0.21345,36.45
0.02027,1.0085,0.23044,36.455
0.031276,1.0204,0.26628,36.46
0.050657,1.0362,0.29142,36.465
0.0892,1.0519,0.34906,36.47
0.12834,1.0283,0.38673,36.475
0.17619,1.0283,0.40258,36.479
0.20098,1.0243,0.38165,36.484
0.2019,1.0204,0.35088,36.489
0.20248,1.0204,0.3317,36.494
0.16713,1.0362,0.30191,36.499
0.14681,1.0559,0.30817,36.504
0.097568,1.0677,0.33859,36.509
0.028582,1.0993,0.35609,36.514
-0.039352,1.1033,0.33852,36.519
-0.13896,1.1072,0.30271,36.523
-0.22251,1.1349,0.26881,36.528
-0.29457,1.1388,0.25471,36.533
-0.33038,1.1507,0.24019,36.538
-0.33877,1.1625,0.25121,36.543
-0.34669,1.1665,0.24673,36.548
-0.34599,1.1586,0.22355,36.553
-0.34748,1.1507,0.27327,36.558
-0.29262,1.123,0.32381,36.563
-0.20506,1.0914,0.49262,36.567
-0.093657,1.0993,0.67206,36.572
0.032877,1.1507,0.74987,36.577
0.17123,1.2257,0.70227,36.582
0.29455,1.2928,0.61855,36.587
0.37782,1.3758,0.52769,36.592
0.43403,1.4311,0.39922,36.597
0.48695,1.4113,0.24587,36.602
0.52212,1.3442,0.14768,36.606
0.53158,1.2573,0.10064,36.611
0.49319,1.1783,0.037902,36.616
0.45846,1.1309,-0.012332,36.621
0.40372,1.1112,0.066973,36.626
0.36941,1.1112,0.13697,36.631
0.27665,1.1467,0.27551,36.636
0.13674,1.1823,0.37518,36.641
0.020133,1.2178,0.36924,36.646
-0.038409,1.2573,0.30706,36.65
-0.032941,1.3323,0.25905,36.655
0.037705,1.3916,0.32045,36.66
0.10306,1.4666,0.424,36.665
0.16543,1.5416,0.49266,36.67
0.1383,1.6364,0.45749,36.675
0.084347,1.6799,0.37657,36.68
0.018233,1.7194,0.29832,36.685
-0.035918,1.7115,0.22405,36.689
-0.096595,1.6641,0.23303,36.694
-0.13731,1.6325,0.24797,36.699
-0.18994,1.5614,0.25719,36.704
-0.25116,1.4548,0.28417,36.709
-0.23523,1.3007,0.29022,36.714
-0.18648,1.1467,0.27614,36.719
-0.10598,1.048,0.27756,36.724
-0.029276,0.95717,0.27111,36.729
0.0048702,0.85844,0.20682,36.733
0.053799,0.78736,0.18672,36.738
0.070959,0.68863,0.15167,36.743
0.062499,0.63334,0.16519,36.748
0.081942,0.54646,0.18828,36.753
0.09401,0.51487,0.18873,36.758
0.11158,0.49512,0.13991,36.763
0.12456,0.48722,0.11015,36.768
0.11126,0.47538,0.016396,36.772
0.10417,0.44378,-0.015648,36.777
0.071467,0.43588,0.0004843,36.782
0.041063,0.41614,0.074286,36.787
0.013994,0.3806,0.17115,36.792
-0.0076771,0.34505,0.22235,36.797
0.011385,0.31741,0.25813,36.802
0.023551,0.31346,0.2553,36.807
0.020334,0.32531,0.22832,36.812
-0.0037736,0.34111,0.22646,36.816
0.004151,0.32926,0.23079,36.821
-0.00030674,0.29767,0.24514,36.826
-0.0091473,0.30161,0.27135,36.831
0.0068075,0.29372,0.27648,36.836
0.021954,0.28977,0.30853,36.841
0.026541,0.29767,0.28987,36.846
0.035363,0.32531,0.26429,36.851
0.022849,0.33321,0.27871,36.855
-0.0049245,0.34111,0.26483,36.86
-0.0131,0.3885,0.26889,36.865
-0.049501,0.42799,0.27409,36.87
-0.10242,0.44773,0.29281,36.875
-0.13156,0.44378,0.32472,36.88
-0.16394,0.47933,0.33021,36.885
-0.21653,0.52277,0.33789,36.89
-0.22459,0.57805,0.33827,36.895
-0.25724,0.66888,0.35253,36.899
-0.32143,0.75181,0.34457,36.904
-0.30196,0.7992,0.3665,36.909
-0.31519,0.86239,0.40504,36.914
-0.30465,0.88609,0.45647,36.919
-0.26658,0.90978,0.52961,36.924
-0.23207,0.95322,0.58744,36.929
-0.15212,1.0125,0.60736,36.934
-0.10259,1.0914,0.56724,36.938
-0.11374,1.123,0.53609,36.943
-0.10537,1.1349,0.52554,36.948
-0.087175,1.2099,0.59023,36.953
-0.057185,1.3244,0.66446,36.958
-0.03196,1.5574,0.62907,36.963
-0.048191,1.8536,0.4989,36.968
-0.074582,2.0511,0.43893,36.973
-0.13084,2.0985,0.43482,36.978
-0.25684,2.1024,0.47356,36.982
-0.42009,2.0195,0.54568,36.987
-0.50228,1.8694,0.60068,36.992
-0.51256,1.5811,0.67477,36.997
-0.52405,1.202,0.78924,37.002
-0.60939,0.72417,1.0836,37.007
-0.60037,0.18314,1.3198,37.012
-0.2756,-0.022214,1.0987,37.017
0.1169,0.15945,0.63375,37.021
0.49674,0.57015,0.32225,37.026
0.82451,1.1033,0.27009,37.031
1.0362,1.6838,0.32768,37.036
1.134,2.1419,0.42258,37.041
1.1376,2.3157,0.43792,37.046
0.96626,2.3789,0.3776,37.051
0.77141,2.1932,0.29481,37.056
0.74316,1.8497,0.29693,37.061
0.77288,1.4745,0.24594,37.065
0.68769,1.1862,0.1325,37.07
0.45838,1.0441,0.1244,37.075
0.1952,0.91768,0.30591,37.08
-0.0061453,0.80315,0.574,37.085
-0.12669,0.69258,0.69942,37.09
-0.12226,0.5978,0.55175,37.095
-0.12251,0.66888,0.29157,37.1
-0.23068,0.815,0.13859,37.104
-0.37142,0.90583,0.13158,37.109
-0.41813,0.90188,0.21193,37.114
-0.39095,0.91768,0.24546,37.119
-0.31935,0.91768,0.27499,37.124
-0.28689,0.94532,0.26692,37.129
-0.20772,0.98481,0.17867,37.134
-0.090138,1.048,0.15205,37.139
0.071037,1.1349,0.14906,37.144
0.2469,1.2218,0.19355,37.148
0.35109,1.2139,0.21046,37.153
0.43142,1.2139,0.21769,37.158
0.42662,1.1783,0.24348,37.163
0.43848,1.1112,0.25089,37.168
0.43002,1.0559,0.26441,37.173
0.39321,1.0085,0.28323,37.178
0.36881,0.92953,0.291,37.183
0.36894,0.90583,0.28669,37.188
0.37725,0.8387,0.2784,37.192
0.37775,0.76761,0.26164,37.197
0.38237,0.72417,0.24195,37.202
0.38699,0.67283,0.22211,37.207
0.39562,0.64124,0.20302,37.212
0.39609,0.62149,0.18728,37.217
0.36074,0.62939,0.15733,37.222
0.30945,0.62544,0.12186,37.227
0.22501,0.60175,0.11763,37.231
0.13701,0.58595,0.097858,37.236
0.060235,0.5899,0.10641,37.241
0.027398,0.61754,0.12709,37.246
0.031268,0.66888,0.13231,37.251
0.027245,0.68073,0.13219,37.256
0.027329,0.73207,0.12938,37.261
-0.0011563,0.77551,0.13922,37.266
-0.037893,0.7992,0.15562,37.271
-0.091051,0.84264,0.18248,37.275
-0.12283,0.8387,0.168,37.28
-0.11813,0.85054,0.14558,37.285
-0.11779,0.85844,0.13423,37.29
-0.10689,0.84659,0.17344,37.295
-0.091737,0.83475,0.20534,37.3
-0.067754,0.83475,0.21135,37.305
-0.051219,0.81895,0.19713,37.31
-0.026781,0.82685,0.18795,37.314
-0.013807,0.81895,0.15818,37.319
-0.0099077,0.8229,0.16246,37.324
0.0019157,0.815,0.17106,37.329
0.013509,0.8071,0.18733,37.334
0.012581,0.81895,0.21826,37.339
0.015228,0.7992,0.26426,37.344
-0.00060212,0.79131,0.25499,37.349
-0.036411,0.80315,0.24046,37.354
-0.060746,0.815,0.2462,37.358
-0.1047,0.8229,0.23471,37.363
-0.12033,0.87029,0.21886,37.368
-0.13619,0.90978,0.21053,37.373
-0.1525,0.92558,0.21708,37.378
-0.17763,0.92163,0.24935,37.383
-0.16249,0.94137,0.28188,37.388
-0.13198,0.94137,0.33848,37.393
-0.12509,0.94137,0.37757,37.397
-0.090319,0.92558,0.42654,37.402
-0.062329,0.94137,0.43323,37.407
-0.037426,0.94137,0.40854,37.412
-0.035126,0.94532,0.33189,37.417
-0.04121,0.95717,0.26619,37.422
-0.039605,0.96902,0.21272,37.427
-0.047652,0.99271,0.21247,37.432
-0.095864,1.0204,0.20868,37.437
-0.16852,1.0559,0.21439,37.441
-0.23372,1.0835,0.23985,37.446
-0.29882,1.1309,0.26187,37.451
-0.31639,1.1467,0.31061,37.456
-0.31662,1.1546,0.31844,37.461
-0.31663,1.1625,0.3186,37.466
-0.29162,1.1783,0.29039,37.471
-0.23871,1.1665,0.27183,37.476
-0.15996,1.1151,0.33175,37.48
-0.059889,1.0756,0.48614,37.485
0.062668,1.0401,0.69648,37.49
0.16032,1.0322,0.79743,37.495
0.20219,1.0559,0.74398,37.5
0.29432,1.1033,0.62628,37.505
0.40574,1.127,0.53676,37.51
0.51384,1.1388,0.42364,37.515
0.5094,1.0993,0.3032,37.52
0.48028,1.0717,0.20001,37.524
0.49843,1.0401,0.13178,37.529
0.51221,1.0283,0.075079,37.534
0.5122,1.0441,0.075394,37.539
0.49247,1.0441,0.062078,37.544
0.45973,1.0993,0.07947,37.549
0.37451,1.2178,0.1011,37.554
0.28137,1.3402,0.11824,37.559
0.21222,1.4627,0.14139,37.563
0.19882,1.5969,0.18519,37.568
0.24511,1.7075,0.25311,37.573
0.31526,1.8299,0.33111,37.578
0.36925,1.9168,0.4108,37.583
0.39136,1.9602,0.47905,37.588
0.36541,1.98,0.53866,37.593
0.29622,1.976,0.56312,37.598
0.18173,1.9247,0.4864,37.603
0.10672,1.8773,0.43639,37.607
-0.059716,1.7667,0.34611,37.612
-0.2523,1.6325,0.32224,37.617
-0.42938,1.4666,0.31838,37.622
-0.53842,1.3126,0.32856,37.627
-0.61144,1.1862,0.34639,37.632
-0.62709,1.0598,0.33091,37.637
-0.60247,0.96112,0.31577,37.642
-0.5377,0.88214,0.30463,37.646
-0.46044,0.82685,0.27971,37.651
-0.36242,0.8071,0.23428,37.656
-0.30159,0.78736,0.22013,37.661
-0.2363,0.79526,0.19154,37.666
-0.17136,0.8071,0.17454,37.671
-0.14313,0.81105,0.17331,37.676
-0.087018,0.815,0.18229,37.681
-0.050402,0.7992,0.16988,37.686
-0.021585,0.77946,0.149,37.69
0.01058,0.72022,0.15071,37.695
0.055495,0.64519,0.13017,37.7
0.087666,0.57805,0.13173,37.705
0.11283,0.52277,0.098265,37.71
0.14236,0.46748,0.053657,37.715
0.18646,0.40429,0.060209,37.72
0.2387,0.35295,0.063884,37.725
0.29977,0.32136,0.041821,37.729
0.28797,0.29767,0.032592,37.734
0.19846,0.29372,0.062924,37.739
0.16001,0.29372,0.1364,37.744
0.104,0.29767,0.25838,37.749
0.083906,0.30161,0.39128,37.754
0.097308,0.32926,0.48151,37.759
0.061478,0.37665,0.46769,37.764
0.050681,0.40034,0.42488,37.769
0.028309,0.40034,0.36517,37.773
0.0093836,0.39244,0.32484,37.778
-0.0090747,0.3727,0.26893,37.783
-0.032369,0.37665,0.23999,37.788
-0.064392,0.3885,0.2335,37.793
-0.073352,0.40034,0.2637,37.798
-0.11754,0.42009,0.26012,37.803
-0.15393,0.43588,0.26485,37.808
-0.17401,0.43588,0.26305,37.813
-0.21453,0.44773,0.27118,37.817
-0.23898,0.46353,0.28083,37.822
-0.23889,0.50697,0.27786,37.827
-0.25189,0.56226,0.30857,37.832
-0.24411,0.60175,0.31775,37.837
-0.22787,0.68468,0.31318,37.842
-0.2357,0.73207,0.30573,37.847
-0.24835,0.77551,0.32469,37.852
-0.20558,0.82685,0.37573,37.856
-0.12291,0.92558,0.439,37.861
-0.060312,1.0125,0.50022,37.866
-0.042709,1.1151,0.58464,37.871
-0.045981,1.1981,0.69371,37.876
-0.056008,1.2613,0.75947,37.881
-0.059228,1.277,0.73257,37.886
-0.023755,1.2692,0.62405,37.891
-0.011138,1.3007,0.47195,37.896
-0.012153,1.4785,0.37155,37.9
-0.007351,1.7036,0.34571,37.905
-0.036032,1.8813,0.36207,37.91
-0.084493,1.9405,0.36659,37.915
-0.16373,1.8536,0.3231,37.92
-0.29202,1.6641,0.30391,37.925
-0.38727,1.4587,0.39125,37.93
-0.44762,1.2218,0.65804,37.935
-0.47346,1.0164,0.98242,37.939
-0.41109,0.85449,1.3195,37.944
-0.21148,0.77946,1.2436,37.949
-0.070575,0.83475,0.97658,37.954
0.12635,1.0835,0.45305,37.959
0.25787,1.4785,0.23045,37.964
0.30941,1.826,0.25742,37.969
0.36358,2.0076,0.33132,37.974
0.41665,2.0787,0.44138,37.979
0.49262,2.0748,0.45968,37.983
0.55698,1.9366,0.32807,37.988
0.66637,1.7075,0.17178,37.993
0.6812,1.4903,0.080295,37.998
0.51816,1.2534,0.14551,38.003
0.23187,1.0046,0.29171,38.008
0.0079964,0.78736,0.37108,38.013
-0.15667,0.59385,0.35624,38.018
-0.25325,0.33716,0.35395,38.022
-0.31775,0.1555,0.35605,38.027
-0.21206,-0.026163,0.18883,38.032
-0.16448,-0.11699,0.079745,38.037
-0.23166,-0.041959,0.036733,38.042
-0.26359,0.20684,0.027295,38.047
-0.22128,0.45168,0.0937,38.052
-0.15507,0.63729,0.16876,38.057
-0.058789,0.815,0.18098,38.062
0.010753,1.0085,0.14495,38.066
0.11242,1.2178,0.11213,38.071
0.26615,1.4666,0.088627,38.076
0.47576,1.7351,0.082089,38.081
0.62419,1.8339,0.10127,38.086
0.69974,1.747,0.13326,38.091
0.71091,1.6838,0.16377,38.096
0.68929,1.5614,0.21323,38.101
0.62805,1.4943,0.241,38.105
0.5462,1.356,0.28472,38.11
0.47712,1.1586,0.30533,38.115
0.39215,1.0401,0.31839,38.12
0.31465,0.92953,0.35152,38.125
0.25009,0.84264,0.35551,38.13
0.21079,0.75576,0.32331,38.135
0.20303,0.68468,0.31349,38.14
0.19524,0.65704,0.30455,38.145
0.21155,0.64124,0.29801,38.149
0.22843,0.6136,0.27205,38.154
0.21351,0.62939,0.23255,38.159
0.21372,0.66493,0.22559,38.164
0.18936,0.71232,0.23204,38.169
0.15272,0.76761,0.24523,38.174
0.12434,0.8229,0.25148,38.179
0.076597,0.84264,0.23219,38.184
0.033205,0.87424,0.20199,38.188
-0.015235,0.89793,0.2058,38.193
-0.050823,0.92558,0.18391,38.198
-0.071144,0.94137,0.19009,38.203
-0.12323,0.92163,0.18116,38.208
-0.18276,0.88609,0.15201,38.213
-0.21029,0.87819,0.13015,38.218
-0.2306,0.87029,0.13585,38.223
-0.21511,0.86239,0.15632,38.228
-0.20731,0.86634,0.1648,38.232
-0.20741,0.85054,0.16832,38.237
-0.18011,0.85844,0.19786,38.242
-0.14453,0.84659,0.22006,38.247
-0.13273,0.87819,0.22945,38.252
-0.12873,0.90188,0.23028,38.257
-0.092935,0.91373,0.24528,38.262
-0.072626,0.91768,0.23949,38.267
-0.069197,0.93742,0.25943,38.271
-0.073211,0.93347,0.25899,38.276
-0.089748,0.95322,0.27328,38.281
-0.10672,0.93347,0.30213,38.286
-0.11485,0.89793,0.30454,38.291
-0.13102,0.88609,0.30669,38.296
-0.14662,0.87819,0.28974,38.301
-0.15476,0.86239,0.29254,38.306
-0.1505,0.8387,0.28476,38.311
-0.12169,0.8308,0.26411,38.315
-0.12569,0.80315,0.2632,38.32
-0.11765,0.79526,0.26376,38.325
-0.10847,0.79526,0.22612,38.33
-0.1079,0.80315,0.2071,38.335
-0.075787,0.83475,0.21062,38.34
-0.071785,0.85844,0.21146,38.345
-0.056316,0.89398,0.23279,38.35
-0.04543,0.91373,0.27263,38.354
-0.034546,0.93742,0.31255,38.359
-0.031585,0.96902,0.34807,38.364
-0.032045,0.96902,0.36342,38.369
-0.048467,0.98876,0.37387,38.374
-0.044225,0.99666,0.36672,38.379
-0.060403,0.99271,0.36903,38.384
-0.052021,0.98481,0.35809,38.389
-0.043309,1.0046,0.33619,38.394
-0.026223,1.0283,0.30358,38.398
-0.045719,1.0125,0.28228,38.403
-0.061442,1.0164,0.2694,38.408
-0.090028,1.0362,0.28261,38.413
-0.10999,1.0283,0.27681,38.418
-0.13031,1.0401,0.28291,38.423
-0.17897,1.0519,0.29415,38.428
-0.20779,1.0796,0.31519,38.433
-0.22387,1.0954,0.31406,38.438
-0.2164,1.0875,0.33381,38.442
-0.17944,1.0677,0.30981,38.447
-0.14225,1.0598,0.27838,38.452
-0.089788,1.0204,0.27462,38.457
-0.026554,1.0046,0.31462,38.462
0.048241,1.0362,0.37199,38.467
0.13956,1.0677,0.41546,38.472
0.19174,1.123,0.42126,38.477
0.20845,1.1981,0.40118,38.481
0.16904,1.2928,0.37261,38.486
0.162,1.3639,0.33877,38.491
0.17586,1.4153,0.2795,38.496
0.2019,1.4271,0.21669,38.501
0.24395,1.36,0.15758,38.506
0.26463,1.3244,0.1395,38.511
0.29325,1.2494,0.12519,38.516
0.31716,1.1744,0.13353,38.521
0.35632,1.1191,0.17057,38.525
0.39055,1.0519,0.2377,38.53
0.42419,1.0006,0.32433,38.535
0.43385,0.96112,0.40519,38.54
0.44537,0.88214,0.42388,38.545
0.42935,0.8071,0.42094,38.55
0.3657,0.75576,0.39495,38.555
0.24673,0.70443,0.33321,38.56
0.11525,0.67678,0.2862,38.564
0.027235,0.67678,0.26674,38.569
-0.042094,0.70443,0.29567,38.574
-0.070342,0.73602,0.29761,38.579
-0.17619,0.8071,0.33567,38.584
-0.22905,0.92558,0.35251,38.589
-0.30646,1.0362,0.38238,38.594
-0.388,1.1388,0.41556,38.599
-0.49753,1.2336,0.44222,38.604
-0.5935,1.3047,0.41961,38.608
-0.60949,1.36,0.41543,38.613
-0.61869,1.3995,0.45386,38.618
-0.53021,1.3797,0.45758,38.623
-0.43299,1.3521,0.43885,38.628
-0.30799,1.2889,0.43345,38.633
-0.19021,1.2099,0.40016,38.638
-0.093878,1.123,0.41094,38.643
-0.057125,1.0717,0.39399,38.647
0.0039747,0.98876,0.3709,38.652
0.061274,0.92953,0.34025,38.657
0.082441,0.84659,0.30588,38.662
0.11173,0.81105,0.26934,38.667
0.10898,0.80315,0.22662,38.672
0.085344,0.80315,0.20911,38.677
0.065378,0.80315,0.20346,38.682
0.053099,0.80315,0.21005,38.687
0.035993,0.81105,0.24329,38.691
0.012128,0.8071,0.23337,38.696
0.004208,0.81105,0.22889,38.701
-0.015775,0.8387,0.2238,38.706
-0.051691,0.8387,0.21287,38.711
-0.063752,0.85844,0.21218,38.716
-0.092338,0.87819,0.22539,38.721
-0.11392,0.87819,0.27345,38.726
-0.12655,0.89003,0.29179,38.73
-0.12504,0.87819,0.24168,38.735
-0.12607,0.85844,0.27581,38.74
-0.12926,0.8071,0.3822,38.745
-0.12179,0.78341,0.40164,38.75
-0.12317,0.7992,0.31335,38.755
-0.1327,0.81895,0.22826,38.76
-0.1476,0.78341,0.32238,38.765
-0.11548,0.77551,0.45975,38.77
-0.067865,0.78736,0.4835,38.774
-0.024855,0.8387,0.39223,38.779
-0.026241,0.86634,0.30419,38.784
-0.067524,0.85449,0.069434,38.789
-0.16696,0.78341,-0.10634,38.794
-0.25169,0.67283,-0.10079,38.799
-0.20805,0.58595,0.055263,38.804
-0.12809,0.6057,0.20903,38.809
-0.14675,0.71232,0.29411,38.813
-0.17554,0.87029,0.31391,38.818
-0.17572,0.98876,0.32011,38.823
-0.18035,1.0559,0.34027,38.828
-0.18851,1.0756,0.34377,38.833
-0.15442,1.0677,0.28129,38.838
-0.10632,1.0559,0.1546,38.843
-0.06247,1.0441,0.035213,38.848
-0.044787,1.0322,-0.017286,38.853
0.015704,1.0046,-0.020088,38.857
0.081818,0.96507,0.05816,38.862
0.12794,0.96112,0.13147,38.867
0.12552,0.97297,0.21227,38.872
0.083617,0.99666,0.26667,38.877
0.045737,1.0085,0.3212,38.882
0.083267,1.0046,0.27834,38.887
0.16314,1.0125,0.16644,38.892
0.23454,0.98086,0.068374,38.896
0.25108,0.95717,0.054002,38.901
0.25418,0.94927,0.084897,38.906
0.25405,0.97297,0.089205,38.911
0.22959,1.0125,0.099333,38.916
0.24116,1.0322,0.11616,38.921
0.22737,1.0559,0.17309,38.926
0.21785,1.0559,0.22224,38.931
0.18573,1.0362,0.21895,38.936
0.17426,1.0243,0.19845,38.94
0.19779,1.0125,0.21957,38.945
0.22122,0.98086,0.24412,38.95
0.23635,0.99271,0.27649,38.955
0.27971,1.0164,0.3078,38.96
0.32434,1.0322,0.29674,38.965
0.37265,1.0401,0.2974,38.97
0.39204,1.0322,0.32207,38.975
0.39813,1.0243,0.38785,38.979
0.35348,1.0401,0.39954,38.984
0.26542,1.1072,0.38141,38.989
0.2784,1.0914,0.35149,38.994
0.24098,1.1309,0.25659,38.999
0.21813,1.1586,0.21278,39.004
0.20674,1.2099,0.1897,39.009
0.16197,1.2297,0.2053,39.014
0.14934,1.2494,0.22379,39.019
0.11926,1.2692,0.28687,39.023
0.082435,1.2415,0.30608,39.028
0.068218,1.2297,0.24302,39.033
0.060799,1.1665,0.22186,39.038
0.080683,1.1112,0.23023,39.043
0.08461,1.0677,0.23356,39.048
0.05711,1.0046,0.21059,39.053
0.022711,0.96902,0.14909,39.058
0.027201,0.94532,0.13363,39.063
0.011625,0.89793,0.11589,39.067
0.0079634,0.88214,0.10371,39.072
0.0082054,0.86239,0.095641,39.077
-0.016698,0.86239,0.12033,39.082
-0.013029,0.86634,0.13228,39.087
-0.030245,0.86634,0.16919,39.092
-0.024517,0.87029,0.24672,39.097
-0.025574,0.90583,0.28196,39.102
-0.014575,0.94927,0.1838,39.106
-0.033506,0.94927,0.14363,39.111
-0.037522,0.94927,0.14327,39.116
-0.024902,0.95717,0.12533,39.121
-0.028465,0.96902,0.10986,39.126
-0.024217,0.96507,0.10247,39.131
-0.032491,0.98481,0.10981,39.136
-0.045799,0.97297,0.15069,39.141
0.0015815,0.98876,0.1822,39.146
0.025679,1.0085,0.050129,39.15
0.0081132,1.0164,0.098713,39.155
0.013499,1.0164,0.18767,39.16
0.02117,1.0441,0.20045,39.165
0.033568,1.0362,0.18987,39.17
0.010394,1.0322,0.15693,39.175
0.0032984,1.0046,0.12497,39.18
0.0075496,0.99666,0.1175,39.185
0.026825,0.99666,0.14616,39.189
0.038412,1.0006,0.16267,39.194
0.034278,1.0046,0.16622,39.199
0.034376,1.0322,0.16294,39.204
0.039539,1.0401,0.1251,39.209
0.050787,1.0322,0.15288,39.214
0.026461,1.0283,0.1583,39.219
0.050561,1.0243,0.16039,39.224
0.054247,1.0006,0.17179,39.229
0.053669,1.0046,0.19105,39.233
0.049204,0.98481,0.20564,39.238
0.041068,0.96507,0.20836,39.243
0.056224,0.94532,0.2401,39.248
0.037064,0.94532,0.2076,39.253
0.017435,0.95717,0.19069,39.258
0.017205,0.95717,0.19836,39.263
0.017205,0.95717,0.19836,39.268
0.0098561,0.96902,0.17486,39.272
0.0019362,0.97297,0.17038,39.277
-0.014244,0.97297,0.17277,39.282
-0.018617,0.99271,0.18431,39.287
-0.0066954,1.0125,0.18962,39.292
-0.0065945,1.0362,0.18626,39.297
-0.0029306,1.048,0.19836,39.302
0.016928,1.0362,0.20761,39.307
0.032645,1.0401,0.22064,39.312
0.029094,1.0322,0.20478,39.316
0.036896,1.0322,0.21317,39.321
0.060416,1.0362,0.2346,39.326
0.080629,1.0085,0.23202,39.331
0.093486,1.0046,0.20617,39.336
0.081212,0.99666,0.2126,39.341
0.097507,0.99666,0.20638,39.346
0.1099,0.99666,0.19595,39.351
0.1052,0.99271,0.21853,39.355
0.11667,0.99271,0.2388,39.36
0.12024,0.96902,0.25403,39.365
0.1487,0.96902,0.24505,39.37
0.17291,0.97297,0.24346,39.375
0.18646,0.96112,0.19444,39.38
0.1789,0.94927,0.17813,39.385
0.16673,0.96112,0.18112,39.39
0.16236,0.96112,0.19227,39.395
0.1533,0.96112,0.22607,39.399
0.15696,0.97691,0.23826,39.404
0.16819,0.98876,0.26643,39.409
0.15234,1.0164,0.25787,39.414
0.14867,1.0164,0.246,39.419
0.13191,1.0283,0.26781,39.424
0.12778,1.0243,0.2712,39.429
0.14409,1.0046,0.26458,39.434
0.1449,0.98481,0.23733,39.438
0.12058,0.98086,0.24276,39.443
0.12817,0.95717,0.25835,39.448
0.13138,0.95717,0.28557,39.453
0.13149,0.96112,0.28181,39.458
0.12346,0.95322,0.28093,39.463
0.12771,0.95322,0.27362,39.468
0.14377,0.95717,0.27514,39.473
0.1323,0.95322,0.2548,39.478
0.13666,0.95717,0.24373,39.482
0.1331,0.95322,0.22795,39.487
0.11657,0.96507,0.24208,39.492
0.11152,0.96112,0.27617,39.497
0.12346,0.95717,0.28101,39.502
0.11577,0.95717,0.26878,39.507
0.13217,0.97691,0.25911,39.512
0.14066,0.97691,0.24449,39.517
0.14846,0.97691,0.25288,39.521
0.13688,0.97691,0.23645,39.526
0.14101,0.98086,0.23306,39.531
0.13641,0.98086,0.25188,39.536
0.13641,0.98481,0.25195,39.541
0.1324,0.97691,0.25144,39.546
0.099351,0.97297,0.27916,39.551
0.099466,0.97297,0.27532,39.556
0.12334,0.96507,0.285,39.561
0.11989,0.97297,0.26562,39.565
0.11152,0.97297,0.2764,39.57
0.1199,0.96902,0.26554,39.575
0.11566,0.95717,0.27261,39.58
0.095807,0.95322,0.26306,39.585
0.076308,0.94137,0.24183,39.59
0.07596,0.94532,0.25342,39.595
0.080085,0.95717,0.25018,39.6
0.064363,0.96112,0.2373,39.604
0.068938,0.98876,0.21903,39.609
0.069403,0.98086,0.20353,39.614
0.065271,0.98086,0.20701,39.619
0.081442,0.99666,0.20493,39.624
0.080982,0.99666,0.22028,39.629
0.073295,0.99666,0.20804,39.634
0.080749,1.0006,0.22803,39.639
0.076738,0.99271,0.22751,39.644
0.043795,1.0046,0.25171,39.648
0.059404,0.99666,0.26834,39.653
0.03967,0.99271,0.25495,39.658
0.028089,0.98086,0.23828,39.663
0.024761,0.98481,0.21498,39.668
0.0084656,0.98481,0.22121,39.673
0.00020516,0.98086,0.22808,39.678
-0.0079449,0.98481,0.23127,39.683
-0.011506,0.99271,0.21572,39.688
-0.023667,0.98876,0.21839,39.692
-0.023904,1.0006,0.2263,39.697
-0.027803,0.99666,0.22203,39.702
-0.028271,1.0085,0.23761,39.707
-0.035956,1.0046,0.2253,39.712
-0.024372,1.0125,0.24188,39.717
-0.015989,1.0046,0.23094,39.722
-0.012541,0.99271,0.25025,39.727
-0.017131,0.98876,0.26899,39.731
-0.0013005,0.99666,0.27826,39.736
-0.00049719,1.0006,0.25149,39.741
-0.016668,0.98481,0.25356,39.746
-0.024689,0.96507,0.25245,39.751
-0.013107,0.97691,0.26911,39.756
-0.0168,1.0125,0.25795,39.761
-0.0011712,0.97297,0.27396,39.766
0.026825,0.97691,0.2804,39.771
0.011458,0.96507,0.2557,39.775
0.0078996,0.96902,0.24007,39.78
-0.00071319,0.97691,0.25869,39.785
0.0036413,0.98876,0.24778,39.79
0.012017,0.99271,0.23707,39.795
0.015347,0.98481,0.26029,39.8
0.031755,0.98876,0.25031,39.805
0.036237,0.98086,0.23517,39.81
0.036126,0.97297,0.23885,39.814
0.032688,0.96902,0.21922,39.819
0.056898,0.97297,0.21763,39.824
0.048861,0.98086,0.21707,39.829
0.076522,0.96902,0.23471,39.834
0.084211,0.96507,0.24686,39.839
0.088448,0.98086,0.23987,39.844
0.081102,0.98876,0.21628,39.849
0.072844,0.98086,0.22307,39.854
0.080179,0.99271,0.24705,39.858
0.088441,0.99271,0.2401,39.863
0.083974,0.97691,0.25477,39.868
0.10462,0.99271,0.23771,39.873
0.10796,0.97297,0.2607,39.878
0.10795,0.98086,0.26085,39.883
0.11245,0.95717,0.2454,39.888
0.11668,0.97297,0.2384,39.893
0.11185,0.98481,0.26513,39.897
0.10417,0.98481,0.2529,39.902
0.095788,0.98481,0.26369,39.907
0.11163,0.97297,0.27257,39.912
0.12826,0.98481,0.25507,39.917
0.12023,0.98876,0.25442,39.922
0.11312,0.98086,0.22285,39.927
0.10497,0.98481,0.22605,39.932
0.096824,0.98481,0.22916,39.937
0.096371,0.97297,0.24427,39.941
0.092354,0.97297,0.24391,39.946
0.080082,0.96112,0.25026,39.951
0.091903,0.95717,0.25894,39.956
0.092124,0.97297,0.25158,39.961
0.084327,0.96507,0.24303,39.966
0.075249,0.98086,0.27714,39.971
0.067679,0.97691,0.261,39.976
0.075582,1.0006,0.26603,39.98
0.051487,0.99666,0.26378,39.985
0.068123,1.0046,0.2462,39.99
0.080063,0.99271,0.25089,39.995
0.063763,1.0006,0.25727,40
0.063871,1.0125,0.25367,40.005
0.072717,1.0006,0.2273,40.01
0.076165,0.98876,0.24661,40.015
0.088223,0.97297,0.24738,40.02
0.084322,0.97297,0.24318,40.024
0.096368,0.97691,0.24435,40.029
0.092474,0.96507,0.23991,40.034
0.084094,0.96902,0.25078,40.039
0.080423,0.96902,0.23891,40.044
0.076522,0.96902,0.23471,40.049
0.076517,0.97691,0.23487,40.054
0.068482,0.98086,0.23422,40.059
0.080754,0.99271,0.22787,40.063
0.07662,0.99666,0.23142,40.068
0.083965,0.99271,0.25509,40.073
0.068015,0.99271,0.2498,40.078
0.072146,0.99271,0.24633,40.083
0.055973,0.98086,0.24848,40.088
0.067904,0.98481,0.25348,40.093
0.080188,0.97691,0.24674,40.098
0.072153,0.98086,0.24609,40.103
0.056428,0.98876,0.2333,40.107
0.072376,0.99271,0.23866,40.112
0.063886,0.98876,0.2532,40.117
0.063773,0.98481,0.25696,40.122
0.064233,0.98481,0.24161,40.127
0.060677,0.98481,0.22591,40.132
0.060795,0.98086,0.22199,40.137
0.044847,0.97691,0.21663,40.142
0.028549,0.98086,0.22293,40.146
0.036695,0.98481,0.2199,40.151
0.015573,0.99271,0.25278,40.156
0.035654,0.99271,0.25458,40.161
0.031525,0.98876,0.25798,40.166
0.029686,0.98481,0.31928,40.171
0.054012,0.98876,0.31386,40.176
0.039788,0.98876,0.25103,40.181
0.0083599,0.96902,0.22473,40.186
0.015937,0.96112,0.24064,40.19
0.039922,0.95717,0.24656,40.195
0.03165,0.97297,0.25383,40.2
0.040814,1.0046,0.21682,40.205
0.03623,0.99271,0.2354,40.21
0.048159,1.0006,0.24048,40.215
0.047583,1.0006,0.25966,40.22
0.048163,0.99271,0.24032,40.225
0.059651,0.96902,0.26012,40.229
0.059766,0.96902,0.25628,40.234
0.067463,0.95322,0.2682,40.239
0.0514,0.94927,0.26667,40.244
0.055301,0.94927,0.27087,40.249
0.059428,0.95717,0.26755,40.254
0.050825,0.94927,0.28585,40.259
0.051045,0.96507,0.2785,40.264
0.051386,0.97297,0.26715,40.269
0.047372,0.96902,0.26671,40.273
0.059076,0.96902,0.2793,40.278
0.051729,0.97691,0.25572,40.283
0.052074,0.97691,0.24421,40.288
0.056097,0.96507,0.24433,40.293
0.052645,0.98481,0.22518,40.298
0.056436,0.97691,0.23306,40.303
0.052753,0.99666,0.22158,40.308
0.056309,0.99666,0.23729,40.313
0.079826,1.0046,0.2588,40.317
0.084305,1.0006,0.24373,40.322
0.096129,0.99271,0.25233,40.327
0.088333,0.98086,0.2437,40.332
0.10026,0.98876,0.24878,40.337
0.1114,0.97691,0.28032,40.342
0.10221,0.98086,0.31804,40.347
0.099814,0.96902,0.26373,40.352
0.09592,0.95717,0.2593,40.356
0.088343,0.96507,0.24339,40.361
0.083873,0.95322,0.25813,40.366
0.068038,0.95322,0.24902,40.371
0.063905,0.95717,0.25257,40.376
0.039917,0.96507,0.24672,40.381
0.032108,0.97691,0.23856,40.386
0.036237,0.98086,0.23517,40.391
0.024305,0.97691,0.23017,40.396
0.036467,0.98086,0.22749,40.4
0.04438,0.98876,0.23221,40.405
0.043807,0.98481,0.25131,40.41
0.052288,1.0046,0.23709,40.415
0.055726,1.0085,0.25671,40.42
0.063545,0.98086,0.26455,40.425
0.055973,0.98086,0.24848,40.43
0.060111,0.96902,0.24477,40.435
0.052091,0.94927,0.24366,40.439
0.064595,0.95717,0.22955,40.444
0.048415,0.95717,0.23194,40.449
0.063327,0.96112,0.27183,40.454
0.039447,0.98086,0.26238,40.459
0.031527,0.98481,0.2579,40.464
0.023735,0.96902,0.24919,40.469
0.018922,0.95322,0.27537,40.474
0.01146,0.96112,0.25562,40.479
0.015239,0.97297,0.26389,40.483
0.010295,0.98481,0.29446,40.488
-0.0017466,0.97297,0.29314,40.493
0.0035238,0.99271,0.25169,40.498
-0.00071555,0.98086,0.25877,40.503
-0.0048517,0.98876,0.2624,40.508
-0.0096712,0.98481,0.28881,40.513
0.0067345,0.99271,0.27891,40.518
0.023145,0.99271,0.26885,40.522
0.010873,0.98086,0.2752,40.527
0.0028451,0.97297,0.27432,40.532
0.0030753,0.97297,0.26664,40.537
0.027859,0.98086,0.24595,40.542
0.01627,0.98086,0.22952,40.547
0.024075,0.97691,0.23784,40.552
0.027852,0.99271,0.24619,40.557
0.031295,0.98876,0.26565,40.562
0.043001,0.98481,0.27817,40.566
0.059181,0.98481,0.27578,40.571
0.057234,0.98876,0.20644,40.576
0.06354,0.98876,0.26471,40.581
0.043226,0.99271,0.27065,40.586
0.039896,1.0006,0.24743,40.591
0.047139,0.97297,0.27446,40.596
0.035217,0.95322,0.26914,40.601
0.011705,0.93742,0.24748,40.605
0.011347,0.95717,0.25938,40.61
0.015122,0.97691,0.26781,40.615
0.015129,0.96507,0.26757,40.62
0.015352,0.97691,0.26013,40.625
0.027168,0.98086,0.26897,40.63
0.043114,0.98876,0.27441,40.635
0.051369,1.0006,0.2677,40.64
0.055543,0.92953,0.2628,40.645
0.043694,0.98086,0.25507,40.649
0.063087,0.97691,0.27982,40.654
0.062857,0.97691,0.28749,40.659
0.071002,0.98086,0.28446,40.664
0.071232,0.98086,0.27678,40.669
0.071239,0.96902,0.27655,40.674
0.059315,0.95322,0.27131,40.679
0.075718,0.96507,0.26148,40.684
0.047936,0.98876,0.24792,40.688
0.06355,0.97297,0.26439,40.693
0.071343,0.98876,0.2731,40.698
0.083159,0.99271,0.28194,40.703
0.060212,0.99271,0.24141,40.708
0.059416,0.97691,0.26795,40.713
0.055404,0.96902,0.26743,40.718
0.064348,0.98481,0.23778,40.723
0.051952,0.98876,0.24828,40.728
0.047586,0.99666,0.25958,40.732
0.047238,1.0006,0.27117,40.737
0.043684,0.99666,0.25539,40.742
0.035304,1.0006,0.26625,40.747
0.039316,1.0085,0.26677,40.752
0.047586,0.99666,0.25958,40.757
0.055278,0.98876,0.27166,40.762
0.042999,0.98876,0.27825,40.767
0.034863,0.96902,0.28097,40.771
0.027058,0.97297,0.27265,40.776
0.043703,0.96507,0.25476,40.781
0.031767,0.96902,0.24991,40.786
0.039922,0.95717,0.24656,40.791
0.039584,0.94532,0.25784,40.796
0.023288,0.94532,0.26406,40.801
0.022938,0.95322,0.27573,40.806
0.027986,0.96112,0.24172,40.811
0.044044,0.97297,0.2434,40.815
0.059874,0.98086,0.25268,40.82
0.067902,0.98876,0.25356,40.825
0.067099,0.98481,0.28034,40.83
0.078793,1.0006,0.29325,40.835
0.1022,0.99666,0.31835,40.84
0.097838,1.0006,0.32958,40.845
0.081557,0.97691,0.33533,40.85
0.072834,0.97691,0.35763,40.854
0.06447,0.95322,0.36794,40.859
0.036361,0.94532,0.36525,40.864
0.037287,0.93742,0.33441,40.869
0.021207,0.96112,0.33343,40.874
-0.0040461,0.96902,0.36978,40.879
0.0081084,0.98481,0.36735,40.884
0.013724,1.0046,0.31439,40.889
0.027037,1.0085,0.27336,40.894
0.047116,1.0125,0.27524,40.898
0.067315,1.0085,0.27314,40.903
0.091422,0.99271,0.27499,40.908
0.12343,0.99666,0.2818,40.913
0.15924,0.98481,0.29632,40.918
0.17553,0.99271,0.29025,40.923
0.17508,0.98876,0.30552,40.928
0.17393,0.97297,0.34357,40.933
0.17807,0.96507,0.33994,40.938
0.19496,0.94137,0.31406,40.942
0.16261,0.92163,0.31844,40.947
