0.040553,1.0559,0.22552,33.413
0.049142,1.0875,0.20769,33.418
0.085512,1.0993,0.2035,33.423
0.11076,1.1033,0.16739,33.428
0.14323,1.1112,0.15893,33.433
0.19027,1.1191,0.20179,33.438
0.22732,1.1546,0.17506,33.442
0.27597,1.1546,0.16405,33.447
0.32003,1.1586,0.17194,33.452
0.3532,1.1546,0.14023,33.457
0.35688,1.1388,0.15178,33.462
0.35288,1.1112,0.15087,33.467
0.34026,1.0993,0.16873,33.472
0.33602,1.0993,0.17604,33.477
0.3202,1.0756,0.16645,33.481
0.28396,1.0283,0.16609,33.486
0.26803,0.99666,0.16018,33.491
0.25496,0.96902,0.19307,33.496
0.2505,0.94927,0.20766,33.501
0.23503,0.91768,0.1864,33.506
0.23139,0.87029,0.17359,33.511
0.20671,0.87424,0.19068,33.516
0.18251,0.86239,0.19211,33.521
0.17034,0.86239,0.19486,33.525
0.13442,0.86239,0.18393,33.53
0.12237,0.86634,0.18293,33.535
0.10242,0.85054,0.17697,33.54
0.094492,0.86239,0.17265,33.545
0.074176,0.87029,0.17867,33.55
0.074617,0.90188,0.16395,33.555
0.079423,0.92953,0.13801,33.56
0.079305,0.93347,0.14193,33.564
0.071836,0.95322,0.12242,33.569
0.06793,0.96112,0.11838,33.574
0.091793,0.96902,0.12838,33.579
0.092246,0.98086,0.11327,33.584
0.0842,1.0046,0.11302,33.589
0.08454,1.0125,0.10167,33.594
0.10072,1.0125,0.099275,33.599
0.11322,1.0283,0.08533,33.604
0.13319,1.0243,0.090894,33.608
0.14501,1.0283,0.09973,33.613
0.15694,1.0204,0.10449,33.618
0.17347,1.0125,0.090436,33.623
0.16132,1.0006,0.092952,33.628
0.17267,1.0085,0.11721,33.633
0.18944,0.99271,0.095325,33.638
0.19369,0.98086,0.087777,33.643
0.18543,0.97297,0.094569,33.647
0.18129,0.98481,0.098281,33.652
0.20149,0.97691,0.096094,33.657
0.20081,0.97297,0.11903,33.662
0.19655,0.98086,0.1265,33.667
0.21262,0.98481,0.12803,33.672
0.22089,0.97691,0.12092,33.677
0.19267,0.96112,0.12191,33.682
0.18853,0.96112,0.12539,33.687
0.20402,0.97297,0.14625,33.691
0.19232,0.95322,0.13326,33.696
0.20782,0.94137,0.15365,33.701
0.21172,0.94532,0.15793,33.706
0.20002,0.94532,0.14534,33.711
0.19235,0.90978,0.1324,33.716
0.17616,0.93347,0.13526,33.721
0.17627,0.93742,0.1315,33.726
0.2006,0.93347,0.12592,33.73
0.18878,0.93742,0.11724,33.735
0.18051,0.94137,0.12427,33.74
0.18901,0.93742,0.10957,33.745
0.19302,0.93742,0.10993,33.75
0.19726,0.94927,0.10285,33.755
0.19336,0.94927,0.098656,33.76
0.19714,0.95717,0.10685,33.765
0.2007,0.96112,0.12263,33.77
0.19301,0.95717,0.11032,33.774
0.19312,0.97297,0.1068,33.779
0.18991,0.97691,0.079664,33.784
0.20161,0.97691,0.092258,33.789
0.19806,0.96902,0.076394,33.794
0.20976,0.97691,0.089144,33.799
0.19369,0.98086,0.087777,33.804
0.20575,0.96902,0.088625,33.809
0.20574,0.97297,0.088704,33.813
0.18944,0.98086,0.095088,33.818
0.20161,0.98086,0.092337,33.823
0.2016,0.99666,0.092652,33.828
0.21033,0.98876,0.070199,33.833
0.21423,0.98086,0.074239,33.838
0.20609,0.97691,0.077274,33.843
0.21779,0.97297,0.089789,33.848
0.21401,0.97297,0.081754,33.853
0.23019,0.97297,0.079364,33.857
0.23006,0.98876,0.083515,33.862
0.23809,0.98876,0.084238,33.867
0.24188,0.99271,0.092351,33.872
0.22628,0.98481,0.075403,33.877
0.22995,0.98876,0.087352,33.882
0.22593,0.99271,0.087069,33.887
0.22593,0.98876,0.08699,33.892
0.22192,0.98481,0.08655,33.896
0.22995,0.98876,0.087352,33.901
0.21354,0.98876,0.097415,33.906
0.19369,0.98086,0.087777,33.911
0.18176,0.98086,0.082857,33.916
0.18141,0.97691,0.094287,33.921
0.16925,0.97691,0.097039,33.926
0.16936,0.97691,0.093202,33.931
0.16133,0.97691,0.092479,33.936
0.15319,0.96902,0.095435,33.94
0.14113,0.98086,0.094587,33.945
0.13734,0.98876,0.086711,33.95
0.14135,0.99666,0.08723,33.955
0.14135,0.99666,0.08723,33.96
0.15375,0.98481,0.076569,33.965
0.13757,0.99271,0.079117,33.97
0.16178,0.99666,0.077528,33.975
0.18164,0.98876,0.08685,33.979
0.17808,0.99271,0.071223,33.984
0.17843,0.98876,0.059635,33.989
0.18243,1.0006,0.060233,33.994
0.18231,1.0085,0.064226,33.999
0.18256,0.98876,0.05616,34.004
0.19851,0.98481,0.061363,34.009
0.19851,0.97691,0.061206,34.014
0.1945,0.97691,0.060844,34.019
0.19037,0.96902,0.064162,34.023
0.19461,0.97297,0.056929,34.028
0.18176,0.97297,0.082699,34.033
0.20242,0.97297,0.065325,34.038
0.19048,0.98086,0.060562,34.043
0.18612,0.97297,0.071552,34.048
0.19369,0.97691,0.087699,34.053
0.19002,0.98086,0.075907,34.058
0.18991,0.97691,0.079664,34.062
0.19392,0.97297,0.079947,34.067
0.18165,0.97297,0.086535,34.072
0.18967,0.98086,0.087416,34.077
0.19381,0.97691,0.083862,34.082
0.20196,0.97297,0.08067,34.087
0.19404,0.97297,0.076111,34.092
0.20644,0.96112,0.06545,34.097
0.20643,0.97297,0.065686,34.102
0.22261,0.97297,0.063296,34.106
0.19863,0.97691,0.057369,34.111
0.24269,0.98086,0.065261,34.116
0.23478,0.97297,0.060544,34.121
0.2311,0.98481,0.04891,34.126
0.23489,0.97297,0.056708,34.131
0.24292,0.98481,0.057667,34.136
0.22686,0.97691,0.056063,34.141
0.22261,0.97691,0.063375,34.146
0.21103,0.96507,0.046709,34.15
0.22262,0.96902,0.063217,34.155
0.22698,0.96902,0.05207,34.16
0.22285,0.96902,0.055544,34.165
0.21492,0.97691,0.051143,34.17
0.20288,0.97297,0.04998,34.175
0.18658,0.97691,0.056285,34.18
0.19886,0.97297,0.049618,34.185
0.19461,0.98876,0.057244,34.189
0.20275,0.99271,0.05421,34.194
0.20299,0.98481,0.04638,34.199
0.19897,0.98481,0.046018,34.204
0.18681,0.98086,0.048691,34.209
0.1945,0.98086,0.060923,34.214
0.18669,0.98086,0.052528,34.219
0.18233,0.97691,0.063596,34.224
0.18647,0.97297,0.060043,34.229
0.16248,0.97691,0.054116,34.233
0.15881,0.98086,0.042325,34.238
0.17062,0.98876,0.051239,34.243
0.16649,0.98481,0.054635,34.248
0.16707,0.98481,0.035454,34.253
0.15858,0.98481,0.050076,34.258
0.17074,0.98086,0.047245,34.263
0.14664,0.98481,0.045155,34.268
0.14665,0.96902,0.04484,34.272
0.147,0.96902,0.033331,34.277
0.12278,0.97297,0.035078,34.282
0.13494,0.98086,0.032483,34.287
0.13449,0.97297,0.047671,34.292
0.13483,0.96902,0.036083,34.297
0.11842,0.97297,0.046225,34.302
0.11842,0.97297,0.046225,34.307
0.1183,0.98876,0.050376,34.312
0.13861,0.97691,0.044275,34.316
0.14251,0.98876,0.048709,34.321
0.151,0.98481,0.034008,34.326
0.14688,0.98086,0.037404,34.331
0.13884,0.98876,0.036839,34.336
0.15123,0.98481,0.026335,34.341
0.15914,0.99666,0.031131,34.346
0.18325,0.98481,0.033063,34.351
0.17074,0.97691,0.047167,34.355
0.19047,0.98876,0.060719,34.36
0.1751,0.98876,0.036255,34.365
0.17924,0.97297,0.032466,34.37
0.17109,0.98086,0.035736,34.375
0.16742,0.97691,0.023787,34.38
0.15949,0.98876,0.019464,34.385
0.17097,0.98086,0.039573,34.39
0.1595,0.98481,0.019386,34.395
0.1712,0.98481,0.031979,34.399
0.1595,0.98086,0.019307,34.404
0.17132,0.98481,0.028143,34.409
0.1837,0.99666,0.017954,34.414
0.17556,0.99271,0.020989,34.419
0.16718,0.98481,0.031617,34.424
0.17131,0.99271,0.0283,34.429
0.18313,0.98876,0.036978,34.434
0.19151,0.98876,0.026192,34.438
0.17923,0.98876,0.032781,34.443
0.17591,0.97691,0.0091649,34.448
0.17923,0.98481,0.032702,34.453
0.18302,0.98876,0.040815,34.458
0.20758,0.97691,0.027402,34.463
0.19954,0.98876,0.026915,34.468
0.19977,0.99271,0.019321,34.473
0.18348,0.98481,0.025391,34.478
0.19782,0.97691,0.084224,34.482
0.19164,0.96112,0.021805,34.487
0.18383,0.97691,0.013724,34.492
0.17579,0.98481,0.013159,34.497
0.16341,0.97297,0.023347,34.502
0.16329,0.98086,0.027341,34.507
0.17992,0.98481,0.0096839,34.512
0.17556,0.98086,0.020753,34.517
0.19197,0.98086,0.01069,34.521
0.18004,0.98876,0.0059264,34.526
0.18004,0.98876,0.0059264,34.531
0.18715,0.98876,0.03734,34.536
0.19507,0.98086,0.041742,34.541
0.17911,1.0006,0.036853,34.546
0.1954,1.0085,0.030784,34.551
0.19162,0.98876,0.022356,34.556
0.17544,0.98876,0.024747,34.561
0.17889,0.98876,0.04429,34.565
0.15525,0.98086,0.026618,34.57
0.15503,0.97691,0.034212,34.575
0.1432,0.98086,0.025534,34.58
0.13528,0.98481,0.021053,34.585
0.13081,0.97297,0.035801,34.59
0.12301,0.98086,0.027563,34.595
0.14332,0.98481,0.021776,34.6
0.13115,0.98481,0.024528,34.604
0.13093,0.97691,0.032043,34.609
0.12301,0.96902,0.027326,34.614
0.1229,0.97297,0.031241,34.619
0.11911,0.97691,0.023286,34.624
0.13104,0.98086,0.028285,34.629
0.14309,0.97691,0.029291,34.634
0.13907,0.98086,0.029008,34.639
0.13918,0.99271,0.025408,34.644
0.14791,0.98876,0.0030347,34.648
0.15548,0.98876,0.019103,34.653
0.16752,0.99666,0.020345,34.658
0.15536,0.99271,0.023018,34.663
0.16753,0.98481,0.020108,34.668
0.16799,0.98086,0.0046845,34.673
0.15537,0.98086,0.022782,34.678
0.15536,0.99666,0.023097,34.683
0.15892,0.98086,0.038488,34.688
0.16294,0.98481,0.038929,34.692
0.151,0.98876,0.034087,34.697
0.13929,1.0046,0.021808,34.702
0.1471,0.98481,0.02981,34.707
0.1393,0.98876,0.021493,34.712
0.14734,0.98086,0.022059,34.717
0.15537,0.98086,0.022782,34.722
0.16352,0.98086,0.019668,34.727
0.17156,0.96902,0.020155,34.731
0.17167,0.97691,0.016476,34.736
0.15549,0.96507,0.01863,34.741
0.15605,0.99271,5.9346e-08,34.746
0.15548,0.99271,0.019182,34.751
0.14675,1.0006,0.041634,34.756
0.15101,0.98086,0.033929,34.761
0.16329,0.98086,0.027341,34.766
0.15536,0.98876,0.022939,34.771
0.15135,0.97691,0.022341,34.775
0.14733,0.98481,0.022137,34.78
0.12278,0.97691,0.035156,34.785
0.13884,0.97691,0.036602,34.79
0.13919,0.96902,0.024936,34.795
0.13128,0.96112,0.020219,34.8
0.11923,0.96112,0.019135,34.805
0.14355,0.97297,0.013867,34.81
0.13587,0.96112,0.0013989,34.814
0.14827,0.96507,-0.0089469,34.819
0.14827,0.96112,-0.0090257,34.824
0.15997,0.96507,0.0036465,34.829
0.168,0.97297,0.0045269,34.834
0.20024,0.97691,0.0036611,34.839
0.21229,0.96902,0.004588,34.844
0.22469,0.96902,-0.0058366,34.849
0.21642,0.97691,0.0012707,34.854
0.23306,0.97691,-0.016465,34.858
0.23707,0.98876,-0.015867,34.863
0.22066,0.98876,-0.0058042,34.868
0.2163,0.98086,0.0051857,34.873
0.21608,0.97297,0.012701,34.878
0.21218,0.96902,0.0084243,34.883
0.21975,0.96902,0.024492,34.888
0.20345,0.97691,0.030877,34.893
0.20357,0.96507,0.026804,34.897
0.19543,0.96112,0.029839,34.902
0.17971,0.95322,0.016726,34.907
0.1836,0.96902,0.021239,34.912
0.17109,0.97297,0.035579,34.917
0.16375,0.97297,0.011838,34.922
0.17994,0.95717,0.0091326,34.927
0.1796,0.95322,0.020563,34.932
0.17604,0.95717,0.0049348,34.937
0.17203,0.94137,0.0042582,34.941
0.15952,0.94927,0.018677,34.946
0.16364,0.96112,0.015438,34.951
0.15193,0.97691,0.0031598,34.956
0.16444,0.98086,-0.011022,34.961
0.15698,0.98481,-0.030848,34.966
0.15687,0.97691,-0.027169,34.971
0.15136,0.97297,0.022263,34.976
0.13644,0.98086,-0.017389,34.98
0.15664,0.97691,-0.019497,34.985
0.16066,0.96902,-0.019293,34.99
0.16054,0.96507,-0.015535,34.995
0.16468,0.96112,-0.019089,35
0.16433,0.96507,-0.007501,35.005
0.17237,0.96112,-0.0068569,35.01
0.16835,0.95322,-0.0073759,35.015
0.19314,0.95717,-0.028146,35.02
0.19325,0.96902,-0.031746,35.024
0.18924,0.94927,-0.032502,35.029
0.19751,0.94137,-0.039609,35.034
0.21701,0.95717,-0.018305,35.039
0.21311,0.94927,-0.02266,35.044
0.21334,0.95322,-0.030254,35.049
0.20531,0.94532,-0.031134,35.054
0.21311,0.94532,-0.022739,35.059
0.21713,0.94137,-0.022456,35.063
0.21358,0.93742,-0.038242,35.068
0.23721,0.94532,-0.02057,35.073
0.24535,0.95322,-0.023526,35.078
0.22148,0.96507,-0.033131,35.083
0.22963,0.96112,-0.036323,35.088
0.22561,0.96507,-0.036606,35.093
0.21735,0.96112,-0.029735,35.098
0.22137,0.96112,-0.029373,35.103
0.2294,0.95322,-0.028808,35.107
0.23342,0.94927,-0.028525,35.112
0.24146,0.94532,-0.027881,35.117
0.23319,0.96112,-0.020616,35.122
0.25327,0.95717,-0.018888,35.127
0.23756,0.94137,-0.032158,35.132
0.24525,0.93742,-0.020005,35.137
0.22964,0.93742,-0.036796,35.142
0.24158,0.93347,-0.031954,35.146
0.22942,0.93347,-0.029202,35.151
0.22941,0.94927,-0.028887,35.156
0.22562,0.95322,-0.036842,35.161
0.22976,0.93742,-0.040632,35.166
0.19384,0.94532,-0.0514,35.171
0.1982,0.94927,-0.062469,35.176
0.18982,0.94927,-0.051683,35.181
0.18959,0.95322,-0.043932,35.186
0.19407,0.94927,-0.058994,35.19
0.19407,0.94137,-0.059152,35.195
0.20235,0.91768,-0.066574,35.2
0.22196,0.93347,-0.049106,35.205
0.23802,0.93742,-0.047582,35.21
0.22987,0.93742,-0.044468,35.215
0.24134,0.94927,-0.023966,35.22
0.24571,0.94137,-0.035271,35.225
0.25776,0.93742,-0.034266,35.229
0.2658,0.92163,-0.033858,35.234
0.28106,0.92558,-0.0054788,35.239
0.28141,0.90978,-0.017303,35.244
0.27774,0.90583,-0.029252,35.249
0.28211,0.89793,-0.040557,35.254
0.28177,0.89398,-0.029127,35.259
0.28543,0.89793,-0.017178,35.264
0.2898,0.89398,-0.028404,35.269
0.28234,0.89398,-0.048308,35.273
0.27064,0.89793,-0.060823,35.278
0.26616,0.89793,-0.045839,35.283
0.27063,0.90978,-0.060587,35.288
0.27843,0.91768,-0.052034,35.293
0.29092,0.93742,-0.065901,35.298
0.28691,0.93742,-0.066262,35.303
0.28208,0.94927,-0.039533,35.308
0.27415,0.96902,-0.043698,35.312
0.27026,0.95717,-0.048133,35.317
0.23824,0.95717,-0.054861,35.322
0.25419,0.94927,-0.049736,35.327
0.25018,0.94927,-0.050097,35.332
0.23767,0.94532,-0.035915,35.337
0.2262,0.93742,-0.056339,35.342
0.21829,0.92558,-0.061134,35.347
0.21841,0.92953,-0.064892,35.352
0.20199,0.93742,-0.054671,35.356
0.18628,0.92558,-0.067862,35.361
0.16608,0.93347,-0.065676,35.366
0.19085,0.94927,-0.08621,35.371
0.18718,0.96112,-0.097844,35.376
0.20737,0.96902,-0.099715,35.381
0.22722,0.96507,-0.090314,35.386
0.21805,0.94532,-0.053068,35.391
0.21586,0.94532,0.019822,35.396
0.19638,0.90583,-0.0019545,35.4
0.19546,0.90188,0.028657,35.405
0.16598,0.89003,0.071926,35.41
0.12157,0.87819,0.075387,35.415
0.077391,0.88214,0.071489,35.42
0.04938,0.90188,0.065517,35.425
0.03328,0.96112,0.065252,35.43
0.026283,0.96112,0.030002,35.435
0.01065,1.0085,0.014157,35.439
0.047471,1.0362,-0.0050567,35.444
0.092331,1.0519,-0.023783,35.449
0.13293,1.0875,-0.034805,35.454
0.18592,1.1428,-0.055857,35.459
0.24201,1.1744,-0.04633,35.464
0.24567,1.202,-0.033909,35.469
0.27754,1.2455,-0.022478,35.474
0.32158,1.2928,-0.01372,35.479
0.34921,1.3205,0.0047068,35.483
0.32913,1.3165,0.0028207,35.488
0.30824,1.3244,0.028025,35.493
0.18444,1.3007,-0.0066709,35.498
0.099059,1.3086,0.020423,35.503
-0.014316,1.3047,0.040913,35.508
-0.086395,1.3323,0.027286,35.513
-0.086059,1.3481,0.016092,35.518
-0.11108,1.3442,0.044535,35.522
-0.11131,1.3442,0.052207,35.527
-0.087532,1.3086,0.065176,35.532
-0.079149,1.3007,0.054233,35.537
-0.059267,1.2494,0.062689,35.542
-0.070036,1.2257,0.018932,35.547
-0.05705,1.1981,-0.011225,35.552
-0.039611,1.2099,-0.055579,35.557
0.014651,1.2455,-0.11922,35.562
0.099893,1.281,-0.14162,35.566
0.18982,1.356,-0.18587,35.571
0.29146,1.3995,-0.21817,35.576
0.39796,1.4034,-0.27775,35.581
0.46708,1.3442,-0.29964,35.586
0.50683,1.2494,-0.28257,35.591
0.54717,1.1467,-0.28484,35.596
0.59264,1.0875,-0.18961,35.601
0.61056,1.0441,-0.11578,35.605
0.62904,1.0362,-0.060422,35.61
0.60291,0.97297,0.0052021,35.615
0.5731,0.91768,0.059114,35.62
0.51175,0.84659,0.090637,35.625
0.4637,0.78736,0.081282,35.63
0.40613,0.72022,0.12092,35.635
0.38378,0.67678,0.19497,35.64
0.34961,0.60965,0.25979,35.645
0.32622,0.582,0.23406,35.649
0.34035,0.57015,0.16585,35.654
0.36191,0.60175,0.11841,35.659
0.35107,0.70048,0.0771,35.664
0.32739,0.77551,0.061083,35.669
0.32665,0.84659,0.085519,35.674
0.3185,0.85054,0.088711,35.679
0.34994,0.85054,0.11462,35.684
0.39305,0.90978,0.1543,35.688
0.40837,0.99666,0.1805,35.693
0.36798,1.1902,0.18458,35.698
0.27818,1.4864,0.22474,35.703
0.11711,1.8023,0.22425,35.708
-0.0025416,1.9366,0.1854,35.713
-0.057461,1.8655,0.13672,35.718
-0.062376,1.6562,0.032077,35.723
-0.05046,1.514,-0.096634,35.728
-0.046537,1.8615,-0.093177,35.732
-0.017639,2.6474,0.017462,35.737
0.089373,3.1292,-0.059438,35.742
0.186,3.3385,-0.19273,35.747
0.36431,3.3661,-0.22998,35.752
0.50185,3.2556,-0.25059,35.757
0.6378,3.1055,-0.21827,35.762
0.59531,2.9554,-0.14432,35.767
0.54943,2.7303,-0.091404,35.771
0.52319,2.4499,-0.022439,35.776
0.5424,2.1774,0.0084597,35.781
0.53312,1.9563,0.049361,35.786
0.56916,1.7509,0.056191,35.791
0.62033,1.5614,0.095472,35.796
0.67645,1.3718,0.10442,35.801
0.71956,1.2257,0.14385,35.806
0.74236,1.0835,0.18922,35.811
0.77332,0.92558,0.23116,35.815
0.78497,0.83475,0.24578,35.82
0.78956,0.64519,0.22701,35.825
0.77304,0.45563,0.10633,35.83
0.712,0.27397,-0.0066532,35.835
0.58969,0.060718,-0.091166,35.84
0.49662,-0.1012,-0.21049,35.845
0.44311,-0.21967,-0.30615,35.85
0.45304,-0.33025,-0.23438,35.854
0.45504,-0.45662,-0.03285,35.859
0.49249,-0.55535,0.1955,35.864
0.53798,-0.64223,0.29018,35.869
0.67215,-0.68567,0.24753,35.874
0.67119,-0.7844,0.14545,35.879
0.43197,-0.83968,0.065118,35.884
0.24309,-0.83573,0.052044,35.889
-0.13163,-0.7449,0.058603,35.894
-0.13319,-0.61853,-0.023637,35.898
0.13445,-0.49216,-0.085495,35.903
0.25841,-0.33814,-0.055872,35.908
0.31623,-0.14464,0.030136,35.913
0.39346,0.029125,0.14058,35.918
0.4542,0.14365,0.26373,35.923
0.49506,0.13575,0.24417,35.928
0.39803,0.072565,0.12262,35.933
0.25341,0.12785,0.11071,35.938
0.12191,0.29372,0.19836,35.942
0.032544,0.43983,0.22401,35.947
-0.12021,0.48722,0.080427,35.952
-0.33776,0.48722,-0.050706,35.957
-0.4072,0.50302,-0.018173,35.962
-0.43739,0.49907,0.048271,35.967
-0.35052,0.34505,-0.1624,35.972
-0.15035,0.11601,-0.39131,35.977
0.085937,0.084413,-0.3476,35.981
0.35045,0.068616,-0.30487,35.986
0.56781,0.029125,-0.30149,35.991
0.72587,-0.03801,-0.33476,35.996
0.89306,-0.053807,-0.27003,36.001
1.0077,-0.010366,-0.1973,36.006
1.0836,0.04887,-0.17774,36.011
1.1864,0.1318,-0.11298,36.016
1.3792,0.24238,-0.097258,36.021
1.648,0.39244,-0.062374,36.025
1.7706,0.51092,0.012576,36.03
1.9559,0.8387,0.14352,36.035
1.9486,1.3323,0.25275,36.04
1.7632,1.8497,0.39258,36.045
1.3794,2.3236,0.56754,36.05
0.74177,2.5882,0.61162,36.055
0.12787,2.5605,0.53658,36.06
-0.16512,2.4183,0.50352,36.064
-0.22452,2.367,0.47022,36.069
-0.18693,2.446,0.42518,36.074
-0.16124,2.6671,0.37421,36.079
-0.19498,2.8883,0.29097,36.084
-0.2389,3.0384,0.14385,36.089
-0.24915,3.1371,-0.051281,36.094
-0.31212,3.2832,-0.10019,36.099
-0.57371,3.4096,-0.10581,36.104
-0.84586,3.528,-0.16256,36.108
-1.0473,3.457,-0.15903,36.113
-1.1572,3.2477,-0.11926,36.118
-1.236,3.0028,-0.17741,36.123
-1.3196,2.7264,-0.20969,36.128
-1.2676,2.4302,-0.19939,36.133
-0.98202,2.0827,-0.0537,36.138
-0.66614,1.7667,-0.11237,36.143
-0.3541,1.3639,-0.3116,36.147
-0.054918,0.94532,-0.35075,36.152
0.18223,0.43588,-0.33575,36.157
0.53173,-0.12094,-0.038469,36.162
1.0597,-0.57509,0.35001,36.167
1.3015,-0.66197,0.34311,36.172
1.6042,-0.55929,0.053136,36.177
1.8061,-0.39343,-0.23311,36.182
2.0159,-0.23942,-0.24577,36.187
1.9433,0.033074,-0.10837,36.191
1.425,0.32136,-0.14925,36.196
0.98871,0.41614,-0.23663,36.201
0.76025,0.3885,-0.1385,36.206
0.62123,0.25817,0.065642,36.211
0.51472,0.076514,0.26014,36.216
0.31618,-0.089349,0.3005,36.221
0.054281,-0.21177,0.17062,36.226
-0.25373,-0.34209,-0.032803,36.23
-0.58747,-0.45267,-0.1843,36.235
-0.73362,-0.50006,-0.27918,36.24
-0.91318,-0.53165,-0.46907,36.245
-1.0456,-0.53165,-0.61947,36.25
-1.1112,-0.50006,-0.71322,36.255
-1.0581,-0.51191,-0.73945,36.26
-0.84571,-0.48821,-0.70447,36.265
-0.60394,-0.45267,-0.70893,36.27
-0.35278,-0.40528,-0.75846,36.274
-0.10324,-0.32235,-0.75358,36.279
0.19,-0.22757,-0.5945,36.284
0.43284,-0.097247,-0.5008,36.289
0.66976,-0.026163,-0.47806,36.294
0.84261,0.10021,-0.46767,36.299
0.98821,0.32136,-0.35397,36.304
1.2056,0.64519,-0.21638,36.309
1.2799,0.81105,-0.14482,36.313
1.6305,1.2139,-0.016745,36.318
1.9513,1.6483,0.02851,36.323
2.0091,2.3789,0.24835,36.328
1.6742,3.2872,0.67489,36.333
1.3225,4.0809,0.98609,36.338
0.91659,4.5904,0.82511,36.343
0.31381,4.6338,0.37937,36.348
-0.16528,4.2902,0.10627,36.353
-0.10275,3.919,0.16987,36.357
0.31486,3.6505,0.34441,36.362
0.68148,3.2674,0.4736,36.367
1.2043,2.8764,0.63208,36.372
1.5917,2.4934,0.74007,36.377
1.6834,2.3394,0.76833,36.382
1.7023,2.1103,0.67697,36.387
1.5394,2.0392,0.46855,36.392
1.3256,2.0708,0.21145,36.396
1.1485,2.0195,-0.059397,36.401
1.0336,1.7904,-0.25512,36.406
1.0326,1.4074,-0.48982,36.411
0.94248,1.0441,-0.70907,36.416
0.64783,0.62544,-0.82089,36.421
0.60667,0.16734,-0.79145,36.426
0.68351,-0.15648,-0.66791,36.431
0.72393,-0.44477,-0.40462,36.436
0.68772,-0.7765,-0.0029206,36.44
0.6115,-1.1714,0.39007,36.445
0.55951,-1.3768,0.51207,36.45
0.52357,-1.7006,0.36772,36.455
0.51223,-1.8704,-0.059826,36.46
0.37607,-1.902,-0.35352,36.465
0.082533,-1.7085,-0.36837,36.47
-0.005804,-1.1872,-0.24281,36.475
0.26711,-0.47636,-0.21172,36.479
0.48707,-0.061705,-0.16055,36.484
0.6069,0.056769,0.0064705,36.489
0.64818,0.072565,0.2413,36.494
0.60073,0.15155,0.34632,36.499
0.4982,0.24633,0.27359,36.504
0.33153,0.34111,0.19125,36.509
0.21075,0.45563,0.19036,36.514
0.10608,0.47933,0.18911,36.519
0.078445,0.44773,0.1706,36.523
0.059024,0.32531,0.01254,36.528
0.031033,0.15945,-0.26256,36.533
0.061804,-0.030112,-0.48285,36.538
0.22468,-0.10909,-0.40822,36.543
0.4232,-0.12489,-0.31374,36.548
0.55659,-0.18018,-0.4644,36.553
0.67173,-0.23942,-0.54369,36.558
0.74801,-0.20782,-0.40156,36.562
0.77335,-0.030112,-0.17262,36.567
0.6111,0.32531,0.00067942,36.572
0.41782,0.55041,0.13396,36.577
0.25601,0.74392,0.29252,36.582
0.1888,1.0362,0.51927,36.587
0.15703,1.1862,0.63866,36.592
0.11336,1.4666,0.75189,36.597
0.067321,1.6878,0.80987,36.602
-0.0081763,1.8694,0.77593,36.606
-0.23921,2.1261,0.82567,36.611
-0.42817,2.6119,0.94916,36.616
-0.68402,2.9515,0.75214,36.621
-0.81342,3.3029,0.50133,36.626
-0.82836,3.9664,0.19398,36.631
-0.67904,4.4166,-0.62215,36.636
-0.73209,4.6733,-0.59871,36.641
-1.0029,4.7286,-0.29885,36.646
-1.1837,4.4877,-0.17762,36.65
-1.0766,4.0612,0.011977,36.655
-0.93253,3.5359,0.176,36.66
-0.90614,3.3464,0.23613,36.665
-0.84615,3.0068,0.25012,36.67
-0.77788,2.6513,0.12222,36.675
-0.83089,2.1301,-0.39304,36.68
-0.72347,1.3758,-0.61772,36.685
-0.31056,0.85054,-0.017912,36.689
-0.03527,0.49512,-0.20027,36.694
0.2523,0.17129,-0.65785,36.699
0.64066,-0.053807,-0.85051,36.704
1.1996,-0.18808,-0.95676,36.709
1.8212,-0.25521,-1.006,36.714
2.2788,-0.40528,-0.82166,36.719
2.5837,-0.66197,-0.5147,36.724
2.8309,-0.72911,-0.29761,36.729
2.7454,-0.64618,-0.26518,36.733
2.3697,-0.45267,-0.22589,36.738
1.4994,-0.17228,-0.075503,36.743
0.50998,0.28582,0.5524,36.748
0.036028,0.67283,0.77906,36.753
0.12896,0.42009,0.097663,36.758
0.29817,-0.03801,-0.17323,36.763
0.21954,-0.39343,-0.10279,36.768
-0.074781,-0.61458,-0.091387,36.772
-0.65665,-0.65012,-0.29449,36.777
-1.108,-0.60274,-0.55342,36.782
-1.2815,-0.55929,-0.67587,36.787
-1.2577,-0.46846,-0.66422,36.792
-1.1008,-0.38158,-0.6599,36.797
-0.9399,-0.33025,-0.65209,36.802
-0.76779,-0.3026,-0.61681,36.807
-0.51531,-0.35789,-0.57596,36.812
-0.24364,-0.42897,-0.63756,36.816
0.039496,-0.50006,-0.67889,36.821
0.3009,-0.50796,-0.66706,36.826
0.6288,-0.41713,-0.58958,36.831
0.97236,-0.21177,-0.49685,36.836
1.3047,0.076514,-0.56888,36.841
1.6935,0.65704,-0.50689,36.846
2.1964,1.51,-0.22146,36.851
2.6705,1.9484,-0.18541,36.855
3.0203,2.5131,0.23818,36.86
3.4996,3.0463,1.1729,36.865
3.2439,3.8361,1.9119,36.87
3.0323,4.3021,1.983,36.875
1.9403,5.084,1.6041,36.88
0.4759,5.2341,0.88295,36.885
-0.70032,4.7562,0.35594,36.89
-0.84504,4.0138,0.3473,36.895
-0.23128,3.4688,0.69552,36.899
0.23145,3.1647,0.84264,36.904
0.43788,2.991,0.80774,36.909
0.42986,2.6198,0.53802,36.914
0.24633,2.1656,0.21238,36.919
0.0043361,1.7904,-0.04386,36.924
-0.14362,1.4982,-0.21304,36.929
-0.13737,1.2297,-0.28709,36.934
-0.11119,1.0243,-0.35423,36.938
-0.12608,0.98481,-0.39483,36.943
-0.10911,0.8071,-0.42378,36.948
-0.019193,0.51487,-0.4677,36.953
0.036428,0.18314,-0.4424,36.958
0.05546,-0.026163,-0.13714,36.963
0.10187,-0.17623,0.32949,36.968
0.35204,-0.42897,0.58159,36.973
0.69309,-0.79229,0.35499,36.978
0.90092,-1.1398,0.005154,36.982
0.88096,-1.5071,-0.26941,36.987
0.64719,-1.8586,-0.26286,36.992
0.43504,-2.0955,-0.17129,36.997
0.47704,-2.0837,-0.36345,37.002
0.68819,-1.8744,-0.55568,37.007
0.78908,-1.4992,-0.69681,37.012
0.76107,-1.2859,-0.70276,37.017
0.57441,-0.80019,-0.52135,37.021
-0.11482,0.5741,0.84044,37.026
-0.071732,1.7667,1.2836,37.031
0.62394,1.4785,0.10952,37.036
0.64593,1.0598,-0.48926,37.041
0.16009,0.63729,-0.40295,37.046
0.02273,0.20684,-0.12004,37.051
0.14174,-0.030112,0.074422,37.056
0.15856,-0.16043,0.18488,37.061
0.090691,-0.26706,0.1651,37.065
-0.0032118,-0.38553,0.073502,37.07
-0.14028,-0.48426,0.078424,37.075
-0.24768,-0.51191,0.16822,37.08
-0.26446,-0.47636,0.1905,37.085
-0.26991,-0.36579,0.10375,37.09
-0.3485,-0.19203,0.038603,37.095
-0.4013,0.037023,-0.080815,37.1
-0.40559,0.17919,-0.47457,37.104
-0.13708,0.37665,-0.43106,37.109
0.32665,0.67678,-0.048665,37.114
0.81184,0.83475,0.021241,37.119
1.1897,0.72417,-0.49319,37.124
1.6735,0.74787,-0.77999,37.129
2.0863,1.127,-0.57754,37.134
2.2488,1.7391,-0.2237,37.139
2.2274,2.7106,0.22078,37.144
1.8349,3.4333,0.5538,37.148
0.62634,3.9309,0.56654,37.153
-0.012434,3.8716,0.38092,37.158
-1.036,3.2714,-0.00016267,37.163
-1.3573,2.6198,-0.026732,37.168
-1.3444,2.371,0.077168,37.173
-1.2914,2.5131,0.19248,37.178
-1.1356,2.9752,0.36577,37.183
-0.64008,3.3977,0.49575,37.188
-0.041611,3.3385,0.41379,37.192
0.21031,3.0897,0.33917,37.197
0.17158,2.8054,0.28768,37.202
0.1595,2.4815,0.28781,37.207
0.18601,2.292,0.20948,37.212
0.2704,2.2169,0.21557,37.217
0.29169,2.1024,0.31136,37.222
0.28347,2.0234,0.31674,37.227
0.25529,1.7746,0.18228,37.231
0.23985,1.514,0.025661,37.236
0.44361,1.1704,0.21407,37.241
0.68442,0.82685,0.50968,37.246
0.88601,0.49907,0.50204,37.251
1.0031,0.19104,0.3564,37.256
1.0818,-0.061705,0.28533,37.261
1.0529,-0.29075,0.17429,37.266
0.94058,-0.49216,0.025523,37.271
0.65126,-0.61458,-0.1299,37.275
0.25497,-0.70936,-0.20978,37.28
-0.1363,-0.74885,-0.32272,37.285
-0.37701,-0.79624,-0.48765,37.29
-0.46373,-0.83178,-0.55002,37.295
-0.55524,-0.93446,-0.58724,37.3
-0.56428,-0.98975,-0.55454,37.305
-0.48889,-0.98975,-0.51698,37.31
-0.38474,-0.91472,-0.49841,37.314
-0.18706,-0.66592,-0.51027,37.319
0.060861,-0.37764,-0.45141,37.324
0.33086,-0.010366,-0.18897,37.329
0.59282,0.3727,0.073069,37.334
0.80471,0.47538,-0.0096675,37.339
0.8913,0.39639,-0.21117,37.344
0.84594,0.25028,-0.17587,37.349
0.76694,0.10416,0.041056,37.354
0.71968,0.040972,0.27403,37.358
0.68116,-0.061705,0.61856,37.363
0.64781,-0.15648,0.79061,37.368
0.62801,-0.45662,0.91361,37.373
0.62731,-0.70936,0.13147,37.378
0.57177,-0.57509,-0.83636,37.383
0.74242,0.00543,-1.021,37.388
1.0648,0.52277,-0.89313,37.393
1.0741,0.75971,-0.39902,37.397
1.0284,0.92558,0.58877,37.402
0.69854,1.2968,1.2474,37.407
0.11909,1.8141,1.0979,37.412
-0.40289,2.754,0.91197,37.417
-0.67996,4.4877,1.5564,37.422
-0.41501,5.6724,1.4501,37.427
0.14995,5.5934,0.33765,37.432
0.40517,5.4434,-0.11552,37.437
1.0876,5.0564,-0.31187,37.441
1.8501,4.5706,-0.22219,37.446
2.2632,3.7532,0.37179,37.451
1.7093,2.9238,0.84773,37.456
0.92988,2.1419,0.6504,37.461
0.439,1.4074,0.099152,37.466
0.14539,0.66493,-0.44988,37.471
-0.058828,0.056769,-0.75739,37.476
-0.35386,-0.22362,-0.050986,37.48
-0.69659,-0.057756,1.037,37.485
-0.76603,0.20684,0.66678,37.49
-0.78483,0.23448,0.21943,37.495
-0.90136,0.15155,0.21113,37.5
-0.92508,0.10416,0.061874,37.505
-0.92509,-0.053807,-0.072073,37.51
-0.89858,-0.20387,-0.28426,37.515
-0.75852,-0.30655,-0.3891,37.52
-0.57277,-0.42897,-0.40561,37.524
-0.42683,-0.61853,-0.16931,37.529
-0.24244,-0.82784,0.12775,37.534
-0.035347,-0.9937,0.33925,37.539
0.17345,-1.124,0.49392,37.544
0.34321,-1.1872,0.47331,37.549
0.4908,-1.1714,0.11763,37.554
0.60164,-1.0608,-0.4895,37.559
0.76546,-0.88707,-1.1175,37.563
0.97642,-0.68567,-1.7061,37.568
1.5058,-0.52375,-2.0361,37.573
1.808,-0.43687,-2.0417,37.578
2.2565,0.0014809,-1.2848,37.583
2.758,1.3679,0.92638,37.588
4.416,2.134,1.0986,37.593
5.2704,3.0581,2.4211,37.598
5.0791,5.9568,5.5738,37.603
3.0238,5.5737,2.2692,37.607
0.94737,3.4728,-1.0063,37.612
-1.2565,2.3907,-1.107,37.617
-2.6512,1.3007,-1.3313,37.622
-3.6037,0.92163,-1.5284,37.627
-4.1043,1.4548,-0.81656,37.632
-3.3327,1.7786,-0.22519,37.637
-1.8841,1.7667,-0.052735,37.642
-1.3185,1.747,-0.11378,37.646
-0.59738,1.7707,-0.39076,37.651
-0.20199,1.8655,-0.54946,37.656
0.078208,1.905,-0.49267,37.661
0.30488,1.9997,-0.26266,37.666
0.57077,2.1735,-0.26603,37.671
0.949,2.3631,-0.25512,37.676
1.3493,2.5408,0.092197,37.681
1.4756,2.4223,0.31276,37.686
1.2886,2.0392,0.37289,37.69
0.88848,1.5574,0.41957,37.695
0.39978,1.127,0.46699,37.7
0.0035363,0.73997,0.51975,37.705
-0.17384,0.30556,0.52587,37.71
-0.21838,-0.057756,0.53383,37.715
-0.16174,-0.16043,0.52534,37.72
-0.081969,-0.37369,0.4167,37.725
-0.043856,-0.56324,0.22016,37.729
-0.049116,-0.7528,-0.0072152,37.734
-0.093637,-0.93051,-0.13402,37.739
-0.090064,-1.1517,-0.11889,37.744
-0.048851,-1.3886,-0.016061,37.749
0.048687,-1.594,0.088624,37.754
0.15052,-1.6927,0.18429,37.759
0.32113,-1.6532,0.26967,37.764
0.54908,-1.5979,0.59133,37.769
0.80703,-1.4321,0.85251,37.773
1.0266,-1.0371,0.784,37.778
1.2617,-0.40528,0.46391,37.783
1.3951,-0.11304,0.17787,37.788
1.6527,0.32926,-0.49019,37.793
1.844,0.51882,-1.0923,37.798
1.5364,0.78341,-1.4455,37.803
0.28343,1.51,-0.88985,37.808
-0.85302,2.7501,0.47902,37.812
-1.0319,4.4206,2.2812,37.817
-0.5795,5.937,2.9062,37.822
0.195,6.2253,1.7892,37.827
0.99157,6.3398,0.20522,37.832
1.7056,6.4465,-0.23999,37.837
1.972,5.0169,-0.79469,37.842
2.086,3.3424,-0.56788,37.847
1.7151,1.9918,0.38341,37.852
1.349,1.5811,0.50764,37.856
0.71432,1.1388,0.31859,37.861
0.28184,0.93742,0.10254,37.866
-0.043611,0.77946,0.077779,37.871
-0.28288,0.59385,0.13331,37.876
-0.47561,0.30161,0.2486,37.881
-0.61235,-0.0064173,0.51094,37.886
-0.7436,-0.29075,0.85888,37.891
-0.825,-0.44082,1.0216,37.896
-0.85402,-0.43292,0.7807,37.9
-0.85183,-0.39738,0.43926,37.905
-0.76096,-0.34209,0.22928,37.91
-0.57248,-0.22757,0.12159,37.915
-0.36945,-0.081451,0.065855,37.92
-0.23507,0.10416,0.016268,37.925
-0.19381,0.19104,-0.016747,37.93
-0.13603,0.29372,-0.063347,37.935
-0.11778,0.28582,-0.00031629,37.939
-0.15308,0.19894,0.10248,37.944
-0.20431,0.076514,0.19928,37.949
-0.2367,-0.073552,0.2049,37.954
-0.25715,-0.23547,0.21521,37.959
-0.31523,-0.39738,0.27214,37.964
-0.34775,-0.51585,0.28223,37.969
-0.1087,-0.49611,-0.169,37.974
0.29558,-0.39343,-0.89221,37.979
0.67365,-0.24336,-1.5476,37.983
1.0152,-0.12489,-1.9261,37.988
1.4332,0.0093792,-2.0319,37.993
1.6095,0.080463,-2.0031,37.998
1.8876,0.34111,-1.6074,38.003
2.2461,1.0677,-0.40278,38.008
2.7846,2.3236,0.57477,38.013
3.8912,4.2034,2.0814,38.018
4.4907,5.5224,4.3812,38.022
3.5924,4.5588,1.9731,38.027
1.753,3.0818,-0.34149,38.032
-0.26725,2.3473,-0.25335,38.037
-0.92281,1.9997,-0.68473,38.042
-1.1317,1.7588,-0.96992,38.047
-1.4957,1.8971,-0.38061,38.052
-1.5316,1.7549,-0.25974,38.057
-1.2122,1.3126,-0.032119,38.062
-0.60119,0.93347,0.27302,38.066
-0.36944,0.8229,0.33398,38.071
-0.10932,0.68073,0.25453,38.076
-0.12948,0.63729,0.12106,38.081
-0.24369,0.69653,0.035033,38.086
-0.36173,0.83475,-0.057452,38.091
-0.36078,1.0046,-0.22322,38.096
-0.16424,1.4627,-0.33101,38.101
0.10474,1.8418,-0.30306,38.105
0.35803,1.976,-0.28912,38.11
0.38974,1.8971,-0.27246,38.115
0.31367,1.6957,-0.28718,38.12
0.18353,1.51,-0.24491,38.125
0.10399,1.3442,-0.14383,38.13
0.10121,1.1704,-0.051388,38.135
0.12363,1.0993,0.0069077,38.14
0.17811,0.93742,0.07012,38.145
0.19333,0.8071,0.099657,38.149
0.20591,0.69653,0.08319,38.154
0.24614,0.57805,0.084442,38.159
0.29715,0.47538,0.12929,38.164
0.33486,0.34505,0.21471,38.169
0.37051,0.19894,0.36886,38.174
0.38112,0.072565,0.55193,38.179
0.37221,-0.018265,0.71472,38.184
0.38679,-0.041959,0.76556,38.188
0.37211,-0.034061,0.71824,38.193
0.30497,-0.0064173,0.53965,38.198
0.19838,0.0014809,0.33403,38.203
0.165,-0.0064173,0.23855,38.208
0.10903,-0.030112,0.090712,38.213
0.091264,-0.049858,0.011785,38.218
0.12434,-0.10515,0.11752,38.223
0.2101,-0.21967,0.34605,38.228
0.32238,-0.3184,0.49651,38.232
0.45828,-0.36974,0.39616,38.237
0.5079,-0.23152,0.21875,38.242
0.5196,-0.0024682,0.097442,38.247
0.55811,0.29372,-0.11243,38.252
0.63697,0.52277,-0.59312,38.257
0.53531,0.74787,-0.96321,38.262
0.20082,1.0875,-0.82111,38.267
-0.28137,1.5772,-0.18539,38.271
-0.78966,2.138,0.51479,38.276
-0.99181,2.3986,0.80955,38.281
-1.0205,2.8685,1.0933,38.286
-0.43626,3.2674,1.0846,38.291
0.42201,3.611,0.93411,38.296
1.1408,3.8203,0.59909,38.301
1.622,3.6584,0.1314,38.306
1.8379,3.0502,-0.21908,38.311
1.8836,2.4815,-0.26481,38.315
1.8485,2.134,0.098215,38.32
1.6442,1.9287,0.46424,38.325
1.3766,1.7194,0.65907,38.33
1.1594,1.5298,0.65112,38.335
0.91293,1.3323,0.54421,38.34
0.54583,1.1744,0.43107,38.345
0.33289,1.1112,0.41449,38.35
0.017815,1.0717,0.31226,38.354
-0.16372,1.0796,0.18837,38.359
-0.26574,1.1112,0.099042,38.364
-0.29008,1.123,0.10478,38.369
-0.25576,1.1033,0.16902,38.374
-0.22111,1.0993,0.22207,38.379
-0.14585,1.1191,0.26386,38.384
-0.073141,1.202,0.25667,38.389
-0.032227,1.2928,0.23524,38.394
0.052768,1.356,0.22108,38.398
0.14526,1.3521,0.22548,38.403
0.20223,1.2692,0.20586,38.408
0.16202,1.1467,0.20364,38.413
0.057218,1.0164,0.20699,38.418
0.025365,0.93742,0.19485,38.423
-0.033406,0.78341,0.14032,38.428
-0.080157,0.67678,0.087823,38.433
-0.083774,0.58595,0.074141,38.438
-0.083158,0.51882,0.05362,38.442
-0.06306,0.49117,0.054876,38.447
-0.046753,0.47143,0.048255,38.452
-0.050976,0.43194,0.054779,38.457
-0.058989,0.40034,0.053426,38.462
-0.059522,0.32926,0.071189,38.467
-0.072102,0.25422,0.08779,38.472
-0.072393,0.1634,0.097487,38.477
-0.067519,0.076514,0.069262,38.481
-0.038434,-0.0064173,0.039447,38.486
-0.034406,-0.026163,0.039415,38.491
-0.01773,-0.0854,0.020498,38.496
0.0036432,-0.12884,-0.020761,38.501
0.028434,-0.13279,-0.041689,38.506
0.045894,-0.15648,-0.086751,38.511
0.037507,-0.14069,-0.07565,38.516
0.057003,-0.12489,-0.054346,38.521
0.068343,-0.093298,-0.029614,38.525
0.079675,-0.049858,-0.0046451,38.53
0.076544,0.0093792,-0.034516,38.535
0.14524,0.080463,-0.042298,38.54
0.21427,0.1634,-0.061353,38.545
0.26698,0.29372,-0.073236,38.55
0.32384,0.3885,-0.089303,38.555
0.3361,0.42009,-0.095261,38.56
0.38842,0.43983,-0.094005,38.564
0.45242,0.47933,-0.079761,38.569
0.54066,0.49117,-0.067736,38.574
0.63316,0.48327,-0.063416,38.579
0.70647,0.50697,-0.090964,38.584
0.79585,0.53066,-0.11707,38.589
0.86766,0.56621,-0.094505,38.594
0.92386,0.6136,-0.0885,38.599
0.97658,0.72417,-0.10078,38.604
1.0173,0.87424,-0.11719,38.608
1.0463,1.0835,-0.14117,38.613
1.0241,1.4034,-0.075218,38.618
0.96641,1.7944,-0.030281,38.623
0.78521,2.1932,-0.030918,38.628
0.63935,2.3986,-0.0014719,38.633
0.35259,2.5961,-0.10796,38.638
0.1433,2.5961,-0.24604,38.643
0.10954,2.4539,-0.32886,38.647
0.11031,2.3196,-0.35455,38.652
0.1452,2.1103,-0.30944,38.657
0.14065,1.8418,-0.29214,38.662
0.094412,1.6325,-0.2274,38.667
0.10038,1.435,-0.15772,38.672
0.14636,1.277,-0.079812,38.677
0.19188,1.1467,0.013998,38.682
0.22269,1.0322,0.060641,38.687
0.21347,0.90978,0.099676,38.691
0.20482,0.79131,0.11961,38.696
0.19257,0.73207,0.12501,38.701
0.18368,0.63729,0.15309,38.706
0.1199,0.5899,0.13102,38.711
0.08332,0.55041,0.14232,38.716
0.035487,0.52277,0.12592,38.721
0.011509,0.51487,0.11976,38.726
-0.0045681,0.53461,0.11871,38.73
0.0067785,0.55436,0.14321,38.735
0.019147,0.5978,0.13365,38.74
0.038807,0.72417,0.14948,38.745
0.051955,0.81105,0.11394,38.75
0.080625,0.84264,0.097917,38.755
0.13295,0.85449,0.099016,38.76
0.18147,0.87819,0.092318,38.765
0.18103,0.85054,0.10711,38.77
0.19675,0.84264,0.11991,38.774
0.23805,0.87424,0.08579,38.779
0.30691,0.85844,0.072439,38.784
0.33229,0.83475,0.031935,38.789
0.36076,0.8071,0.022405,38.794
0.40081,0.81105,0.029935,38.799
0.44094,0.86239,0.034574,38.804
0.50195,0.92953,0.014481,38.809
0.51454,0.98086,-0.0025926,38.813
0.54331,1.0441,-0.02182,38.818
0.52274,1.0914,-0.0073367,38.823
0.51031,1.1467,0.0041906,38.828
0.47783,1.1665,0.013202,38.833
0.38934,1.1862,0.0094796,38.838
0.41736,1.1586,0.015295,38.843
0.35734,1.1586,0.0022001,38.848
0.28505,1.1625,-0.0042275,38.853
0.23274,1.1349,-0.0056416,38.857
0.18064,1.1349,-0.014177,38.862
0.12432,1.1033,-0.016031,38.867
0.084385,1.0993,-0.027397,38.872
0.060179,1.0875,-0.025966,38.877
0.051703,1.0598,-0.011895,38.882
0.0594,1.0441,2.1511e-05,38.887
0.082814,1.0322,0.024972,38.892
0.13861,0.99271,0.04459,38.896
0.18601,0.96902,0.075309,38.901
0.21425,0.94532,0.07353,38.906
0.22217,0.93742,0.077932,38.911
0.24214,0.93347,0.083497,38.916
0.25866,0.94137,0.069755,38.921
0.27083,0.94532,0.067082,38.926
0.27129,0.94137,0.051658,38.931
0.26761,0.95322,0.040024,38.936
0.24363,0.94927,0.03394,38.94
0.23135,0.95322,0.040607,38.945
0.21161,0.96507,0.027527,38.95
0.19531,0.96112,0.033675,38.955
0.17179,0.96507,0.012403,38.96
0.15159,0.96112,0.014354,38.965
0.13944,0.94927,0.016869,38.97
0.1399,0.94137,0.0013665,38.975
0.12383,0.94532,-5.9294e-07,38.979
0.1119,0.94137,-0.0050001,38.984
0.099166,0.93742,0.016855,38.989
0.12281,0.92163,0.034054,38.994
0.14761,0.91373,0.013047,38.999
0.15163,0.90583,0.013251,39.004
0.1677,0.88609,0.014303,39.009
0.20397,0.87819,0.013562,39.014
0.23656,0.87424,0.00103,39.019
0.2727,0.89398,0.004677,39.023
0.29691,0.90188,0.003167,39.028
0.32147,0.89398,-0.010167,39.033
0.33708,0.89003,0.0065454,39.038
0.36508,0.87819,0.012676,39.043
0.38138,0.87819,0.0064489,39.048
0.39331,0.88214,0.011448,39.053
0.41077,0.85449,-0.033693,39.058
0.39813,0.87819,-0.015123,39.062
0.38185,0.85844,-0.0092902,39.067
0.38197,0.85449,-0.013205,39.072
0.34156,0.87029,-0.0088323,39.077
0.32171,0.88214,-0.018076,39.082
0.28544,0.89398,-0.017256,39.087
0.25765,0.91768,-0.030823,39.092
0.2255,0.95322,-0.033006,39.097
0.20575,0.98481,-0.045692,39.102
0.20137,1.0085,-0.034072,39.106
0.18151,1.0204,-0.043316,39.111
0.1699,1.0559,-0.059036,39.116
0.17782,1.0598,-0.054398,39.121
0.17874,1.0638,-0.08501,39.126
0.18264,1.0638,-0.080812,39.131
0.19859,1.0638,-0.07553,39.136
0.20306,1.0796,-0.090199,39.141
0.22774,1.0598,-0.10761,39.146
0.25137,1.0677,-0.089934,39.15
0.27193,1.048,-0.10387,39.155
0.29168,1.0283,-0.090943,39.16
0.3074,1.0243,-0.078067,39.165
0.31107,1.0204,-0.066275,39.17
0.30694,1.0243,-0.062722,39.175
0.29041,1.0243,-0.048822,39.18
0.28663,1.0164,-0.057014,39.185
0.28285,1.0006,-0.065363,39.189
0.27436,1.0046,-0.050662,39.194
0.23776,0.98876,-0.038885,39.199
0.21767,1.0006,-0.040456,39.204
0.20963,1.0125,-0.040943,39.209
0.20562,1.0046,-0.041462,39.214
0.19678,1.0046,-0.015331,39.219
0.18084,0.99271,-0.020849,39.224
0.16432,0.98086,-0.0071859,39.229
0.17224,0.98086,-0.0026267,39.233
0.1517,0.97297,0.010754,39.238
0.1602,0.96507,-0.0040262,39.243
0.16799,0.97691,0.0046057,39.248
0.16777,0.96507,0.012042,39.253
0.1882,0.96902,0.0024192,39.258
0.18407,0.96507,0.0058152,39.263
0.20392,0.96112,0.015216,39.268
0.22446,0.96507,0.0017573,39.272
0.22411,0.96902,0.013345,39.277
0.22399,0.97297,0.01726,39.282
0.24844,0.96507,0.0077624,39.287
0.273,0.96507,-0.0054141,39.292
0.28126,0.96902,-0.012285,39.297
0.26933,0.96112,-0.017363,39.302
0.26543,0.96507,-0.021482,39.307
0.2574,0.95717,-0.022363,39.312
0.26485,0.96507,-0.0023007,39.316
0.25315,0.96902,-0.014815,39.321
0.2815,0.95717,-0.020194,39.326
0.26784,0.95322,0.032351,39.331
0.26944,0.96507,-0.021121,39.336
0.27299,0.97691,-0.0051778,39.341
0.25269,0.96507,0.00045123,39.346
0.25729,0.95322,-0.018605,39.351
0.26153,0.95717,-0.025838,39.355
0.2489,0.96507,-0.0075829,39.36
0.27323,0.96507,-0.013087,39.365
0.25326,0.98086,-0.018415,39.37
0.25291,0.98876,-0.0067488,39.375
0.24142,1.0006,-0.026778,39.38
0.25394,0.98876,-0.041276,39.385
0.24178,0.97691,-0.03876,39.39
0.22951,0.97297,-0.032251,39.395
0.22194,0.96902,-0.048397,39.399
0.22182,0.96507,-0.04464,39.404
0.21367,0.97297,-0.041369,39.409
0.21367,0.97297,-0.041369,39.414
0.20128,0.97297,-0.030944,39.419
0.20931,0.96902,-0.0303,39.424
0.21333,0.96507,-0.030018,39.429
0.20461,0.96507,-0.0077227,39.434
0.22481,0.96112,-0.0098304,39.438
0.22904,0.97691,-0.016827,39.443
0.23306,0.98481,-0.016308,39.448
0.22904,0.98876,-0.01659,39.453
0.22985,0.98481,-0.043523,39.458
0.24155,0.98876,-0.030851,39.463
0.23731,0.97297,-0.023855,39.468
0.23341,0.97691,-0.027974,39.473
0.23766,0.96507,-0.035521,39.478
0.24569,0.96112,-0.034877,39.482
0.24145,0.96112,-0.027566,39.487
0.26164,0.96112,-0.029595,39.492
0.24144,0.98086,-0.027172,39.497
0.23352,0.97297,-0.031889,39.502
0.22147,0.98481,-0.032737,39.507
0.20528,0.99271,-0.030189,39.512
0.20529,0.98086,-0.030425,39.517
0.20081,0.98481,-0.015363,39.521
0.18004,0.98481,0.0058476,39.526
0.18015,0.98876,0.0020901,39.531
0.17614,0.97297,0.0014135,39.536
0.18062,0.97297,-0.01357,39.541
0.189,0.97297,-0.024356,39.546
0.19279,0.97297,-0.016322,39.551
0.18486,0.98876,-0.020566,39.556
0.18085,0.97691,-0.021164,39.561
0.17696,0.96507,-0.025598,39.565
0.18499,0.96507,-0.024875,39.57
0.19646,0.96902,-0.0045305,39.575
0.19622,0.97691,0.0032996,39.58
0.21275,0.97297,-0.010679,39.585
0.2085,0.97691,-0.0032886,39.59
0.19657,0.98086,-0.0081305,39.595
0.19301,0.98481,-0.023758,39.6
0.18017,0.96507,0.0016175,39.604
0.18062,0.97297,-0.01357,39.609
0.18062,0.97691,-0.013491,39.614
0.16054,0.97691,-0.015299,39.619
0.14056,0.98876,-0.020706,39.624
0.14079,0.99271,-0.0283,39.629
0.14056,0.98876,-0.020706,39.634
0.10832,0.98876,-0.019762,39.639
0.11634,1.0006,-0.018802,39.644
0.11256,1.0046,-0.026758,39.648
0.12437,1.0085,-0.017922,39.653
0.12461,0.99666,-0.025831,39.658
0.12862,1.0006,-0.025391,39.663
0.13689,0.99271,-0.032498,39.668
0.15674,0.99271,-0.023018,39.673
0.15697,0.99271,-0.03069,39.678
0.15285,0.98481,-0.027373,39.683
0.16431,0.99271,-0.0069496,39.688
0.16065,0.98086,-0.019056,39.692
0.15273,0.98086,-0.023616,39.697
0.18108,0.98086,-0.028758,39.702
0.18509,0.98876,-0.028239,39.707
0.18475,0.97297,-0.017045,39.712
0.19301,0.98876,-0.02368,39.717
0.18119,0.98086,-0.032594,39.722
0.17752,0.97691,-0.044543,39.727
0.18958,0.96112,-0.043774,39.731
0.16927,0.95717,-0.037988,39.736
0.18099,0.93742,-0.025788,39.741
0.17294,0.95717,-0.026117,39.746
0.1648,0.94927,-0.023161,39.751
0.15723,0.94927,-0.03923,39.756
0.16148,0.94137,-0.046698,39.761
0.13772,0.96112,-0.059982,39.766
0.14952,0.97691,-0.05091,39.771
0.15377,0.97691,-0.058221,39.775
0.15778,0.98481,-0.057702,39.78
0.16961,0.97691,-0.049103,39.785
0.15354,0.97297,-0.050627,39.79
0.1742,0.96902,-0.06808,39.795
0.19039,0.95322,-0.070786,39.8
0.2022,0.96507,-0.061793,39.805
0.21045,0.99271,-0.068191,39.81
0.21068,0.99666,-0.075785,39.814
0.22227,0.98481,-0.059591,39.819
0.21471,0.96902,-0.075975,39.824
0.21529,0.96902,-0.095156,39.829
0.21919,0.96112,-0.091116,39.834
0.23457,0.96112,-0.066652,39.839
0.21057,0.98086,-0.072263,39.844
0.18647,0.98481,-0.074353,39.849
0.19486,0.97297,-0.085376,39.854
0.19095,0.97691,-0.089495,39.858
0.19807,0.97691,-0.058081,39.863
0.16617,0.96112,-0.068961,39.868
0.17456,0.95322,-0.079904,39.873
0.1905,0.95717,-0.074543,39.878
0.19027,0.96112,-0.066792,39.883
0.17431,0.97691,-0.071759,39.888
0.18224,0.96112,-0.067515,39.893
0.18626,0.94927,-0.06739,39.897
0.19038,0.96507,-0.07055,39.902
0.18626,0.96112,-0.067153,39.907
0.16595,0.95322,-0.061446,39.912
0.17731,0.95717,-0.037265,39.917
0.16584,0.94532,-0.057767,39.922
0.17387,0.94532,-0.057044,39.927
0.17032,0.93347,-0.072987,39.932
0.14977,0.94532,-0.059213,39.937
0.14966,0.94532,-0.055377,39.941
0.13394,0.94927,-0.068253,39.946
0.13841,0.96112,-0.083,39.951
0.14219,0.96902,-0.074808,39.956
0.1462,0.97691,-0.074289,39.961
0.15836,0.98086,-0.076963,39.966
0.17028,1.0006,-0.071648,39.971
0.18209,1.0125,-0.062655,39.976
0.20171,1.0204,-0.045345,39.98
0.22581,1.0204,-0.043176,39.985
0.23442,1.0125,-0.061792,39.99
0.25026,1.0085,-0.052752,39.995
0.26621,1.0046,-0.047549,40
0.27367,0.99666,-0.027802,40.005
0.28974,1.0006,-0.026277,40.01
0.27814,1.0125,-0.042471,40.015
0.26609,1.0164,-0.043476,40.02
0.26162,1.0085,-0.02865,40.024
0.25393,1.0006,-0.041039,40.029
0.23798,1.0125,-0.046085,40.034
0.22192,1.0046,-0.047689,40.039
0.18922,0.99271,-0.031635,40.044
0.15743,0.99666,-0.045957,40.049
0.14113,0.99666,-0.03973,40.054
0.14136,0.99666,-0.047403,40.059
0.1175,0.99271,-0.057323,40.063
0.093052,1.0006,-0.047825,40.068
0.065513,1.0006,-0.069537,40.073
0.07698,1.0125,-0.049035,40.078
0.065401,0.99666,-0.06578,40.083
0.077116,0.97691,-0.05358,40.088
0.076653,0.98086,-0.038156,40.093
0.052668,0.98481,-0.044082,40.098
0.059008,0.92953,0.013082,40.103
0.036361,1.0046,-0.037462,40.107
0.028566,0.99271,-0.046094,40.112
0.036486,0.98876,-0.041613,40.117
0.048878,0.99271,-0.051959,40.122
0.060809,0.99666,-0.046959,40.127
0.048878,0.99271,-0.051959,40.132
0.044744,0.99666,-0.048405,40.137
0.053237,0.99666,-0.063028,40.142
0.061044,0.98876,-0.05479,40.146
0.069079,0.98481,-0.054145,40.151
0.07286,0.99271,-0.045954,40.156
0.08904,0.99271,-0.048344,40.161
0.085019,1.0006,-0.048548,40.166
0.10075,0.98086,-0.035987,40.171
0.11292,0.98086,-0.038739,40.176
0.11704,0.98481,-0.042135,40.181
0.13666,0.98876,-0.024904,40.186
0.1409,1.0085,-0.031821,40.19
0.1331,1.0085,-0.040217,40.195
0.13287,0.99271,-0.032859,40.2
0.13288,0.98481,-0.033017,40.205
0.1167,0.98481,-0.030626,40.21
0.12909,0.98481,-0.041051,40.215
0.13748,0.97297,-0.052073,40.22
0.15274,0.97691,-0.023694,40.225
0.15239,0.97691,-0.012185,40.229
0.16076,0.99271,-0.022656,40.234
0.17717,0.99271,-0.032719,40.239
0.18933,1.0006,-0.035314,40.244
0.20102,1.0204,-0.022327,40.249
0.20515,1.0243,-0.025723,40.254
0.21696,1.0283,-0.016887,40.259
0.21732,1.0164,-0.028632,40.264
0.22548,0.99666,-0.032139,40.269
0.22571,0.99271,-0.039891,40.273
0.23787,0.99666,-0.042564,40.278
0.25382,1.0046,-0.037124,40.283
0.26185,1.0046,-0.036401,40.288
0.25737,1.0046,-0.021417,40.293
0.28972,1.0204,-0.025883,40.298
0.28995,1.0322,-0.03332,40.303
0.28627,1.0441,-0.044954,40.308
0.27455,1.0677,-0.057074,40.312
0.25401,1.0717,-0.043458,40.317
0.222,1.0598,-0.050422,40.322
0.19801,1.0756,-0.056112,40.327
0.18574,1.0598,-0.049839,40.332
0.19743,1.0717,-0.037009,40.337
0.19284,1.0677,-0.018268,40.342
0.205,1.0756,-0.020862,40.347
0.21729,1.0677,-0.027608,40.352
0.25321,1.0638,-0.016761,40.356
0.24472,1.0441,-0.0025326,40.361
0.22511,1.0401,-0.019764,40.366
0.21708,1.0322,-0.020644,40.371
0.19688,1.0322,-0.018615,40.376
0.19654,1.0283,-0.0071853,40.381
0.18449,1.0283,-0.0082697,40.386
0.17199,1.0164,0.0057549,40.391
0.1597,1.0243,0.012501,40.396
0.14295,1.0125,0.033836,40.4
0.11483,1.0283,0.031621,40.405
0.090734,1.0283,0.029452,40.41
0.11861,1.048,0.040049,40.415
0.12675,1.048,0.036936,40.42
0.12285,1.0559,0.032895,40.425
0.12262,1.0441,0.040332,40.43
0.13871,1.0164,0.041226,40.435
0.15064,1.0164,0.046147,40.439
0.14594,1.0125,0.068725,40.444
0.15823,0.98876,0.061664,40.449
0.16626,0.98876,0.062387,40.454
0.16616,0.96902,0.065829,40.459
0.19347,0.96112,0.095056,40.464
0.21804,0.93742,0.081407,40.469
0.22998,0.92953,0.08617,40.474
0.24193,0.90978,0.090697,40.479
0.24596,0.89003,0.090665,40.483
0.27453,0.89003,0.07785,40.488
0.27832,0.88214,0.085726,40.493
0.28635,0.88609,0.086528,40.498
0.30231,0.87424,0.091574,40.503
0.30254,0.87819,0.08398,40.508
0.31,0.87424,0.10381,40.513
0.3256,0.86634,0.12044,40.518
0.35005,0.86239,0.11102,40.522
0.37013,0.86239,0.11283,40.527
0.36578,0.84659,0.12366,40.532
0.37014,0.84659,0.11251,40.537
0.35751,0.85054,0.13069,40.542
0.35705,0.85449,0.14611,40.547
0.36542,0.87029,0.13564,40.552
0.36116,0.89793,0.1435,40.557
0.35679,0.90583,0.15481,40.562
0.36092,0.90583,0.15133,40.566
0.34806,0.91768,0.17734,40.571
0.32408,0.92163,0.17141,40.576
0.31582,0.91768,0.17829,40.581
0.3041,0.93742,0.16609,40.586
0.28332,0.94532,0.18745,40.591
0.26736,0.96507,0.18257,40.596
0.26736,0.97297,0.18272,40.601
0.25919,0.99666,0.18631,40.605
0.21467,1.0006,0.19392,40.61
0.21903,1.0046,0.18285,40.615
0.23143,0.99666,0.17227,40.62
0.21099,1.0085,0.18221,40.625
0.21065,0.99666,0.19348,40.63
0.20298,0.97691,0.18085,40.635
0.21171,0.96507,0.15832,40.64
0.21974,0.96507,0.15905,40.645
0.2156,0.97691,0.16276,40.649
0.2156,0.97691,0.16276,40.654
0.21904,0.97691,0.1823,40.659
0.23879,0.96507,0.19538,40.664
0.23133,0.96112,0.1754,40.669
0.25153,0.96112,0.17337,40.674
0.25922,0.95322,0.18544,40.679
0.25968,0.94927,0.17002,40.684
0.25568,0.93347,0.16934,40.688
0.26853,0.93347,0.14357,40.693
0.26428,0.94927,0.1512,40.698
0.27633,0.93742,0.15205,40.703
0.28447,0.95322,0.14925,40.708
0.30065,0.94532,0.1467,40.713
0.30112,0.93742,0.1312,40.718
0.31649,0.94532,0.15582,40.723
0.31672,0.93742,0.14799,40.728
0.3282,0.92558,0.16802,40.732
0.33189,0.90188,0.17942,40.737
0.33935,0.90188,0.19932,40.742
0.33555,0.92163,0.19168,40.747
0.32362,0.91768,0.18668,40.752
0.28311,0.92163,0.19465,40.757
0.30353,0.92558,0.18503,40.762
0.29906,0.90978,0.1997,40.767
0.27095,0.90978,0.19717,40.771
0.25844,0.91373,0.21151,40.776
0.26614,0.88609,0.22319,40.781
0.24238,0.89793,0.20975,40.786
0.24226,0.90583,0.21374,40.791
0.23009,0.92163,0.21681,40.796
0.22988,0.88609,0.22377,40.801
0.21392,0.89793,0.21873,40.806
0.18982,0.91373,0.21687,40.811
0.1741,0.91373,0.20392,40.815
0.17399,0.90188,0.20752,40.82
0.18191,0.90188,0.21208,40.825
0.16607,0.89793,0.20288,40.83
0.069441,0.91768,0.20227,40.835
0.15779,0.93742,0.21062,40.84
0.17076,0.93347,0.18093,40.845
0.18659,0.93742,0.19013,40.85
0.18281,0.93742,0.1821,40.854
0.19097,0.91373,0.17851,40.859
0.20679,0.92953,0.18794,40.864
0.21494,0.93742,0.18499,40.869
0.20312,0.92953,0.17607,40.874
0.20311,0.94137,0.17631,40.879
0.20724,0.94927,0.17299,40.884
0.20771,0.92953,0.15725,40.889
0.20738,0.90978,0.16837,40.894
0.20289,0.93347,0.18382,40.898
0.19428,0.92953,0.2022,40.903
0.1944,0.92163,0.19821,40.908
0.20267,0.90978,0.19102,40.913
0.21896,0.91768,0.18496,40.918
0.21483,0.91768,0.18843,40.923
0.21885,0.91373,0.18871,40.928
0.23871,0.89793,0.19788,40.933
0.24204,0.88609,0.22102,40.938
0.24595,0.88609,0.22522,40.942
0.24606,0.89003,0.22146,40.947
0.24974,0.87819,0.23309,40.952
0.22954,0.88609,0.23528,40.957
0.22173,0.89793,0.22712,40.962
0.24972,0.90583,0.23365,40.967
0.25351,0.89398,0.24144,40.972
0.22161,0.89793,0.23096,40.977
0.18936,0.90188,0.23198,40.981
0.18133,0.90188,0.23126,40.986
0.14943,0.90583,0.22077,40.991
0.1337,0.92558,0.20821,40.996
0.13334,0.94532,0.22012,41.001
0.15331,0.93742,0.2256,41.006
0.14,0.92953,0.26656,41.011
0.13771,0.93742,0.20881,41.016
0.11407,0.94137,0.19137,41.021
0.1097,0.94927,0.20268,41.025
0.089621,0.94532,0.20079,41.03
0.089731,0.95322,0.19711,41.035
0.1222,0.95717,0.18858,41.04
0.085717,0.94927,0.19667,41.045
0.098222,0.95717,0.18257,41.05
0.097867,0.97297,0.1944,41.055
0.090414,0.96507,0.17433,41.06
0.091227,0.95322,0.14724,41.064
0.11543,0.97297,0.14597,41.069
0.11118,0.97691,0.15336,41.074
0.11096,0.96507,0.1608,41.079
0.086516,0.96112,0.17006,41.084
0.082384,0.96112,0.17353,41.089
0.10994,0.93742,0.19477,41.094
0.08548,0.96112,0.20458,41.099
0.065621,0.97297,0.19534,41.104
0.073879,0.98086,0.18855,41.108
0.078361,0.97297,0.17341,41.113
0.069868,0.97297,0.18803,41.118
0.053923,0.96507,0.18259,41.123
0.086161,0.97691,0.18188,41.128
0.097395,0.99271,0.21013,41.133
0.092913,1.0006,0.22528,41.138
0.093606,0.99666,0.20218,41.143
0.090283,0.99271,0.17872,41.147
0.10198,1.0006,0.19147,41.152
0.089705,0.99666,0.19798,41.157
0.068928,1.0046,0.21935,41.162
0.073177,1.0006,0.21196,41.167
0.070084,0.99666,0.18083,41.172
0.046111,0.98086,0.17451,41.177
0.053781,1.0085,0.18729,41.182
0.040812,1.0085,0.2169,41.187
0.0086556,1.0519,0.21487,41.191
-0.019116,1.0559,0.20091,41.196
-0.011438,1.0717,0.21346,41.201
0.039708,1.123,0.25371,41.206
0.12186,1.1507,0.20011,41.211
0.19642,1.2099,0.13107,41.216
0.23369,1.2455,0.09667,41.221
0.31952,1.2613,0.054703,41.226
0.35209,1.3007,0.043038,41.23
0.38394,1.3797,0.055177,41.235
0.43576,1.4548,0.072882,41.24
0.49553,1.4824,0.094201,41.245
0.53072,1.5416,0.12933,41.25
0.56226,1.5772,0.15211,41.255
0.57407,1.5811,0.16094,41.26
0.55539,1.5495,0.11247,41.265
0.5194,1.4824,0.10404,41.27
0.49098,1.4113,0.1116,41.274
0.49452,1.2415,0.12776,41.279
0.48991,1.0954,0.1475,41.284
0.56039,1.048,0.21444,41.289
0.49606,0.95717,0.21068,41.294
0.45872,0.84659,0.24742,41.299
0.40564,0.75181,0.27153,41.304
0.34533,0.66888,0.26829,41.309
0.30152,0.63729,0.25217,41.313
0.24177,0.57805,0.23022,41.318
0.216,0.50697,0.14955,41.323
0.18138,0.45563,0.095398,41.328
0.14606,0.42009,0.064582,41.333
0.14262,0.41614,0.04496,41.338
0.13677,0.42799,-0.028417,41.343
0.13732,0.45958,-0.046968,41.348
0.15349,0.49117,-0.048728,41.353
0.16963,0.55436,-0.049858,41.357
0.17408,0.5978,-0.063976,41.362
0.19008,0.70837,-0.060324,41.367
0.20216,0.85054,-0.060241,41.372
0.27073,0.93347,-0.06395,41.377
0.31073,1.0164,-0.054845,41.382
0.3621,1.0756,-0.02211,41.387
0.40638,1.1033,-0.021419,41.392
0.42599,1.1191,-0.0039516,41.396
0.44148,1.1151,0.016597,41.401
0.46122,1.1112,0.029835,41.406
0.4734,1.0875,0.02661,41.411
0.45608,1.0638,0.066891,41.416
0.41558,1.048,0.07447,41.421
0.39505,1.0283,0.087614,41.426
0.37509,1.0164,0.081734,41.431
0.33907,1.0046,0.074409,41.436
0.31476,0.97691,0.079361,41.44
0.29422,0.96112,0.092584,41.445
0.26199,0.94532,0.093213,41.45
0.22642,0.94137,0.0707,41.455
0.21827,0.93742,0.073734,41.46
0.23503,0.94137,0.052241,41.465
0.23516,0.91768,0.047932,41.47
0.23595,0.92953,0.021314,41.475
0.23584,0.92953,0.025151,41.479
0.25213,0.93742,0.019081,41.484
0.26039,0.93742,0.012132,41.489
0.28484,0.92953,0.002634,41.494
0.28898,0.92163,-0.00099836,41.499
0.29712,0.92163,-0.0041117,41.504
0.28105,0.92953,-0.0054001,41.509
0.27692,0.94137,-0.0016889,41.514
0.26877,0.93742,0.0013457,41.519
0.26911,0.94137,-0.010084,41.523
0.26108,0.94137,-0.010807,41.528
0.24847,0.92558,0.0069747,41.533
0.22424,0.94137,0.0089573,41.538
0.22367,0.93742,0.02806,41.543
0.22722,0.94532,0.043924,41.548
0.21093,0.94532,0.050151,41.553
0.199,0.93347,0.044994,41.558
0.20291,0.92558,0.049034,41.562
0.19865,0.93347,0.056503,41.567
0.19063,0.92558,0.055623,41.572
0.17433,0.93347,0.062007,41.577
0.16182,0.92558,0.07611,41.582
