0.12666,0.96902,0.30846,15.674
0.1308,0.96507,0.30491,15.679
0.14698,0.96507,0.30252,15.684
0.13894,0.96902,0.30187,15.688
0.13493,0.96112,0.30135,15.693
0.13505,0.95717,0.29744,15.698
0.14285,0.96112,0.30591,15.703
0.1425,0.95717,0.31734,15.708
0.14664,0.95322,0.31379,15.713
0.14284,0.96507,0.30599,15.718
0.15478,0.96902,0.31099,15.723
0.1386,0.96112,0.31322,15.728
0.1308,0.96507,0.30491,15.732
0.13492,0.96902,0.30151,15.737
0.1386,0.96902,0.31338,15.742
0.14262,0.96112,0.31359,15.747
0.15489,0.96902,0.30716,15.752
0.14652,0.96507,0.31786,15.757
0.134,0.98086,0.33244,15.762
0.15524,0.96507,0.29557,15.767
0.15489,0.96507,0.30708,15.771
0.13917,0.96507,0.29412,15.776
0.14285,0.96112,0.30591,15.781
0.13872,0.96112,0.30939,15.786
0.13034,0.95322,0.32002,15.791
0.14652,0.95717,0.31771,15.796
0.13435,0.96902,0.32069,15.801
0.13918,0.95717,0.29396,15.806
0.15099,0.97297,0.30304,15.811
0.15088,0.96507,0.30672,15.815
0.13447,0.96507,0.31678,15.82
0.15431,0.97297,0.32642,15.825
0.1464,0.96507,0.3217,15.83
0.14285,0.96112,0.30591,15.835
0.13848,0.96507,0.31714,15.84
0.14284,0.96902,0.30607,15.845
0.14296,0.96507,0.30216,15.85
0.14261,0.97297,0.31382,15.854
0.14686,0.96902,0.30643,15.859
0.15937,0.96902,0.29217,15.864
0.15512,0.96902,0.29948,15.869
0.15891,0.95717,0.30728,15.874
0.15501,0.96902,0.30332,15.879
0.14708,0.97691,0.29892,15.884
0.15913,0.98086,0.30008,15.889
0.15879,0.97297,0.31143,15.894
0.15466,0.97297,0.31491,15.898
0.15443,0.96507,0.32242,15.903
0.15891,0.96112,0.30736,15.908
0.16694,0.96902,0.30824,15.913
0.17119,0.96507,0.30085,15.918
0.14651,0.96902,0.31794,15.923
0.14285,0.96112,0.30591,15.928
0.13412,0.96507,0.32829,15.933
0.13802,0.97297,0.33264,15.938
0.14663,0.97297,0.31418,15.942
0.13849,0.95717,0.31698,15.947
0.15432,0.96112,0.32618,15.952
0.15054,0.95717,0.31807,15.957
0.15856,0.96902,0.31903,15.962
0.16648,0.96112,0.32343,15.967
0.16236,0.95322,0.32674,15.972
0.15467,0.95717,0.31459,15.977
0.13871,0.96507,0.30947,15.981
0.16291,0.98481,0.30819,15.986
0.17486,0.96902,0.3128,15.991
0.16327,0.96902,0.29637,15.996
0.16305,0.95322,0.30373,16.001
0.16293,0.95717,0.30764,16.006
0.16339,0.96507,0.29245,16.011
0.15891,0.96112,0.30736,16.016
0.15937,0.96112,0.29201,16.021
0.151,0.95322,0.30264,16.025
0.16671,0.96112,0.31575,16.03
0.16717,0.96902,0.30057,16.035
0.15054,0.95322,0.31799,16.04
0.15008,0.95717,0.33341,16.045
0.1425,0.96507,0.3175,16.05
0.14629,0.96112,0.32546,16.055
0.14652,0.95322,0.31763,16.06
0.15053,0.96112,0.31815,16.064
0.14239,0.96112,0.32126,16.069
0.13883,0.96112,0.30555,16.074
0.14262,0.95717,0.31351,16.079
0.14686,0.96112,0.30627,16.084
0.14307,0.96507,0.29832,16.089
0.1511,0.96902,0.29912,16.094
0.14674,0.97297,0.31035,16.099
0.14238,0.97297,0.3215,16.104
0.1425,0.95717,0.31734,16.108
0.15053,0.96112,0.31815,16.113
0.14675,0.96507,0.31019,16.118
0.13871,0.96902,0.30955,16.123
0.13458,0.96902,0.31302,16.128
0.14605,0.97297,0.33337,16.133
0.13883,0.96902,0.30571,16.138
0.15042,0.96112,0.32198,16.143
0.14285,0.96112,0.30591,16.147
0.14664,0.95322,0.31379,16.152
0.15054,0.95717,0.31807,16.157
0.15088,0.96112,0.30664,16.162
0.15513,0.95717,0.29925,16.167
0.16282,0.95717,0.31148,16.172
0.14664,0.95717,0.31387,16.177
0.15914,0.95717,0.29961,16.182
0.15902,0.96902,0.30368,16.187
0.16683,0.96112,0.31192,16.191
0.15489,0.96507,0.30708,16.196
0.15478,0.96507,0.31091,16.201
0.16281,0.96112,0.31156,16.206
0.15455,0.96902,0.31866,16.211
0.14652,0.96112,0.31778,16.216
0.16659,0.97297,0.31983,16.221
0.15053,0.96507,0.31822,16.226
0.14697,0.96902,0.3026,16.23
0.15099,0.96902,0.30296,16.235
0.15444,0.96112,0.32234,16.24
0.14698,0.96112,0.30244,16.245
0.14273,0.96112,0.30975,16.25
0.15868,0.96507,0.31511,16.255
0.14295,0.97297,0.30231,16.26
0.1308,0.96507,0.30491,16.265
0.15455,0.96507,0.31859,16.27
0.12667,0.96112,0.3083,16.274
0.14285,0.95717,0.30583,16.279
0.16212,0.96902,0.33473,16.284
0.1588,0.95322,0.31104,16.289
0.15524,0.96112,0.29549,16.294
0.17142,0.96112,0.2931,16.299
0.16705,0.96902,0.3044,16.304
0.16351,0.95322,0.28838,16.309
0.15938,0.95322,0.29186,16.313
0.16683,0.96112,0.31192,16.318
0.15856,0.96507,0.31895,16.323
0.15031,0.95717,0.32574,16.328
0.15444,0.96112,0.32234,16.333
0.13906,0.96112,0.29788,16.338
0.14262,0.95322,0.31343,16.343
0.14251,0.95322,0.31726,16.348
0.14262,0.95717,0.31351,16.353
0.14342,0.96902,0.28689,16.357
0.14284,0.96507,0.30599,16.362
0.14296,0.96507,0.30216,16.367
0.13527,0.96507,0.28992,16.372
0.14686,0.96112,0.30627,16.377
0.15065,0.95717,0.31423,16.382
0.15466,0.97297,0.31491,16.387
0.14216,0.95717,0.32885,16.392
0.1627,0.95717,0.31531,16.396
0.17498,0.96112,0.30881,16.401
0.16683,0.96507,0.312,16.406
0.14686,0.96507,0.30635,16.411
0.14274,0.95322,0.30959,16.416
0.15134,0.96507,0.29137,16.421
0.15088,0.95717,0.30656,16.426
0.15834,0.95717,0.32646,16.431
0.14641,0.95717,0.32154,16.436
0.13034,0.96507,0.32025,16.44
0.13883,0.95717,0.30547,16.445
0.13872,0.95717,0.30931,16.45
0.15489,0.96507,0.30708,16.455
0.1549,0.96112,0.307,16.46
0.16247,0.95717,0.32299,16.465
0.14685,0.97691,0.30659,16.47
0.15902,0.96902,0.30368,16.475
0.1511,0.98086,0.29936,16.479
0.15867,0.97297,0.31527,16.484
0.1425,0.96112,0.31742,16.489
0.14227,0.96112,0.3251,16.494
0.16293,0.96112,0.30772,16.499
0.15112,0.94927,0.29873,16.504
0.14262,0.96112,0.31359,16.509
0.14273,0.95717,0.30967,16.514
0.13906,0.96112,0.29788,16.519
0.13423,0.96902,0.32453,16.523
0.14284,0.96507,0.30599,16.528
0.14698,0.96507,0.30252,16.533
0.1386,0.96112,0.31322,16.538
0.13516,0.96112,0.29368,16.543
0.15122,0.96902,0.29529,16.548
0.15489,0.96507,0.30708,16.553
0.15064,0.97297,0.31455,16.558
0.15042,0.95322,0.32182,16.562
0.14652,0.96112,0.31778,16.567
0.14686,0.96902,0.30643,16.572
0.14628,0.96902,0.32561,16.577
0.15053,0.96507,0.31822,16.582
0.14663,0.96902,0.31411,16.587
0.15031,0.95322,0.32566,16.592
0.14664,0.95322,0.31379,16.597
0.15513,0.96112,0.29933,16.602
0.15466,0.96902,0.31483,16.606
0.14583,0.95322,0.34064,16.611
0.13826,0.96112,0.32473,16.616
0.15065,0.96112,0.31431,16.621
0.14709,0.96112,0.2986,16.626
0.13446,0.96902,0.31686,16.631
0.14273,0.96902,0.30991,16.636
0.13837,0.96112,0.3209,16.641
0.1425,0.96507,0.3175,16.646
0.1464,0.96902,0.32178,16.65
0.13493,0.96507,0.30143,16.655
0.14284,0.97297,0.30615,16.66
0.13882,0.97691,0.30587,16.665
0.13883,0.96507,0.30563,16.67
0.15879,0.96507,0.31127,16.675
0.15443,0.96507,0.32242,16.68
0.14652,0.94927,0.31755,16.685
0.15054,0.94927,0.31791,16.689
0.14284,0.96507,0.30599,16.694
0.16292,0.97297,0.30796,16.699
0.15489,0.97297,0.30723,16.704
0.15031,0.95322,0.32566,16.709
0.1588,0.96112,0.3112,16.714
0.15868,0.96112,0.31503,16.719
0.15478,0.96112,0.31083,16.724
0.15501,0.96902,0.30332,16.729
0.13905,0.97297,0.29812,16.733
0.15065,0.96507,0.31439,16.738
0.15064,0.97297,0.31455,16.743
0.1628,0.98086,0.31195,16.748
0.15488,0.98086,0.30739,16.753
0.15478,0.96902,0.31099,16.758
0.1472,0.97297,0.295,16.763
0.14284,0.96902,0.30607,16.768
0.14687,0.95717,0.3062,16.772
0.12655,0.96112,0.31214,16.777
0.15868,0.96902,0.31519,16.782
0.155,0.97691,0.30348,16.787
0.15857,0.96112,0.31887,16.792
0.15891,0.96507,0.30744,16.797
0.15443,0.97297,0.32258,16.802
0.15076,0.96507,0.31055,16.807
0.14261,0.96507,0.31366,16.812
0.15087,0.96902,0.30679,16.816
0.15099,0.96902,0.30296,16.821
0.14663,0.96507,0.31403,16.826
0.15524,0.96507,0.29557,16.831
0.14663,0.96112,0.31395,16.836
0.13459,0.94927,0.31263,16.841
0.14296,0.95717,0.302,16.846
0.14698,0.96112,0.30244,16.851
0.15065,0.96112,0.31431,16.855
0.15914,0.97297,0.29992,16.86
0.14262,0.96112,0.31359,16.865
0.14664,0.95322,0.31379,16.87
0.15088,0.96112,0.30664,16.875
0.16706,0.96507,0.30432,16.88
0.16292,0.97297,0.30796,16.885
0.15501,0.96507,0.30324,16.89
0.15489,0.96902,0.30716,16.895
0.15065,0.96112,0.31431,16.899
0.14675,0.96112,0.31011,16.904
0.15902,0.96507,0.3036,16.909
0.16304,0.96507,0.30396,16.914
0.1588,0.96112,0.3112,16.919
0.14675,0.95717,0.31003,16.924
0.1549,0.95717,0.30692,16.929
0.15513,0.96112,0.29933,16.934
0.16694,0.96507,0.30816,16.938
0.15868,0.95717,0.31495,16.943
0.17498,0.96112,0.30881,16.948
0.15501,0.95717,0.30308,16.953
0.14675,0.95322,0.30995,16.958
0.14663,0.96902,0.31411,16.963
0.15467,0.94927,0.31443,16.968
0.15857,0.96112,0.31887,16.973
0.15869,0.95322,0.31487,16.978
0.16292,0.96902,0.30788,16.982
0.16292,0.96902,0.30788,16.987
0.17073,0.96902,0.31627,16.992
0.17497,0.96902,0.30896,16.997
0.1744,0.96902,0.32814,17.002
0.15846,0.95322,0.32255,17.007
0.15467,0.95322,0.31451,17.012
0.13849,0.96112,0.31706,17.017
0.1549,0.96112,0.307,17.021
0.14664,0.95717,0.31387,17.026
0.15111,0.96112,0.29896,17.031
0.15869,0.95322,0.31487,17.036
0.15467,0.95717,0.31459,17.041
0.15891,0.96507,0.30744,17.046
0.16316,0.96507,0.30013,17.051
0.1588,0.96112,0.3112,17.056
0.15914,0.97297,0.29992,17.061
0.15501,0.96902,0.30332,17.065
0.1347,0.96507,0.30911,17.07
0.15478,0.96507,0.31091,17.075
0.15501,0.96112,0.30316,17.08
0.16327,0.96112,0.29621,17.085
0.16281,0.96902,0.31171,17.09
0.15915,0.94927,0.29945,17.095
0.16316,0.95322,0.29989,17.1
0.16327,0.96112,0.29621,17.104
0.1588,0.96112,0.3112,17.109
0.15088,0.95717,0.30656,17.114
0.15834,0.96112,0.32654,17.119
0.15088,0.96112,0.30664,17.124
0.16281,0.96507,0.31164,17.129
0.14686,0.96507,0.30635,17.134
0.15111,0.95322,0.29881,17.139
0.16706,0.95717,0.30417,17.144
0.16672,0.95717,0.31568,17.148
0.16282,0.95322,0.3114,17.153
0.17096,0.95717,0.30837,17.158
0.14629,0.95717,0.32538,17.163
0.14652,0.95322,0.31763,17.168
0.15076,0.96112,0.31047,17.173
0.15088,0.95717,0.30656,17.178
0.13883,0.96112,0.30555,17.183
0.14273,0.96112,0.30975,17.188
0.14641,0.95322,0.32146,17.192
0.16282,0.95322,0.3114,17.197
0.17072,0.97297,0.31635,17.202
0.16304,0.96902,0.30404,17.207
0.15845,0.96507,0.32278,17.212
0.17107,0.96507,0.30469,17.217
0.15879,0.96902,0.31135,17.222
0.17497,0.97297,0.30904,17.227
0.16729,0.96112,0.29657,17.231
0.17131,0.96112,0.29693,17.236
0.16281,0.96507,0.31164,17.241
0.15891,0.96112,0.30736,17.246
0.15868,0.96112,0.31503,17.251
0.1588,0.94927,0.31096,17.256
0.17486,0.96112,0.31264,17.261
0.15846,0.95322,0.32255,17.266
0.15466,0.96507,0.31475,17.271
0.14273,0.96507,0.30983,17.275
0.15433,0.95322,0.32602,17.28
0.14227,0.96112,0.3251,17.285
0.14606,0.96507,0.33321,17.29
0.15856,0.96507,0.31895,17.295
0.14686,0.96507,0.30635,17.3
0.1472,0.96902,0.29492,17.305
0.15558,0.97297,0.28422,17.31
0.1588,0.96112,0.3112,17.314
0.15077,0.95717,0.31039,17.319
0.16672,0.95322,0.3156,17.324
0.15822,0.96507,0.33046,17.329
0.16258,0.96902,0.31939,17.334
0.15834,0.96112,0.32654,17.339
0.15857,0.95322,0.31871,17.344
0.1674,0.96112,0.29274,17.349
0.15191,0.97297,0.27235,17.354
0.1557,0.96112,0.28014,17.358
0.15524,0.96902,0.29565,17.363
0.15547,0.96507,0.2879,17.368
0.14756,0.94927,0.28302,17.373
0.15536,0.96112,0.29165,17.378
0.15064,0.97691,0.31462,17.383
0.15535,0.96507,0.29173,17.388
0.14766,0.98086,0.27981,17.393
0.15122,0.96902,0.29529,17.397
0.14767,0.95717,0.27934,17.402
0.13562,0.95322,0.27818,17.407
0.14721,0.95717,0.29469,17.412
0.13504,0.96507,0.2976,17.417
0.13871,0.97691,0.3097,17.422
0.14674,0.96902,0.31027,17.427
0.1386,0.96902,0.31338,17.432
0.14662,0.97691,0.31426,17.437
0.15937,0.97297,0.29225,17.441
0.15513,0.96112,0.29933,17.446
0.13929,0.96902,0.29036,17.451
0.14732,0.96112,0.29093,17.456
0.15926,0.95322,0.29569,17.461
0.13883,0.95717,0.30547,17.466
0.15903,0.96112,0.30352,17.471
0.13527,0.97297,0.29008,17.476
0.14296,0.96507,0.30216,17.48
0.14284,0.96507,0.30599,17.485
0.14342,0.96112,0.28673,17.49
0.14744,0.95322,0.28694,17.495
0.13585,0.96902,0.27082,17.5
0.13952,0.96507,0.28261,17.505
0.13929,0.95717,0.29013,17.51
0.13504,0.96902,0.29768,17.515
0.13918,0.96112,0.29404,17.52
0.13539,0.96112,0.28601,17.524
0.11886,0.96112,0.29991,17.529
0.13964,0.95322,0.27854,17.534
0.13539,0.95322,0.28585,17.539
0.15524,0.96507,0.29557,17.544
0.14721,0.95717,0.29469,17.549
0.15123,0.95717,0.29505,17.554
0.15134,0.96902,0.29145,17.559
0.14732,0.96507,0.29101,17.563
0.13516,0.96112,0.29368,17.568
0.14721,0.96507,0.29484,17.573
0.14307,0.96902,0.2984,17.578
0.14331,0.96112,0.29057,17.583
0.15926,0.95322,0.29569,17.588
0.15134,0.96112,0.29129,17.593
0.14342,0.96507,0.28681,17.598
0.16338,0.97297,0.29261,17.603
0.16764,0.95717,0.28499,17.607
0.15157,0.96507,0.2837,17.612
0.15156,0.97297,0.28385,17.617
0.15925,0.96507,0.29593,17.622
0.14755,0.96112,0.28326,17.627
0.16328,0.95717,0.29613,17.632
0.16305,0.94532,0.30357,17.637
0.16328,0.95322,0.29605,17.642
0.18312,0.96507,0.30577,17.646
0.1751,0.94927,0.30473,17.651
0.17922,0.96902,0.30165,17.656
0.17888,0.96112,0.313,17.661
0.18736,0.98086,0.29877,17.666
0.18794,0.97691,0.27951,17.671
0.18117,0.97691,0.23659,17.676
0.22111,0.96902,0.24772,17.681
0.19323,0.96507,0.23744,17.686
0.19288,0.96507,0.24895,17.69
0.19632,0.96112,0.26841,17.695
0.20413,0.96112,0.27681,17.7
0.18393,0.96112,0.27884,17.705
0.19621,0.96507,0.27233,17.71
0.19586,0.96112,0.28376,17.715
0.19575,0.96507,0.28767,17.72
0.19965,0.95717,0.29171,17.725
0.19552,0.95717,0.29519,17.729
0.19564,0.95322,0.29127,17.734
0.19173,0.96112,0.28723,17.739
0.19219,0.96112,0.27189,17.744
0.19173,0.96507,0.28731,17.749
0.17991,0.97297,0.27871,17.754
0.18759,0.98481,0.29118,17.759
0.1877,0.98481,0.28734,17.764
0.1791,0.97691,0.30565,17.769
0.18335,0.97297,0.29826,17.773
0.18334,0.98481,0.29849,17.778
0.17968,0.97297,0.28639,17.783
0.19127,0.96507,0.30266,17.788
0.17509,0.96507,0.30505,17.793
0.16775,0.96902,0.28139,17.798
0.14732,0.97297,0.29117,17.803
0.1589,0.97297,0.3076,17.808
0.15099,0.96112,0.3028,17.812
0.15053,0.96507,0.31822,17.817
0.14674,0.97691,0.31043,17.822
0.13447,0.96507,0.31678,17.827
0.13412,0.96902,0.32837,17.832
0.12655,0.96507,0.31222,17.837
0.12242,0.96902,0.31577,17.842
0.13045,0.96507,0.31642,17.847
0.14296,0.96112,0.30208,17.852
0.13814,0.96507,0.32865,17.856
0.13412,0.96507,0.32829,17.861
0.12264,0.97691,0.30826,17.866
0.12654,0.97691,0.31246,17.871
0.13044,0.97691,0.31665,17.876
0.12619,0.98876,0.3242,17.881
0.11839,0.98876,0.31581,17.886
0.12229,0.99271,0.32008,17.891
0.11403,0.98876,0.32695,17.896
0.11402,0.99271,0.32703,17.9
0.13364,1.0006,0.34434,17.905
0.13318,1.0006,0.35969,17.91
0.13364,1.0085,0.3445,17.915
0.10518,0.99666,0.35324,17.92
0.11,1.0046,0.32691,17.925
0.11035,0.99666,0.31524,17.93
0.11815,0.99271,0.32356,17.935
0.11357,0.98876,0.3423,17.939
0.10531,0.97297,0.34893,17.944
0.097038,0.99271,0.35628,17.949
0.10519,0.98481,0.35301,17.954
0.10519,0.98481,0.35301,17.959
0.097388,0.98481,0.34461,17.964
0.10588,0.99271,0.33014,17.969
0.097388,0.98481,0.34461,17.974
0.10898,0.97691,0.36088,17.979
0.11357,0.97691,0.34206,17.983
0.11335,0.96507,0.3495,17.988
0.11357,0.98086,0.34214,17.993
0.10945,0.96507,0.3453,17.998
0.089017,0.97297,0.35516,18.003
0.12069,0.96902,0.37332,18.008
0.10394,0.96507,0.39481,18.013
0.10819,0.95322,0.38726,18.018
0.12392,0.94137,0.39998,18.022
0.12805,0.94532,0.39659,18.027
0.14021,0.94532,0.39383,18.032
0.13596,0.94927,0.40122,18.037
0.14009,0.95322,0.39783,18.042
0.13585,0.94532,0.40498,18.047
0.13608,0.94532,0.39731,18.052
0.1277,0.94532,0.40809,18.057
0.12747,0.95322,0.41592,18.062
0.13114,0.94927,0.42772,18.066
0.13492,0.94927,0.43575,18.071
0.14708,0.95717,0.43316,18.076
0.15558,0.95717,0.41853,18.081
0.16809,0.95322,0.40419,18.086
0.16854,0.96112,0.38901,18.091
0.13975,0.94137,0.4091,18.096
0.14366,0.93347,0.41314,18.101
0.12529,0.94137,0.48858,18.105
0.12988,0.94137,0.46976,18.11
0.10956,0.94927,0.47578,18.115
0.097402,0.94137,0.47838,18.12
0.085123,0.94137,0.48496,18.125
0.032678,0.94532,0.48802,18.13
0.0080052,0.94532,0.50503,18.135
-0.012652,0.94532,0.5224,18.14
-0.061401,0.90978,0.53654,18.145
-0.11408,0.91373,0.54726,18.149
-0.15492,0.90583,0.56651,18.154
-0.20013,0.88609,0.59667,18.159
-0.24155,0.88214,0.63517,18.164
-0.27082,0.88214,0.671,18.169
-0.27128,0.88609,0.68643,18.174
-0.27542,0.89398,0.69006,18.179
-0.26622,0.87424,0.65203,18.184
-0.2404,0.87819,0.59673,18.188
-0.17052,0.89398,0.54948,18.193
-0.12852,0.90188,0.49187,18.198
-0.051762,0.91768,0.48371,18.203
0.0010084,0.94532,0.46978,18.208
0.065267,0.94927,0.47564,18.213
0.11746,0.98086,0.48097,18.218
0.13914,1.0085,0.42962,18.223
0.14143,1.0204,0.35313,18.228
0.15877,1.0085,0.31214,18.232
0.14637,1.0125,0.32264,18.237
0.15511,0.96112,0.43396,18.242
0.16212,0.94137,0.46881,18.247
0.14896,0.87424,0.50475,18.252
0.11816,0.77551,0.45769,18.257
0.10144,0.70837,0.47793,18.262
0.092059,0.65704,0.52221,18.267
0.059034,0.6136,0.54915,18.271
0.017963,0.59385,0.57583,18.276
0.018071,0.6057,0.57223,18.281
0.0020054,0.6057,0.57078,18.286
-0.014537,0.63334,0.58523,18.291
-0.038886,0.66888,0.59145,18.296
-0.05462,0.69258,0.57896,18.301
-0.07861,0.70443,0.5732,18.306
-0.090219,0.73997,0.55747,18.311
-0.1102,0.75576,0.55215,18.315
-0.13396,0.77551,0.53886,18.32
-0.15784,0.80315,0.52957,18.325
-0.17784,0.84659,0.5248,18.33
-0.18163,0.86239,0.51708,18.335
-0.19346,0.88214,0.50871,18.34
-0.19761,0.90978,0.51274,18.345
-0.18591,0.91373,0.52541,18.35
-0.17409,0.92163,0.53433,18.354
-0.16226,0.89793,0.54261,18.359
-0.1424,0.88214,0.55178,18.364
-0.11508,0.86634,0.58084,18.369
-0.11909,0.85054,0.58017,18.374
-0.12309,0.8308,0.57941,18.379
-0.11529,0.82685,0.58773,18.384
-0.11068,0.80315,0.56844,18.389
-0.11883,0.8071,0.57163,18.394
-0.11838,0.815,0.55644,18.398
-0.12641,0.81895,0.5558,18.403
-0.1505,0.7992,0.55323,18.408
-0.18251,0.79526,0.54643,18.413
-0.1824,0.80315,0.54275,18.418
-0.20638,0.79526,0.53659,18.423
-0.20546,0.7992,0.50597,18.428
-0.22509,0.8071,0.48898,18.433
-0.22945,0.815,0.50028,18.438
-0.23369,0.7992,0.50728,18.442
-0.24229,0.79131,0.52558,18.447
-0.24619,0.77946,0.52115,18.452
-0.25168,0.74787,0.57003,18.457
-0.23757,0.73602,0.63645,18.462
-0.24056,0.73207,0.73612,18.467
-0.21865,0.73997,0.81134,18.472
-0.14834,0.78341,0.88393,18.477
-0.084353,0.85844,0.89888,18.481
-0.0070692,0.96112,0.87327,18.486
0.079612,1.0914,0.8029,18.491
0.18358,1.2928,0.69319,18.496
0.33573,1.5219,0.58837,18.501
0.4886,1.7036,0.45959,18.506
0.55522,1.7904,0.38654,18.511
0.45461,1.743,0.38423,18.516
0.35904,1.5179,0.48268,18.521
0.12401,1.3442,0.53114,18.525
0.0018676,1.0085,0.70961,18.53
-0.042254,0.70048,0.83796,18.535
-0.068322,0.55041,0.76722,18.54
-0.079031,0.44773,0.58726,18.545
-0.054903,0.41614,0.45416,18.55
-0.0099371,0.44773,0.43192,18.555
0.036142,0.52277,0.5068,18.56
0.071069,0.63729,0.5507,18.564
0.14456,0.74392,0.51714,18.569
0.28182,0.91768,0.50604,18.574
0.30333,1.0362,0.46034,18.579
0.27987,1.1151,0.43673,18.584
0.36153,1.1941,0.3995,18.589
0.35018,1.1902,0.37531,18.594
0.42041,1.1941,0.31632,18.599
0.44269,1.1625,0.24461,18.604
0.44479,1.127,0.17485,18.608
0.41028,1.0875,0.1171,18.613
0.35453,1.0441,0.095824,18.618
0.29054,0.98876,0.081265,18.623
0.24153,0.99666,0.10394,18.628
0.16406,1.0125,0.13575,18.633
0.11905,1.0559,0.15949,18.638
0.075084,1.0835,0.1484,18.643
0.031128,1.0954,0.13698,18.647
0.019196,1.0914,0.13198,18.652
-0.0051125,1.0598,0.13686,18.657
-0.017274,1.0559,0.13953,18.662
-0.054433,1.0164,0.17002,18.667
-0.014704,0.97297,0.18811,18.672
0.028921,0.93742,0.21056,18.677
0.085276,0.91768,0.21139,18.682
0.15346,0.88214,0.22066,18.687
0.20191,0.84659,0.21662,18.691
0.25423,0.84264,0.2174,18.696
0.31942,0.84264,0.1925,18.701
0.35947,0.83475,0.19979,18.706
0.38815,0.84659,0.18337,18.711
0.40822,0.86634,0.18557,18.716
0.40422,0.84264,0.18474,18.721
0.41706,0.85844,0.15929,18.726
0.41729,0.87029,0.15185,18.73
0.39284,0.87424,0.16127,18.735
0.38136,0.89003,0.14132,18.74
0.35369,0.91373,0.12391,18.745
0.30893,0.92163,0.13928,18.75
0.26095,0.94532,0.12774,18.755
0.24901,0.95322,0.12298,18.76
0.20024,0.96507,0.13806,18.765
0.18394,0.96902,0.14436,18.77
0.14824,0.98876,0.12616,18.774
0.12828,0.98086,0.12036,18.779
0.13988,0.95322,0.13624,18.784
0.11603,0.93347,0.126,18.789
0.082986,0.91768,0.15348,18.794
0.074732,0.90188,0.16012,18.799
0.062592,0.86239,0.16208,18.804
0.038962,0.85054,0.14433,18.809
0.043088,0.85844,0.14101,18.813
0.047459,0.84264,0.12955,18.818
0.032447,0.815,0.093028,18.823
0.019926,0.83475,0.10768,18.828
0.031613,0.86239,0.12083,18.833
0.0006166,0.87029,0.21436,18.838
0.027126,0.87819,0.13613,18.843
0.017011,0.91768,0.070612,18.848
0.028695,0.94927,0.083836,18.853
0.023988,0.94927,0.10649,18.857
0.059092,0.96112,0.14451,18.862
0.063569,0.96112,0.12952,18.867
0.071944,0.96507,0.11882,18.872
0.08055,0.96902,0.10044,18.877
0.10005,0.97691,0.12158,18.882
0.098992,1.0164,0.1569,18.887
0.10737,1.0125,0.14603,18.892
0.1154,1.0125,0.14676,18.896
0.10749,1.0125,0.1422,18.901
0.091311,1.0046,0.14443,18.906
0.082593,0.99666,0.16657,18.911
0.090064,0.97297,0.186,18.916
0.093604,1.0006,0.20226,18.921
0.082147,0.97297,0.18144,18.926
0.058521,0.95322,0.16353,18.931
0.065755,0.94137,0.19087,18.936
0.069776,0.93347,0.19108,18.94
0.058404,0.95717,0.16745,18.945
0.058394,0.97297,0.16776,18.95
0.066202,0.96507,0.176,18.955
0.062303,0.96112,0.17172,18.96
0.065856,0.96507,0.18751,18.965
0.082257,0.98086,0.17776,18.97
0.093947,1.0046,0.19083,18.975
0.098188,1.0125,0.18367,18.979
0.098987,1.0243,0.15706,18.984
0.095079,1.0362,0.15309,18.989
0.094391,1.0322,0.17603,18.994
0.078666,1.0401,0.16324,18.999
0.061797,1.0362,0.18857,19.004
0.058467,1.0441,0.16534,19.009
0.03436,1.0598,0.16349,19.014
0.018067,1.0559,0.16964,19.019
0.0010833,1.0519,0.1988,19.023
-0.04758,1.0638,0.21005,19.028
-0.051831,1.0717,0.21752,19.033
-0.068011,1.0717,0.21991,19.038
-0.091653,1.0796,0.20255,19.043
-0.12746,1.0875,0.18795,19.048
-0.1589,1.0914,0.16212,19.053
-0.1628,1.0914,0.15792,19.058
-0.19035,1.1033,0.13644,19.062
-0.17806,1.0914,0.12962,19.067
-0.17394,1.1033,0.12638,19.072
-0.16153,1.0875,0.11564,19.077
-0.15362,1.0914,0.12028,19.082
-0.13674,1.0756,0.094554,19.087
-0.083362,1.0519,0.060418,19.092
-0.047319,1.0322,0.067113,19.097
-0.012551,1.0283,0.11632,19.102
0.034031,1.0322,0.17445,19.106
0.067634,1.0519,0.26249,19.111
0.11901,1.1033,0.29507,19.116
0.20767,1.1704,0.29285,19.121
0.26892,1.2297,0.26493,19.126
0.32673,1.2692,0.21707,19.131
0.36044,1.3244,0.16736,19.136
0.35814,1.3402,0.10977,19.141
0.35872,1.3442,0.090663,19.146
0.392,1.3402,0.055112,19.15
0.43321,1.3126,0.023649,19.155
0.47283,1.2573,0.045342,19.16
0.44946,1.206,0.019132,19.165
0.3967,1.1546,0.03259,19.17
0.38734,1.0677,0.07617,19.175
0.39439,0.98086,0.10969,19.18
0.40981,0.90978,0.13273,19.185
0.42946,0.85054,0.1487,19.189
0.44532,0.81895,0.15719,19.194
0.4445,0.8387,0.18444,19.199
0.40421,0.85449,0.18498,19.204
0.35493,0.93347,0.21674,19.209
0.30567,0.98876,0.24803,19.214
0.28132,1.0283,0.25433,19.219
0.26347,1.127,0.31239,19.224
0.21865,1.2257,0.32957,19.229
0.1983,1.2889,0.33669,19.233
0.17039,1.3442,0.32759,19.238
0.17485,1.3639,0.313,19.243
0.20285,1.3639,0.31937,19.248
0.20664,1.3521,0.32717,19.253
0.21102,1.3284,0.31555,19.258
0.21575,1.281,0.29195,19.263
0.24893,1.2652,0.26,19.268
0.25377,1.2336,0.23287,19.272
0.26994,1.2455,0.23072,19.277
0.24917,1.2415,0.25185,19.282
0.25297,1.2297,0.25965,19.287
0.23289,1.2218,0.25768,19.292
0.22567,1.2099,0.22987,19.297
0.23453,1.1744,0.20303,19.302
0.19509,1.123,0.17537,19.307
0.16334,1.0677,0.15987,19.312
0.14341,1.0085,0.15304,19.316
0.10708,0.92558,0.15581,19.321
0.06247,0.87424,0.16616,19.326
0.070317,0.7992,0.17305,19.331
0.041658,0.74787,0.18868,19.336
0.029525,0.69653,0.19041,19.341
0.013249,0.66493,0.19601,19.346
0.0128,0.64519,0.21096,19.351
0.0045469,0.62939,0.21759,19.355
-0.0073869,0.62939,0.21267,19.36
0.003746,0.62149,0.24429,19.365
0.019804,0.63334,0.24597,19.37
0.043669,0.63729,0.25589,19.375
0.059502,0.64124,0.26509,19.38
0.088313,0.62939,0.24436,19.385
0.096353,0.61754,0.24485,19.39
0.11666,0.61754,0.23899,19.395
0.14018,0.62149,0.26041,19.399
0.13571,0.62149,0.2754,19.404
0.14788,0.6136,0.27249,19.409
0.11208,0.60965,0.25765,19.414
0.096259,0.582,0.24798,19.419
0.09419,0.57805,0.31695,19.424
0.079046,0.57805,0.28482,19.429
0.05817,0.55831,0.30947,19.434
0.029371,0.55041,0.3298,19.438
0.013425,0.54251,0.32436,19.443
-0.010445,0.54646,0.3146,19.448
-0.023076,0.55831,0.33293,19.453
-0.039491,0.56621,0.34315,19.458
-0.051434,0.582,0.33855,19.463
-0.067988,0.62939,0.35339,19.468
-0.072031,0.67283,0.3539,19.473
-0.07193,0.69653,0.35053,19.478
-0.087661,0.71627,0.33797,19.482
-0.099614,0.74787,0.33368,19.487
-0.096068,0.76366,0.3497,19.492
-0.10399,0.76366,0.34514,19.497
-0.10824,0.77946,0.35277,19.502
-0.12087,0.78736,0.37102,19.507
-0.11628,0.79131,0.35228,19.512
-0.13649,0.8071,0.35463,19.517
-0.14843,0.8229,0.35002,19.521
-0.15234,0.83475,0.34606,19.526
-0.1644,0.85449,0.34537,19.531
-0.17276,0.83475,0.35576,19.536
-0.16647,0.85449,0.41442,19.541
-0.17199,0.87029,0.46425,19.546
-0.16948,0.89003,0.51488,19.551
-0.1624,0.92953,0.54708,19.556
-0.1381,0.98481,0.54268,19.561
-0.13364,1.0046,0.52809,19.565
-0.12058,1.0519,0.49559,19.57
-0.11133,1.127,0.45561,19.575
-0.14282,1.2139,0.43143,19.58
-0.16628,1.3086,0.40814,19.585
-0.15417,1.3995,0.4072,19.59
-0.11335,1.4548,0.3889,19.595
-0.087526,1.4508,0.33344,19.6
-0.09094,1.4074,0.31303,19.604
-0.11578,1.3047,0.33567,19.609
-0.17791,1.1823,0.39302,19.614
-0.21341,1.048,0.50254,19.619
-0.25148,0.96507,0.69748,19.624
-0.19983,0.92163,0.85513,19.629
-0.15749,0.91768,0.92041,19.634
-0.025676,0.97691,0.95654,19.639
0.11445,1.1586,0.84969,19.644
0.32673,1.4113,0.61997,19.648
0.61701,1.7075,0.34044,19.653
0.90686,1.9642,0.075463,19.658
1.0954,2.1972,-0.033697,19.663
1.0388,2.2643,0.10872,19.668
0.7357,2.0234,0.41129,19.673
0.43603,1.5061,0.60093,19.678
0.3646,1.0322,0.56579,19.683
0.47336,0.70837,0.43062,19.688
0.41989,0.53066,0.19915,19.692
0.31244,0.42009,0.15649,19.697
0.25753,0.32136,0.24189,19.702
0.19705,0.32531,0.24422,19.707
0.1531,0.32531,0.23257,19.712
0.090668,0.349,0.16588,19.717
0.059322,0.38455,0.13684,19.722
0.047123,0.44378,0.14078,19.727
0.066579,0.52671,0.16342,19.731
0.098411,0.64124,0.17627,19.736
0.10372,0.79526,0.13367,19.741
0.07713,0.93347,0.080186,19.746
0.062359,1.0796,0.035619,19.751
0.082792,1.2613,0.025704,19.756
0.10734,1.4706,0.012866,19.761
0.16313,1.6325,0.032665,19.766
0.18262,1.6483,0.053969,19.771
0.16634,1.6246,0.059723,19.775
0.17802,1.4745,0.07316,19.78
0.20947,1.2613,0.098652,19.785
0.21615,1.0204,0.14444,19.79
0.23346,0.85054,0.23877,19.795
0.23202,0.75576,0.28675,19.8
0.21301,0.70048,0.24931,19.805
0.22621,0.69258,0.21188,19.81
0.24642,0.66888,0.20938,19.814
0.26639,0.65704,0.21478,19.819
0.26699,0.62149,0.19489,19.824
0.27619,0.60175,0.15686,19.829
0.28501,0.62544,0.1312,19.834
0.30978,0.65704,0.11098,19.839
0.31011,0.68073,0.099946,19.844
0.314,0.70443,0.10462,19.849
0.35426,0.73207,0.10495,19.854
0.35826,0.75971,0.10586,19.858
0.34699,0.7992,0.078708,19.863
0.33055,0.84659,0.089716,19.868
0.32273,0.89003,0.082187,19.873
0.29058,0.91768,0.079847,19.878
0.29412,0.94532,0.096105,19.883
0.25818,0.97691,0.085809,19.888
0.18234,0.96902,0.063439,19.893
0.1298,0.94137,0.069697,19.897
0.1133,0.90188,0.082809,19.902
0.093095,0.90978,0.084995,19.907
0.077027,0.91373,0.083628,19.912
0.048798,0.91373,0.084934,19.917
-0.007092,0.92558,0.068601,19.922
-0.067228,0.93742,0.059579,19.927
-0.075604,0.93347,0.070286,19.932
-0.075263,0.94137,0.058935,19.937
-0.087087,0.94927,0.050336,19.941
-0.11108,0.96507,0.044646,19.946
-0.11143,0.98086,0.05647,19.951
-0.063468,0.98086,0.06848,19.956
-0.035129,0.98876,0.063495,19.961
-0.011606,0.98876,0.084845,19.966
0.0042286,0.98876,0.093964,19.971
0.016848,0.99666,0.076024,19.976
0.02489,0.98086,0.076432,19.98
0.032695,0.97691,0.084749,19.985
0.048302,0.97297,0.10146,19.99
0.064029,0.96112,0.11418,19.995
0.08482,0.92953,0.092339,20
0.088839,0.92558,0.092622,20.005
0.10113,0.90978,0.085718,20.01
0.093332,0.89793,0.077086,20.015
0.0884,0.89003,0.10726,20.02
0.079434,0.90978,0.13762,20.024
0.074723,0.91768,0.16043,20.029
0.07,0.94532,0.18364,20.034
0.077562,0.96112,0.20002,20.039
0.074107,0.98481,0.18095,20.044
0.074321,1.0125,0.17383,20.049
0.058359,1.0322,0.16894,20.054
0.054103,1.048,0.17657,20.059
0.038717,1.0677,0.1525,20.063
0.026539,1.0914,0.15573,20.068
0.022626,1.1112,0.15192,20.073
0.026313,1.0835,0.16324,20.078
0.029517,1.0954,0.19069,20.083
0.025045,1.0875,0.20552,20.088
0.040542,1.0756,0.22591,20.093
0.057767,1.0598,0.18868,20.098
0.045955,1.048,0.17968,20.103
0.033902,1.0559,0.17876,20.107
0.021961,1.0677,0.17407,20.112
0.01829,1.0677,0.1622,20.117
-0.005122,1.0756,0.13717,20.122
-0.040693,1.0756,0.11474,20.127
-0.049085,1.0993,0.126,20.132
-0.07342,1.1112,0.13174,20.137
-0.073756,1.0954,0.14293,20.142
-0.093147,1.0954,0.11811,20.146
-0.12021,1.0717,0.080576,20.151
-0.088891,1.0796,0.11048,20.156
-0.075571,1.0519,0.20345,20.161
-0.015365,1.0954,0.34437,20.166
0.059657,1.1309,0.39414,20.171
0.11334,1.1744,0.34984,20.176
0.17219,1.2139,0.26745,20.181
0.21073,1.2494,0.19085,20.186
0.22944,1.2613,0.1043,20.19
0.25766,1.277,0.1033,20.195
0.30002,1.2613,0.033714,20.2
0.37809,1.202,-0.018144,20.205
0.48782,1.1586,-0.05145,20.21
0.56451,1.0993,-0.057273,20.215
0.5845,1.0677,-0.052259,20.22
0.52106,1.0362,-0.085527,20.225
0.4966,1.0677,-0.075557,20.229
0.52276,1.0559,-0.0080457,20.234
0.48076,1.048,0.049563,20.239
0.42704,1.0677,0.09513,20.244
0.39443,1.1072,0.10837,20.249
0.36605,1.1665,0.1147,20.254
0.39331,1.2415,0.14558,20.259
0.41682,1.2731,0.16756,20.264
0.45624,1.3481,0.19569,20.269
0.44773,1.3876,0.2111,20.273
0.45403,1.3995,0.2696,20.278
0.42889,1.3955,0.30188,20.283
0.35283,1.3639,0.28671,20.288
0.26485,1.3165,0.2663,20.293
0.19397,1.2573,0.21258,20.298
0.11874,1.1823,0.16969,20.303
0.06657,1.1191,0.16373,20.308
0.050375,1.1428,0.16659,20.312
0.047256,1.1823,0.13633,20.317
0.07111,1.206,0.14664,20.322
0.086827,1.2099,0.15967,20.327
0.098648,1.206,0.16835,20.332
0.11829,1.1783,0.18495,20.337
0.12634,1.1349,0.18481,20.342
0.13406,1.0796,0.19594,20.347
0.13686,1.0125,0.23716,20.352
0.13701,0.95322,0.23214,20.356
0.12085,0.90583,0.23359,20.361
0.10526,0.88214,0.21632,20.366
0.085325,0.83475,0.20974,20.371
0.06584,0.7992,0.18804,20.376
0.054276,0.75971,0.17082,20.381
0.030777,0.72022,0.14868,20.386
0.038615,0.66098,0.1559,20.391
0.022933,0.5978,0.14168,20.396
0.012847,0.58595,0.075143,20.4
0.0031027,0.56226,0.13149,20.405
-0.009148,0.51487,0.13714,20.41
-0.022204,0.46748,0.16963,20.415
-0.0028063,0.45563,0.19422,20.42
0.012937,0.41614,0.20639,20.425
0.028657,0.41614,0.21934,20.43
0.084329,0.38455,0.24296,20.435
0.11209,0.39639,0.25723,20.439
0.12802,0.42799,0.26314,20.444
0.1116,0.44773,0.2736,20.449
0.11583,0.47143,0.26676,20.454
0.10295,0.51487,0.2934,20.459
0.098221,0.55436,0.31684,20.464
0.086731,0.582,0.29713,20.469
0.062628,0.5899,0.29512,20.474
0.014658,0.5978,0.28326,20.479
0.0069661,0.6057,0.27119,20.483
-0.029075,0.62149,0.26441,20.488
-0.057642,0.60965,0.27699,20.493
-0.061997,0.5978,0.2879,20.498
-0.070264,0.6057,0.29501,20.503
-0.11469,0.63334,0.29926,20.508
-0.13088,0.65309,0.30204,20.513
-0.13975,0.70048,0.32912,20.518
-0.15195,0.76366,0.33313,20.522
-0.14926,0.86239,0.37766,20.527
-0.19314,0.93742,0.36367,20.532
-0.23275,0.98086,0.34174,20.537
-0.2323,0.99666,0.32671,20.542
-0.26398,1.0125,0.30879,20.547
-0.27178,1.0164,0.30048,20.552
-0.2915,0.98481,0.28653,20.557
-0.28782,0.96507,0.29801,20.562
-0.28058,0.94137,0.32511,20.566
-0.27816,0.92558,0.37887,20.571
-0.25133,0.94532,0.42399,20.576
-0.23217,0.95322,0.45664,20.581
-0.22406,1.0085,0.45463,20.586
-0.20472,1.0993,0.48127,20.591
-0.20913,1.1744,0.49391,20.596
-0.22478,1.2494,0.47862,20.601
-0.19488,1.3481,0.42174,20.605
-0.14569,1.4113,0.39281,20.61
-0.079989,1.51,0.35069,20.615
-0.035627,1.589,0.34857,20.62
0.031727,1.593,0.38548,20.625
0.058066,1.4824,0.44719,20.63
0.063541,1.3323,0.53315,20.635
0.046892,1.1349,0.68542,20.64
0.021369,0.99666,0.865,20.645
0.053311,0.90583,1.0084,20.649
0.12146,0.92953,1.0188,20.654
0.2677,1.0677,0.84243,20.659
0.47562,1.3047,0.62354,20.664
0.68386,1.6048,0.39441,20.669
0.82485,1.8694,0.25852,20.674
0.86061,1.9681,0.14062,20.679
0.86584,2.0471,0.10036,20.684
0.75426,1.9405,0.061254,20.688
0.57383,1.6127,0.034614,20.693
0.47641,1.2257,0.060419,20.698
0.40644,0.96902,0.11054,20.703
0.2917,0.75971,0.1768,20.708
0.17644,0.65704,0.12591,20.713
0.077573,0.57805,0.065424,20.718
0.024378,0.49117,0.093519,20.723
-0.035308,0.49907,0.20371,20.728
-0.043489,0.53461,0.34216,20.732
-0.016228,0.6136,0.37312,20.737
0.013223,0.68863,0.33111,20.742
0.095242,0.74392,0.2819,20.747
0.079855,0.76366,0.25783,20.752
0.09752,0.78341,0.20596,20.757
0.08673,0.79526,0.16291,20.762
0.075144,0.79131,0.1464,20.767
0.12312,0.77551,0.1581,20.771
0.14697,0.79526,0.16833,20.776
0.23141,0.83475,0.17288,20.781
0.34529,0.95717,0.13557,20.786
0.45052,1.1388,0.1179,20.791
0.45575,1.2297,0.077872,20.796
0.42668,1.281,0.10706,20.801
0.38512,1.3086,0.15003,20.806
0.32267,1.3521,0.21836,20.811
0.19219,1.3758,0.13785,20.815
0.10041,1.3442,0.10973,20.82
-0.009221,1.2139,0.13957,20.825
-0.026934,1.0835,0.19307,20.83
-0.042715,0.99271,0.18214,20.835
-0.081231,0.93347,0.12363,20.84
-0.088761,0.86239,0.10615,20.845
-0.064628,0.80315,0.10713,20.85
-0.056926,0.77946,0.11889,20.854
-0.0082658,0.77156,0.10773,20.859
0.056227,0.76761,0.10576,20.864
0.065181,0.76761,0.075793,20.869
0.069214,0.73997,0.075603,20.874
0.057517,0.72812,0.062774,20.879
0.053397,0.70837,0.065855,20.884
0.053287,0.70048,0.069533,20.889
0.057407,0.72022,0.066452,20.894
0.061157,0.77946,0.075668,20.898
0.073072,0.81105,0.081219,20.903
0.076506,0.8229,0.101,20.908
0.08417,0.86239,0.11402,20.913
0.072341,0.87819,0.10558,20.918
0.044678,0.89398,0.088015,20.923
0.028371,0.91373,0.094636,20.928
0.017003,0.92953,0.070849,20.933
0.020569,0.91373,0.08624,20.938
0.024698,0.91768,0.082844,20.942
0.015862,0.91373,0.1089,20.947
0.016097,0.90583,0.10107,20.952
0.0040527,0.89793,0.099825,20.957
0.012207,0.88609,0.096475,20.962
0.0084214,0.88609,0.088441,20.967
0.019895,0.88609,0.10871,20.972
0.035279,0.87029,0.13286,20.977
0.039429,0.8387,0.12875,20.981
0.043563,0.83475,0.1252,20.986
0.043232,0.81105,0.13623,20.991
0.034621,0.815,0.15477,20.996
0.030727,0.80315,0.15034,21.001
0.026814,0.8229,0.14653,21.006
0.042767,0.81895,0.15174,21.011
0.038281,0.83475,0.16703,21.016
0.054109,0.84659,0.17639,21.021
0.073603,0.86634,0.19777,21.025
0.069457,0.89003,0.20172,21.03
0.081623,0.88609,0.19889,21.035
0.098811,0.93347,0.16292,21.04
0.1159,0.95717,0.13031,21.045
0.088441,1.0125,0.10586,21.05
0.069727,1.0362,0.058493,21.055
0.054444,1.0756,0.030981,21.06
0.038029,1.0835,0.041201,21.064
0.021031,1.1033,0.07084,21.069
0.0080447,1.1309,0.101,21.074
-0.0086006,1.1388,0.11889,21.079
-0.0089601,1.1625,0.13087,21.084
-0.012873,1.1823,0.12707,21.089
-0.016657,1.1783,0.11896,21.094
-0.033065,1.1744,0.12894,21.099
-0.033063,1.1704,0.12886,21.104
-0.045236,1.1862,0.13193,21.108
-0.057043,1.1665,0.12278,21.113
-0.088706,1.1546,0.1043,21.118
-0.137,1.127,0.10325,21.123
-0.1643,1.1112,0.073551,21.128
-0.16463,1.0796,0.08443,21.133
-0.15761,1.0519,0.11913,21.138
-0.128,1.0322,0.20603,21.143
-0.082805,1.0441,0.31034,21.147
-0.0044528,1.0717,0.38334,21.152
0.082733,1.1072,0.43037,21.157
0.19081,1.1428,0.45234,21.162
0.24335,1.1665,0.44601,21.167
0.35693,1.2099,0.41863,21.172
0.43965,1.2534,0.34616,21.177
0.52352,1.2849,0.2351,21.182
0.56323,1.3007,0.11974,21.187
0.61042,1.2692,0.023342,21.191
0.6286,1.1981,-0.045684,21.196
0.60214,1.1151,-0.10358,21.201
0.54229,1.0322,-0.12216,21.206
0.50411,0.97691,-0.057464,21.211
0.48048,0.94927,0.059103,21.216
0.45247,0.93742,0.18713,21.221
0.40081,0.95717,0.29828,21.226
0.31851,0.99271,0.35698,21.23
0.31121,1.0993,0.46616,21.235
0.25622,1.1467,0.41984,21.24
0.23079,1.2652,0.3276,21.245
0.24794,1.3758,0.29289,21.25
0.25868,1.4587,0.33783,21.255
0.25853,1.514,0.34277,21.26
0.21742,1.5495,0.37055,21.265
0.12587,1.5219,0.33483,21.27
0.067041,1.4666,0.28227,21.274
0.023233,1.4232,0.26592,21.279
-0.032643,1.4113,0.24912,21.284
-0.047656,1.3837,0.21259,21.289
-0.059467,1.3718,0.2036,21.294
-0.043391,1.3521,0.20465,21.299
-0.014694,1.3402,0.18776,21.304
0.0095307,1.3205,0.1857,21.309
0.017935,1.277,0.17405,21.313
0.025669,1.1981,0.18471,21.318
0.026299,1.1072,0.16371,21.323
0.026001,1.0283,0.17365,21.328
0.026025,0.98876,0.17286,21.333
0.025247,0.94137,0.19877,21.338
0.016905,0.88214,0.20837,21.343
0.0084379,0.8387,0.22213,21.348
-0.019988,0.78341,0.23,21.353
-0.027993,0.73602,0.22834,21.357
-0.023492,0.69653,0.21256,21.362
-0.023704,0.66493,0.21961,21.367
-0.031734,0.66098,0.21881,21.372
-0.015203,0.65309,0.20475,21.377
-0.0070535,0.64914,0.20156,21.382
-0.010595,0.62544,0.18538,21.387
-0.0096556,0.59385,0.15406,21.392
0.019271,0.582,0.1295,21.396
0.051763,0.55436,0.12033,21.401
0.068519,0.55436,0.098755,21.406
0.080366,0.50697,0.10657,21.411
0.091865,0.46353,0.12597,21.416
0.098754,0.45168,0.16482,21.421
0.089113,0.44773,0.21772,21.426
0.10025,0.43588,0.24926,21.431
0.091875,0.42799,0.25989,21.436
0.087043,0.44378,0.2867,21.44
0.091055,0.45168,0.28722,21.445
0.054674,0.45958,0.29179,21.45
0.022884,0.46748,0.27755,21.455
0.010595,0.48327,0.28445,21.46
-0.0019211,0.49512,0.29895,21.465
-0.017636,0.48722,0.28584,21.47
-0.045396,0.47143,0.27148,21.475
-0.065933,0.46353,0.28486,21.479
-0.066724,0.43983,0.31125,21.484
-0.083245,0.43194,0.32499,21.489
-0.075111,0.45563,0.32235,21.494
-0.09073,0.47933,0.30603,21.499
-0.093969,0.52671,0.27976,21.504
-0.089852,0.55041,0.27676,21.509
-0.098618,0.62149,0.30047,21.514
-0.08682,0.65704,0.30994,21.519
-0.067247,0.73602,0.32866,21.523
-0.052027,0.80315,0.3583,21.528
-0.059651,0.89003,0.34397,21.533
-0.066453,0.94927,0.30223,21.538
-0.070613,0.99666,0.30665,21.543
-0.091989,1.0441,0.34798,21.548
-0.089603,1.0756,0.40268,21.553
-0.094232,1.1388,0.42276,21.558
-0.085303,1.1783,0.39358,21.562
-0.075347,1.2336,0.33019,21.567
-0.066448,1.3244,0.30204,21.572
-0.061817,1.4508,0.2819,21.577
-0.029231,1.6522,0.26963,21.582
-0.035608,1.7707,0.21372,21.587
-0.098935,1.9405,0.1768,21.592
-0.15556,2.0195,0.18482,21.597
-0.19171,2.0274,0.18173,21.602
-0.21984,1.8694,0.17988,21.606
-0.25735,1.6404,0.22193,21.611
-0.24527,1.3876,0.35645,21.616
-0.26319,1.1862,0.55083,21.621
-0.34525,0.99666,0.73584,21.626
-0.47481,0.78341,0.89301,21.631
-0.44861,0.69258,1.0936,21.636
-0.33456,0.72022,1.0505,21.641
-0.1258,0.90188,0.8037,21.646
0.16875,1.1783,0.51646,21.65
0.31395,1.3284,0.37482,21.655
0.60021,1.6167,0.2294,21.66
0.82806,1.8971,0.15165,21.665
0.9705,2.0234,0.23624,21.67
0.93011,2.0155,0.24014,21.675
0.77923,1.7865,0.30276,21.68
0.74779,1.3876,0.4112,21.685
0.6641,1.0559,0.38165,21.689
0.48736,0.73602,0.2324,21.694
0.39239,0.47143,0.17625,21.699
0.24524,0.36085,0.11464,21.704
0.13338,0.31346,0.084388,21.709
0.070977,0.27397,0.15107,21.714
0.020559,0.33321,0.2208,21.719
0.015429,0.46353,0.25757,21.724
-0.012737,0.55041,0.25677,21.729
-0.032791,0.69653,0.25404,21.733
-0.039302,0.84659,0.2026,21.738
-0.048885,0.95717,0.11933,21.743
-0.052028,1.0362,0.089849,21.748
-0.055662,1.1665,0.076741,21.753
-0.093829,1.2928,0.0065936,21.758
-0.089968,1.36,0.01213,21.763
-0.025491,1.3837,0.010714,21.768
0.046591,1.3521,0.024263,21.772
0.12259,1.2968,0.041537,21.777
0.16589,1.2178,0.074628,21.782
0.21735,1.1349,0.10453,21.787
0.22806,1.0638,0.15023,21.792
0.23966,1.0401,0.16619,21.797
0.22743,0.96112,0.1712,21.802
0.19889,0.90583,0.18291,21.807
0.20696,0.83475,0.18222,21.812
0.1992,0.77946,0.17272,21.816
0.17122,0.74787,0.16572,21.821
0.15551,0.72812,0.15237,21.826
0.18032,0.69258,0.13081,21.831
0.20073,0.71232,0.12151,21.836
0.20508,0.73207,0.11075,21.841
0.21357,0.74787,0.096446,21.846
0.22228,0.76761,0.074545,21.851
0.20596,0.79526,0.081323,21.855
0.22191,0.81105,0.08692,21.86
0.21008,0.81895,0.078321,21.865
0.16624,0.83475,0.063151,21.87
0.14982,0.84659,0.07345,21.875
0.13776,0.87029,0.072839,21.88
0.093109,0.88609,0.084523,21.885
0.072898,0.90978,0.087024,21.89
0.061091,0.89003,0.077874,21.895
0.013231,0.90583,0.062342,21.899
-0.031293,0.90583,0.069875,21.904
-0.018666,0.90188,0.051699,21.909
-0.039434,0.89398,0.072752,21.914
-0.052396,0.88214,0.10212,21.919
-0.088085,0.88609,0.083602,21.924
-0.099882,0.85054,0.074136,21.929
-0.085651,0.85844,0.0024881,21.934
-0.082791,0.86634,0.04137,21.938
-0.07407,0.87029,0.019154,21.943
-0.082795,0.87424,0.041528,21.948
-0.075681,0.87029,0.072862,21.953
-0.059498,0.86634,0.070393,21.958
-0.03965,0.87029,0.079952,21.963
-0.015336,0.89398,0.074921,21.968
-0.0029488,0.90583,0.064733,21.973
0.0089661,0.93742,0.070283,21.978
0.016541,0.93347,0.086273,21.982
0.048429,0.95322,0.097231,21.987
0.051752,0.95717,0.12069,21.992
0.063801,0.95717,0.12177,21.997
-0.0045931,0.96112,0.11954,22.002
0.047396,0.94927,0.13168,22.007
0.051062,0.95717,0.14371,22.012
0.058876,0.93742,0.15171,22.017
0.058193,0.92558,0.17449,22.021
0.071296,0.89398,0.14042,22.026
0.06833,0.87029,0.10506,22.031
0.068328,0.87424,0.10514,22.036
0.064074,0.88609,0.11268,22.041
0.052124,0.91373,0.10831,22.046
0.044659,0.92558,0.088646,22.051
0.019866,0.93347,0.10965,22.056
0.022936,0.97691,0.14157,22.061
0.034501,1.0164,0.15879,22.065
0.013132,1.0519,0.19989,22.07
0.013008,1.0677,0.20404,22.075
0.016653,1.1112,0.21678,22.08
0.029129,1.1665,0.20362,22.085
0.02085,1.1941,0.21112,22.09
-0.0025766,1.2257,0.18656,22.095
-0.021406,1.2494,0.14303,22.1
-0.053302,1.2415,0.13231,22.104
-0.077399,1.2415,0.13014,22.109
-0.15061,1.2297,0.15409,22.114
-0.20052,1.2218,0.20714,22.119
-0.22095,1.2257,0.21692,22.124
-0.24034,1.2257,0.19209,22.129
-0.24767,1.206,0.16796,22.134
-0.21885,1.1823,0.147,22.139
-0.19888,1.1665,0.15233,22.144
-0.17819,1.1112,0.13385,22.148
-0.15764,1.0954,0.12,22.153
-0.10703,1.0756,0.17801,22.158
-0.066543,1.0993,0.30522,22.163
-0.0034784,1.1744,0.35086,22.168
0.094834,1.2336,0.2955,22.173
0.20672,1.2455,0.19041,22.178
0.33007,1.2652,0.10574,22.183
0.42037,1.2928,0.049025,22.188
0.49429,1.2731,0.001429,22.192
0.52392,1.2336,-0.0467,22.197
0.56435,1.1744,-0.05194,22.202
0.60364,1.0914,-0.019289,22.207
0.61494,1.0046,0.0069167,22.212
0.6505,1.0164,0.029588,22.217
0.62964,0.96507,0.053611,22.222
0.58114,0.90978,0.059679,22.227
0.52035,0.85844,0.072415,22.231
0.43568,0.8308,0.075782,22.236
0.34629,0.81895,0.10212,22.241
0.27319,0.81895,0.12247,22.246
0.22074,0.8308,0.12568,22.251
0.20832,0.87819,0.13705,22.256
0.20391,0.96112,0.14985,22.261
0.20328,1.0559,0.17092,22.266
0.16718,1.1586,0.16588,22.271
0.15691,1.2573,0.24002,22.275
0.088294,1.4311,0.24501,22.28
0.04396,1.4982,0.24621,22.285
-0.00051584,1.6088,0.25211,22.29
-0.10785,1.6917,0.20564,22.295
-0.15973,1.7115,0.18983,22.3
-0.21158,1.6799,0.17299,22.305
-0.22381,1.6048,0.17808,22.31
-0.21239,1.4864,0.19982,22.314
-0.16398,1.3205,0.19701,22.319
-0.078517,1.1862,0.1674,22.324
-0.034161,1.0835,0.16549,22.329
0.011338,0.99271,0.12546,22.334
0.035251,0.91768,0.1338,22.339
0.079463,0.86239,0.13667,22.344
0.1076,0.8308,0.13857,22.349
0.13974,0.815,0.14115,22.354
0.15639,0.78736,0.12286,22.358
0.14482,0.76761,0.10604,22.363
0.15309,0.75576,0.098854,22.368
0.14851,0.72812,0.11712,22.373
0.15208,0.70443,0.13236,22.378
0.14796,0.68073,0.13536,22.383
0.12767,0.65704,0.14075,22.388
0.12296,0.65704,0.16341,22.393
0.10644,0.64124,0.17699,22.397
0.098314,0.60965,0.17948,22.402
0.089486,0.59385,0.20529,22.407
0.072509,0.57805,0.23422,22.412
0.079623,0.5741,0.26556,22.417
0.082825,0.5899,0.29309,22.422
0.062868,0.5741,0.28713,22.427
0.070668,0.57805,0.2956,22.432
0.074221,0.582,0.31139,22.437
0.062278,0.5978,0.30678,22.441
0.041847,0.6057,0.31664,22.446
0.022214,0.62544,0.29988,22.451
-0.0065979,0.63729,0.32061,22.456
-0.038042,0.64519,0.29485,22.461
-0.065926,0.64519,0.28465,22.466
-0.10172,0.63729,0.26973,22.471
-0.13397,0.64519,0.27083,22.476
-0.1731,0.63729,0.23254,22.48
-0.19282,0.6136,0.21875,22.485
-0.2216,0.57805,0.23853,22.49
-0.22998,0.582,0.24939,22.495
-0.24617,0.59385,0.25202,22.5
-0.23848,0.5978,0.26433,22.505
-0.23505,0.6057,0.28403,22.51
-0.22633,0.62149,0.26205,22.515
-0.23484,0.64124,0.27706,22.52
-0.20997,0.70048,0.25356,22.524
-0.1813,0.73602,0.23762,22.529
-0.15643,0.78341,0.21388,22.534
-0.14393,0.81105,0.20017,22.539
-0.11148,0.85054,0.19234,22.544
-0.12504,0.87424,0.2416,22.549
-0.10384,0.90583,0.34031,22.554
-0.10273,0.94927,0.43744,22.559
-0.084041,0.97297,0.48576,22.563
-0.069164,1.0362,0.52683,22.568
-0.048198,1.0954,0.49913,22.573
-0.030322,1.1467,0.44021,22.578
-0.022226,1.2336,0.43883,22.583
-0.02939,1.3205,0.40915,22.588
-0.031753,1.4429,0.35369,22.593
-0.033412,1.5416,0.27473,22.598
-0.019449,1.6127,0.21202,22.603
-0.012006,1.6364,0.2324,22.607
-0.034006,1.5732,0.29455,22.612
-0.075937,1.4508,0.34987,22.617
-0.15411,1.2968,0.40515,22.622
-0.25685,1.1586,0.47392,22.627
-0.33347,1.0914,0.47722,22.632
-0.47614,0.94532,0.53454,22.637
-0.57555,0.8071,0.62669,22.642
-0.59836,0.75181,0.71585,22.646
-0.55142,0.72812,0.76192,22.651
-0.40997,0.80315,0.74537,22.656
-0.2019,0.96112,0.65571,22.661
0.00073023,1.2178,0.47905,22.666
0.20287,1.5258,0.31876,22.671
0.39597,1.7746,0.1911,22.676
0.6187,1.9879,0.15002,22.681
0.64586,2.0629,0.0501,22.686
0.59759,1.9958,0.04826,22.69
0.50626,1.7707,0.1394,22.695
0.46566,1.514,0.28448,22.7
0.43176,1.3916,0.34052,22.705
0.37536,1.0993,0.34114,22.71
0.42449,0.89793,0.31461,22.715
0.39164,0.75971,0.20118,22.72
0.30862,0.66888,0.14958,22.725
0.23099,0.57805,0.18694,22.729
0.1219,0.51092,0.19886,22.734
0.073362,0.49907,0.20579,22.739
0.005071,0.52277,0.20012,22.744
-0.031459,0.58595,0.20964,22.749
-0.038045,0.66888,0.1607,22.754
-0.037737,0.73207,0.15045,22.759
-0.041333,0.7992,0.13608,22.764
-0.060649,0.86634,0.10876,22.769
-0.048147,0.87819,0.094732,22.773
-0.022586,0.93347,0.048131,22.778
0.058378,1.0204,0.034076,22.783
0.13174,1.1586,0.0049759,22.788
0.25226,1.2928,0.014662,22.793
0.34022,1.3837,0.035935,22.798
0.3829,1.3876,0.089862,22.803
0.39738,1.3481,0.14423,22.808
0.3639,1.2968,0.18635,22.812
0.31508,1.1862,0.20282,22.817
0.2665,1.0638,0.21139,22.822
0.23338,0.98876,0.24153,22.827
0.20131,0.87819,0.23643,22.832
0.18554,0.77946,0.22534,22.837
0.19806,0.74787,0.21045,22.842
0.20304,0.68468,0.17886,22.847
0.2034,0.65704,0.1668,22.852
0.2034,0.66098,0.16688,22.856
0.21626,0.65309,0.14095,22.861
0.2283,0.65704,0.14212,22.866
0.27304,0.68073,0.12738,22.871
0.29346,0.70443,0.11815,22.876
0.28127,0.74787,0.12177,22.881
0.25783,0.79131,0.097452,22.886
0.20137,0.7992,0.10022,22.891
0.18988,0.8308,0.080586,22.896
0.17,0.87424,0.071973,22.9
0.13706,0.88214,0.096093,22.905
0.12099,0.89003,0.094804,22.91
0.093116,0.87424,0.084287,22.915
0.06832,0.88609,0.10537,22.92
0.052373,0.88214,0.10001,22.925
0.012668,0.88609,0.08113,22.93
-0.019338,0.87029,0.074087,22.935
-0.063973,0.86239,0.085298,22.939
-0.091976,0.87029,0.079089,22.944
-0.099441,0.88214,0.059421,22.949
-0.12389,0.89003,0.068919,22.954
-0.11196,0.89398,0.073918,22.959
-0.12472,0.92558,0.096482,22.964
-0.10889,0.94532,0.10599,22.969
-0.096157,0.95322,0.084218,22.974
-0.080447,0.96902,0.097488,22.979
-0.06461,0.96507,0.10653,22.983
-0.057157,0.97297,0.12659,22.988
-0.042022,0.98876,0.15904,22.993
-0.038224,0.96902,0.16668,22.998
-0.046024,0.96507,0.15821,23.003
-0.05428,0.95322,0.16492,23.008
-0.062547,0.96112,0.17203,23.013
-0.054966,0.94532,0.18778,23.018
-0.055177,0.91373,0.19482,23.022
-0.051494,0.89398,0.2063,23.027
-0.02326,0.88609,0.20484,23.032
-0.03448,0.84659,0.17611,23.037
-0.026095,0.83475,0.16509,23.042
-0.0049707,0.8229,0.13213,23.047
-0.004858,0.82685,0.12837,23.052
-0.00095918,0.8308,0.13265,23.057
0.0035033,0.85449,0.11814,23.062
0.010937,0.89398,0.13883,23.066
0.018145,0.92558,0.16704,23.071
0.028911,0.95322,0.21087,23.076
0.028648,1.0085,0.21965,23.081
0.044023,1.0085,0.24411,23.086
0.04709,1.0559,0.27611,23.091
0.043508,1.0993,0.26127,23.096
0.043846,1.1112,0.25,23.101
0.033061,1.1151,0.20679,23.105
0.016981,1.1388,0.20582,23.11
-0.013768,1.1388,0.15689,23.115
-0.033971,1.1507,0.15916,23.12
-0.065181,1.1507,0.12558,23.125
-0.11235,1.1586,0.086868,23.13
-0.15653,1.1625,0.082971,23.135
-0.21816,1.1704,0.12374,23.14
-0.26395,1.1823,0.17371,23.145
-0.30113,1.1783,0.20491,23.149
-0.30836,1.1823,0.17741,23.154
-0.2635,1.1941,0.1586,23.159
-0.23101,1.1744,0.14959,23.164
-0.18889,1.1467,0.22207,23.169
-0.13498,1.1744,0.30441,23.174
-0.063631,1.2139,0.34239,23.179
0.02173,1.2415,0.31601,23.184
0.14381,1.281,0.27393,23.188
0.20852,1.2849,0.26445,23.193
0.3064,1.3007,0.22357,23.198
0.36457,1.3323,0.16404,23.203
0.39143,1.3284,0.074058,23.208
0.42129,1.2928,0.018334,23.213
0.44163,1.2534,0.011681,23.218
0.47747,1.1823,0.025026,23.223
0.53019,1.1112,0.012962,23.228
0.56213,1.0322,0.021951,23.232
0.55837,0.98876,0.01305,23.237
0.52513,0.92558,0.047261,23.242
0.48775,0.86634,0.085026,23.247
0.43384,0.81895,0.13693,23.252
0.36442,0.80315,0.16883,23.257
0.3315,0.78736,0.19248,23.262
0.29891,0.79131,0.20501,23.267
0.27672,0.8387,0.2732,23.271
0.28024,0.90583,0.29025,23.276
0.26849,0.98876,0.27931,23.281
0.20153,1.0875,0.2291,23.286
0.14662,1.1981,0.18021,23.291
0.089286,1.3126,0.21196,23.296
0.058224,1.4311,0.3077,23.301
-0.030194,1.5298,0.30171,23.306
-0.11779,1.6088,0.26848,23.311
-0.1815,1.6483,0.2443,23.315
-0.19239,1.6364,0.20462,23.32
-0.15554,1.6048,0.18423,23.325
-0.15128,1.589,0.1766,23.33
-0.10683,1.5179,0.17149,23.335
-0.062822,1.4192,0.18117,23.34
-0.022485,1.3205,0.17897,23.345
-0.0059,1.2218,0.16311,23.35
0.010685,1.123,0.14724,23.354
0.043078,1.0677,0.14135,23.359
0.04747,1.0164,0.12918,23.364
0.067592,0.94927,0.12965,23.369
0.071991,0.88609,0.11724,23.374
0.067548,0.8308,0.13112,23.379
0.051281,0.78341,0.1364,23.384
0.043047,0.73602,0.14241,23.389
0.055009,0.68863,0.14638,23.394
0.059403,0.63334,0.13413,23.398
0.051716,0.63334,0.1219,23.403
0.034862,0.6057,0.14676,23.408
0.035104,0.58595,0.13869,23.413
0.03443,0.55831,0.16116,23.418
0.018024,0.55041,0.17107,23.423
0.030188,0.55041,0.16831,23.428
0.049579,0.55041,0.19314,23.433
0.065534,0.54251,0.19826,23.438
0.10134,0.54251,0.21303,23.442
0.10444,0.53461,0.24392,23.447
0.11544,0.55436,0.27992,23.452
0.12668,0.56226,0.30802,23.457
0.14664,0.55831,0.31359,23.462
0.13034,0.5741,0.32013,23.467
0.11038,0.55436,0.31409,23.472
0.090655,0.54251,0.30054,23.477
0.063338,0.55831,0.27147,23.481
0.035106,0.56226,0.27285,23.486
0.014792,0.56621,0.2788,23.491
-0.013536,0.53856,0.28339,23.496
-0.053351,0.53461,0.26819,23.501
-0.073322,0.54251,0.2627,23.506
-0.10177,0.53066,0.27144,23.511
-0.11451,0.52671,0.2933,23.516
-0.15434,0.54251,0.27849,23.521
-0.17043,0.582,0.27783,23.525
-0.17882,0.6136,0.28925,23.53
-0.1993,0.69653,0.3006,23.535
-0.19931,0.72022,0.30107,23.54
-0.19521,0.77156,0.29862,23.545
-0.1824,0.84264,0.27427,23.55
-0.16991,0.87029,0.26056,23.555
-0.16225,0.91768,0.27374,23.56
-0.15136,0.93742,0.31358,23.564
-0.14438,0.96112,0.3493,23.569
-0.12523,0.97297,0.38204,23.574
-0.11421,0.96902,0.41757,23.579
-0.1038,1.0046,0.47307,23.584
-0.077329,1.0638,0.53049,23.589
-0.078402,1.127,0.56628,23.594
-0.10243,1.1981,0.56169,23.599
-0.15743,1.2652,0.51577,23.604
-0.092545,1.3758,0.50074,23.608
-0.15891,1.4469,0.4308,23.613
-0.1989,1.5693,0.28732,23.618
-0.19469,1.6483,0.14695,23.623
-0.21785,1.6246,0.11362,23.628
-0.24477,1.5258,0.20539,23.633
-0.25285,1.3995,0.34061,23.638
-0.31495,1.2178,0.39679,23.643
-0.36143,1.0362,0.46975,23.647
-0.38786,0.89398,0.54531,23.652
-0.42842,0.77946,0.55475,23.657
-0.49333,0.70837,0.57057,23.662
-0.49524,0.63334,0.63429,23.667
-0.44614,0.64519,0.74281,23.672
-0.34933,0.71627,0.73755,23.677
-0.28742,0.81105,0.68732,23.682
-0.075806,1.0204,0.47975,23.687
0.1649,1.3126,0.24184,23.691
0.42327,1.6246,0.086694,23.696
0.68512,1.8418,0.083831,23.701
0.88653,1.9839,0.21635,23.706
0.7706,2.0392,0.18779,23.711
0.62241,1.9129,0.16039,23.716
0.67535,1.672,0.1411,23.721
0.698,1.3995,0.19154,23.726
0.69903,1.1902,0.29131,23.73
0.55613,1.0717,0.22223,23.735
0.40137,1.0006,0.14533,23.74
0.27645,0.93347,0.14813,23.745
0.20373,0.88214,0.15595,23.75
0.072945,0.81105,0.21969,23.755
-0.020883,0.73997,0.25983,23.76
-0.056553,0.71232,0.24068,23.765
-0.051942,0.68073,0.22123,23.77
-0.0439,0.66493,0.22164,23.774
-0.051676,0.62149,0.21237,23.779
-0.083917,0.6136,0.21316,23.784
-0.059577,0.59385,0.20726,23.789
-0.022731,0.57805,0.18718,23.794
0.04335,0.6136,0.13229,23.799
0.12054,0.68863,0.10997,23.804
0.20594,0.83475,0.082111,23.809
0.29083,1.0677,0.071331,23.813
0.3145,1.2099,0.087845,23.818
0.35874,1.2968,0.089717,23.823
0.34183,1.3679,0.11654,23.828
0.34915,1.3995,0.14091,23.833
0.3285,1.3955,0.15821,23.838
0.30752,1.3639,0.18646,23.843
0.16354,1.3086,0.15317,23.848
0.13893,1.1941,0.16789,23.853
0.14257,1.0559,0.18084,23.857
0.12702,0.97297,0.1624,23.862
0.11547,0.90978,0.14471,23.867
0.12059,0.79131,0.10818,23.872
0.14061,0.70443,0.11209,23.877
0.1653,0.66888,0.094369,23.882
0.18574,0.65704,0.084432,23.887
0.19733,0.64519,0.10062,23.892
0.18931,0.63334,0.099666,23.896
0.17369,0.64519,0.083111,23.901
0.13776,0.67678,0.072815,23.906
0.097682,0.72417,0.066309,23.911
0.074136,0.76366,0.045747,23.916
0.069291,0.80315,0.073027,23.921
0.056626,0.87029,0.092463,23.926
0.048587,0.88214,0.091977,23.931
0.039044,0.90583,0.1416,23.936
0.036056,0.91768,0.10695,23.94
0.019986,0.92558,0.10566,23.945
0.0035829,0.91373,0.11549,23.95
-0.016264,0.90583,0.10585,23.955
-0.024637,0.89793,0.11648,23.96
-0.019796,0.86634,0.089353,23.965
-0.027474,0.85054,0.076806,23.97
-0.035732,0.84264,0.083598,23.975
-0.043995,0.84264,0.090548,23.979
-0.028279,0.85054,0.10366,23.984
-0.012902,0.84659,0.12805,23.989
0.011191,0.85449,0.13037,23.994
0.0034891,0.87819,0.11861,23.999
0.019895,0.88609,0.10871,24.004
0.01931,0.90188,0.1282,24.009
0.015171,0.91373,0.13191,24.014
-0.0095017,0.91373,0.14893,24.019
-0.025574,0.92558,0.14772,24.023
-0.029254,0.94137,0.13616,24.028
-0.021682,0.94137,0.15223,24.033
-0.025123,0.94137,0.13269,24.038
-0.033273,0.94532,0.13588,24.043
-0.028916,0.95322,0.12489,24.048
-0.032813,0.94532,0.12053,24.053
-0.024545,0.93742,0.11343,24.058
-0.024209,0.95322,0.10223,24.062
-0.024557,0.95717,0.11382,24.067
-0.032026,0.97691,0.094311,24.072
-0.044195,0.98481,0.09722,24.077
-0.037538,0.97691,0.14382,24.082
-0.01839,0.99666,0.17671,24.087
-0.011961,0.98481,0.23091,24.092
-0.020001,0.99666,0.23042,24.097
-0.0078392,1.0006,0.22775,24.102
-0.007851,1.0204,0.22814,24.106
0.0014381,1.0362,0.18698,24.111
0.025524,1.0559,0.18954,24.116
0.021839,1.0796,0.17815,24.121
0.03032,1.0993,0.16392,24.126
0.028934,1.1072,0.21011,24.131
-0.0032033,1.1191,0.20745,24.136
-0.043495,1.1428,0.20815,24.141
-0.07528,1.1428,0.19375,24.146
-0.095606,1.1665,0.20009,24.15
-0.12005,1.1665,0.20943,24.155
-0.14415,1.1704,0.20734,24.16
-0.13989,1.1467,0.19955,24.165
-0.14379,1.1507,0.19543,24.17
-0.12715,1.1428,0.17754,24.175
-0.10798,1.127,0.20972,24.18
-0.069524,1.0993,0.27033,24.185
-0.044522,1.1072,0.3766,24.189
-0.0029006,1.1507,0.46584,24.194
0.050213,1.1823,0.44048,24.199
0.12375,1.2218,0.40557,24.204
0.23895,1.2455,0.3241,24.209
0.36163,1.2494,0.26213,24.214
0.4321,1.2297,0.19499,24.219
0.46265,1.1981,0.11633,24.224
0.46038,1.1665,0.057792,24.229
0.47741,1.0914,0.02705,24.233
0.4694,1.0598,0.025697,24.238
0.48906,0.99271,0.041511,24.243
0.48141,0.92953,0.028018,24.248
0.46916,0.87424,0.033504,24.253
0.44474,0.8387,0.042135,24.258
0.39207,0.8308,0.052624,24.263
0.31587,0.8387,0.042077,24.268
0.25184,0.85054,0.028857,24.272
0.20739,0.90978,0.033735,24.277
0.21389,0.97691,0.08567,24.282
0.22864,1.048,0.13073,24.287
0.27115,1.1546,0.19054,24.292
0.29013,1.2692,0.22916,24.297
0.28948,1.3837,0.25063,24.302
0.28458,1.5219,0.27988,24.307
0.25173,1.5732,0.30103,24.312
0.2107,1.672,0.32624,24.316
0.1067,1.7312,0.30268,24.321
0.0078778,1.7746,0.2408,24.326
-0.098699,1.7391,0.16895,24.331
-0.18253,1.6601,0.14444,24.336
-0.24719,1.5535,0.15187,24.341
-0.28315,1.435,0.14242,24.346
-0.25898,1.3126,0.14214,24.351
-0.20658,1.1862,0.14049,24.355
-0.18231,1.0993,0.13709,24.36
-0.13764,1.0362,0.12446,24.365
-0.085506,0.98086,0.13189,24.37
-0.053239,0.94532,0.13024,24.375
-0.029238,0.91373,0.13561,24.38
0.0025755,0.86634,0.14907,24.385
0.034156,0.8229,0.17027,24.39
0.049893,0.79526,0.18268,24.395
0.057822,0.77551,0.18684,24.399
0.08685,0.78736,0.15892,24.404
0.12096,0.75181,0.095884,24.409
0.14966,0.72417,0.078681,24.414
0.18217,0.68073,0.069197,24.419
0.17864,0.63334,0.052546,24.424
0.16557,0.5978,0.085279,24.429
0.15135,0.5741,0.15661,24.434
0.13277,0.55436,0.23917,24.438
0.13587,0.54251,0.26999,24.443
0.1563,0.53461,0.26013,24.448
0.15677,0.52277,0.24455,24.453
0.13705,0.49907,0.23076,24.458
0.12099,0.48327,0.229,24.463
0.10319,0.50697,0.28557,24.468
0.12945,0.51487,0.34964,24.473
0.096403,0.51487,0.37744,24.478
0.089162,0.53856,0.35033,24.482
0.086418,0.52671,0.30753,24.487
0.063124,0.53066,0.27859,24.492
0.035574,0.55041,0.25727,24.497
-0.012284,0.56226,0.24166,24.502
-0.036962,0.57015,0.25883,24.507
-0.070006,0.55831,0.28639,24.512
-0.090543,0.55041,0.29977,24.517
-0.13999,0.53461,0.33732,24.521
-0.17638,0.54646,0.34198,24.526
-0.19555,0.56226,0.30979,24.531
-0.23114,0.5899,0.28791,24.536
-0.25078,0.62149,0.27139,24.541
-0.23852,0.66098,0.26559,24.546
-0.24301,0.68073,0.28097,24.551
-0.23155,0.69653,0.30155,24.556
-0.23191,0.73602,0.31384,24.561
-0.21219,0.76366,0.32771,24.565
-0.21992,0.82685,0.31674,24.57
-0.19919,0.90188,0.29703,24.575
-0.21977,0.96112,0.31174,24.58
-0.2284,0.99271,0.33083,24.585
-0.23005,1.0598,0.38588,24.59
-0.22675,1.1072,0.41021,24.595
-0.22679,1.1665,0.41139,24.6
-0.20994,1.2099,0.38685,24.604
-0.19495,1.2652,0.42392,24.609
-0.1935,1.3363,0.5101,24.614
-0.21514,1.4271,0.55998,24.619
-0.25499,1.4903,0.54611,24.624
-0.29255,1.5653,0.45576,24.629
-0.3194,1.5614,0.41095,24.634
-0.3346,1.4627,0.38068,24.639
-0.32647,1.3007,0.37817,24.644
-0.34703,1.1388,0.39232,24.648
-0.33627,0.99271,0.43652,24.653
-0.36963,0.92163,0.47441,24.658
-0.38083,0.8387,0.57945,24.663
-0.35305,0.7992,0.72734,24.668
-0.25897,0.815,0.81305,24.673
-0.12962,0.96902,0.797,24.678
0.030094,1.206,0.70841,24.683
0.2311,1.4785,0.58578,24.688
0.48216,1.7233,0.40555,24.692
0.68667,1.9287,0.16649,24.697
0.8521,2.0155,0.021554,24.702
0.89065,2.0195,0.078956,24.707
0.74556,1.8734,0.21684,24.712
0.55888,1.6364,0.26454,24.717
0.52603,1.3047,0.28572,24.722
0.50971,1.1546,0.29279,24.727
0.39383,0.92953,0.26248,24.731
0.27391,0.75181,0.23274,24.736
0.1853,0.5899,0.23307,24.741
0.12915,0.46353,0.22549,24.746
0.08217,0.3569,0.18066,24.751
0.029433,0.27397,0.19349,24.756
-0.026309,0.23053,0.17222,24.761
-0.05043,0.27002,0.17084,24.766
-0.074242,0.36875,0.15913,24.771
-0.09795,0.48722,0.14398,24.775
-0.12936,0.62544,0.11699,24.78
-0.14838,0.78341,0.079968,24.785
-0.15938,0.94532,0.04375,24.79
-0.15885,1.0322,0.026302,24.795
-0.13336,1.202,-0.018014,24.8
-0.047733,1.36,-0.053309,24.805
0.012661,1.4943,-0.052881,24.81
0.079399,1.5653,0.0045538,24.814
0.19067,1.6167,0.054062,24.819
0.21777,1.5851,0.090489,24.824
0.24594,1.4982,0.091286,24.829
0.28148,1.3481,0.11456,24.834
0.27927,1.1981,0.1883,24.839
0.2727,1.0401,0.27302,24.844
0.24075,0.93347,0.26417,24.849
0.25746,0.81895,0.24415,24.854
0.27451,0.70443,0.21262,24.858
0.28681,0.67283,0.2054,24.863
0.28294,0.61754,0.2001,24.868
0.29559,0.5741,0.18113,24.873
0.29606,0.57015,0.16571,24.878
0.30006,0.5899,0.16646,24.883
0.31668,0.62149,0.14936,24.888
0.30459,0.69653,0.14977,24.893
0.31719,0.73997,0.13254,24.897
0.28879,0.8229,0.13934,24.902
0.25663,0.87819,0.13755,24.907
0.21241,0.94137,0.13483,24.912
0.17224,0.96507,0.13169,24.917
0.10889,0.97297,0.095374,24.922
0.073313,0.98481,0.073176,24.927
0.053122,0.97691,0.075047,24.932
0.020764,0.97297,0.079749,24.937
0.019848,0.96507,0.11028,24.941
-0.011693,0.94137,0.087736,24.946
-0.048384,0.89003,0.10264,24.951
-0.09576,0.86634,0.070976,24.956
-0.13109,0.8308,0.17479,24.961
-0.11628,0.83475,0.083884,24.966
-0.11603,0.79131,0.075345,24.971
-0.13152,0.79131,0.054718,24.976
-0.10019,0.79526,0.084542,24.98
-0.077722,0.81895,0.14089,24.985
-0.069229,0.81895,0.12627,24.99
-0.052358,0.81895,0.10086,24.995
-0.031826,0.83475,0.087639,25
-0.0076343,0.87029,0.08668,25.005
0.00016099,0.88214,0.095312,25.01
0.023667,0.90978,0.11721,25.015
0.035004,0.94532,0.14202,25.02
0.038433,0.96507,0.16196,25.024
0.030508,0.97691,0.15764,25.029
0.062749,0.98481,0.15685,25.034
0.059987,1.0046,0.11468,25.039
0.083866,0.98481,0.12413,25.044
0.07182,0.98086,0.12297,25.049
0.076301,0.97297,0.10783,25.054
0.079749,0.96112,0.12713,25.059
0.059444,0.94927,0.13276,25.063
0.04372,0.95717,0.11997,25.068
0.04372,0.95717,0.11997,25.073
0.036025,0.96902,0.10797,25.078
0.044396,0.98086,0.097421,25.083
0.032446,1.0085,0.093052,25.088
0.027049,1.0085,0.13873,25.093
0.022222,1.0164,0.16538,25.098
0.021299,1.0204,0.19615,25.103
0.028526,1.0204,0.22372,25.107
0.028058,1.0322,0.2393,25.112
0.028392,1.0519,0.22819,25.117
0.020935,1.0519,0.20828,25.122
0.016575,1.048,0.21935,25.127
0.0057878,1.0559,0.17623,25.132
-0.017389,1.0559,0.14337,25.137
-0.032881,1.0598,0.12282,25.142
-0.076372,1.0638,0.095904,25.146
-0.14442,1.0598,0.082007,25.151
-0.21236,1.0717,0.06459,25.156
-0.26043,1.0677,0.056337,25.161
-0.30118,1.0756,0.072062,25.166
-0.33273,1.0756,0.049988,25.171
-0.32871,1.0677,0.050192,25.176
-0.32664,1.048,0.11538,25.181
-0.30475,1.0796,0.19107,25.186
-0.23833,1.1072,0.25914,25.19
-0.1835,1.1428,0.31095,25.195
-0.10296,1.1744,0.31114,25.2
-0.02197,1.2099,0.29606,25.205
0.026329,1.2297,0.29695,25.21
0.12742,1.2455,0.28328,25.215
0.21634,1.2692,0.27253,25.22
0.29849,1.2889,0.21877,25.225
0.37286,1.2849,0.15614,25.229
0.42165,1.2573,0.14075,25.234
0.48674,1.2139,0.11881,25.239
0.54736,1.1625,0.1117,25.244
0.56094,1.1112,0.061889,25.249
0.56567,1.0598,0.038209,25.254
0.55686,1.0204,0.063552,25.259
0.49112,0.98086,0.10685,25.264
0.40942,0.97297,0.1455,25.269
0.34,0.95717,0.17741,25.273
0.28308,0.96112,0.19544,25.278
0.25887,0.96902,0.19727,25.283
0.23085,0.99666,0.19145,25.288
0.19479,1.0441,0.18531,25.293
0.18602,1.1191,0.2091,25.298
0.18117,1.1744,0.23669,25.303
0.17125,1.2455,0.29877,25.308
0.15434,1.3086,0.32544,25.312
0.081107,1.3442,0.35033,25.317
0.0039686,1.3837,0.37111,25.322
-0.060076,1.4074,0.35812,25.327
-0.11595,1.3916,0.34124,25.332
-0.17551,1.3995,0.31296,25.337
-0.23518,1.4034,0.28843,25.342
-0.21783,1.3718,0.24705,25.347
-0.19291,1.3442,0.22181,25.352
-0.12839,1.3047,0.21913,25.356
-0.082801,1.2494,0.17597,25.361
-0.045823,1.206,0.1515,25.366
-0.029272,1.1625,0.13674,25.371
0.0071334,1.1151,0.13137,25.376
0.018969,1.0875,0.13958,25.381
0.027488,1.0441,0.12409,25.386
0.031859,1.0283,0.11263,25.391
0.047374,0.98481,0.13239,25.396
0.03122,0.94137,0.13391,25.4
0.019094,0.87819,0.1354,25.405
-0.0085314,0.8308,0.11658,25.41
-0.00059264,0.79526,0.12043,25.415
-0.002535,0.77156,0.18518,25.42
-0.025103,0.71627,0.13203,25.425
-0.049758,0.68468,0.14842,25.43
-0.050206,0.66493,0.16337,25.435
-0.050425,0.64519,0.17065,25.439
-0.058911,0.63334,0.18503,25.444
-0.042956,0.62544,0.19016,25.449
-0.034914,0.60965,0.19057,25.454
-0.019299,0.59385,0.20704,25.459
0.0043379,0.59385,0.22456,25.464
0.028093,0.5899,0.23815,25.469
0.024187,0.5978,0.23411,25.474
0.035435,0.5899,0.2619,25.479
0.047488,0.582,0.26282,25.483
0.043366,0.56621,0.26598,25.488
0.031092,0.55831,0.27241,25.493
0.022585,0.582,0.28751,25.498
0.01456,0.57015,0.28655,25.503
-0.017338,0.56621,0.27591,25.508
-0.033511,0.55436,0.27806,25.513
-0.0458,0.57015,0.28496,25.518
-0.070933,0.57015,0.31732,25.522
-0.082644,0.582,0.30496,25.527
-0.078851,0.57015,0.31276,25.532
-0.082416,0.58595,0.29737,25.537
-0.070713,0.58595,0.30996,25.542
-0.074154,0.58595,0.29042,25.547
-0.062229,0.60175,0.29566,25.552
-0.058002,0.63334,0.28897,25.557
-0.061675,0.63729,0.27718,25.562
-0.073282,0.66888,0.26138,25.566
-0.065269,0.70048,0.26274,25.571
-0.049105,0.72812,0.2609,25.576
-0.054524,0.76366,0.30728,25.581
-0.082079,0.79131,0.28612,25.586
-0.10573,0.81895,0.26916,25.591
-0.10644,0.85449,0.29288,25.596
-0.11944,0.89398,0.32328,25.601
-0.13184,0.90978,0.33402,25.605
-0.13243,0.93742,0.35375,25.61
-0.12384,0.96112,0.33577,25.615
-0.12844,0.97297,0.35482,25.62
-0.12168,0.98086,0.3979,25.625
-0.11836,1.0006,0.42167,25.63
-0.11126,1.0164,0.4534,25.635
-0.11575,1.0362,0.46878,25.64
-0.12279,1.1072,0.43495,25.645
-0.10815,1.202,0.34969,25.649
-0.088812,1.3126,0.24209,25.654
-0.066831,1.4074,0.18057,25.659
-0.070199,1.4785,0.15861,25.664
-0.057709,1.51,0.14498,25.669
-0.086628,1.51,0.1693,25.674
-0.096479,1.4706,0.22917,25.679
-0.1117,1.3916,0.33393,25.684
-0.17066,1.3323,0.41976,25.688
-0.22958,1.2178,0.50448,25.693
-0.24812,1.1191,0.58547,25.698
-0.30928,1.1112,0.61058,25.703
-0.3603,1.0283,0.70049,25.708
-0.41194,1.0125,0.81093,25.713
-0.39257,1.048,0.83646,25.718
-0.29415,1.1151,0.77743,25.723
-0.15756,1.2652,0.65424,25.728
-0.07213,1.3955,0.49143,25.732
0.017529,1.5495,0.32179,25.737
0.11937,1.668,0.14869,25.742
0.26749,1.7233,0.043875,25.747
0.44295,1.7154,0.10182,25.752
0.55887,1.6522,0.26486,25.757
0.57176,1.5811,0.3723,25.762
0.55518,1.4943,0.25367,25.767
0.53356,1.3955,0.16897,25.771
0.50947,1.2178,0.032463,25.776
0.49922,1.0835,-0.028845,25.781
0.42445,0.98876,0.047157,25.786
0.28634,0.88609,0.22116,25.791
0.16588,0.81105,0.34345,25.796
0.06566,0.69653,0.32829,25.801
0.023611,0.5978,0.2533,25.806
0.00175,0.51487,0.17658,25.811
-0.035289,0.46748,0.20308,25.815
-0.055577,0.42799,0.20815,25.82
-0.077826,0.41614,0.14437,25.825
-0.072668,0.43194,0.10668,25.83
-0.092416,0.45168,0.093758,25.835
-0.088647,0.47933,0.10234,25.84
-0.043251,0.56226,0.065774,25.845
0.0056718,0.69258,0.045857,25.85
0.091401,0.87424,0.0071988,25.854
0.18424,1.0677,0.00019063,25.859
0.29332,1.3323,-0.011626,25.864
0.3886,1.4548,0.034017,25.869
0.44353,1.51,0.08238,25.874
0.50332,1.5061,0.10307,25.879
0.51835,1.4982,0.13888,25.884
0.4725,1.4192,0.19088,25.889
0.41897,1.3086,0.23001,25.894
0.36901,1.1704,0.28429,25.898
0.31666,1.0322,0.28451,25.903
0.28432,0.99271,0.2885,25.908
0.22424,0.90583,0.27751,25.913
0.20423,0.79526,0.2735,25.918
0.16928,0.72022,0.23039,25.923
0.16253,0.68863,0.18683,25.928
0.15118,0.66888,0.16234,25.933
0.13982,0.66888,0.13824,25.938
0.13188,0.71627,0.13462,25.942
0.13585,0.78341,0.13632,25.947
0.13203,0.8387,0.12939,25.952
0.15552,0.90188,0.152,25.957
0.16365,0.92953,0.14944,25.962
0.13517,0.96507,0.15913,25.967
0.10773,0.98876,0.13405,25.972
0.11633,1.0006,0.11583,25.977
0.084312,1.0085,0.10926,25.981
0.044159,0.99271,0.10533,25.986
0.0082543,0.97297,0.09401,25.991
-0.0042384,0.94532,0.10772,25.996
-0.05587,0.93742,0.083682,26.001
-0.092007,0.92163,0.080113,26.006
-0.1324,0.91373,0.084014,26.011
-0.15649,0.90978,0.081766,26.016
-0.1487,0.92558,0.090477,26.021
-0.15697,0.93742,0.097663,26.025
-0.17292,0.94927,0.092617,26.03
-0.15686,0.95717,0.09422,26.035
-0.12819,0.97691,0.077963,26.04
-0.13623,0.99666,0.077634,26.045
-0.108,1.0006,0.076406,26.05
-0.072196,0.98876,0.090932,26.055
-0.041214,0.98481,0.13211,26.06
-0.029278,0.98086,0.13695,26.064
-0.025255,0.96902,0.13708,26.069
-0.014225,0.94137,0.17214,26.074
-0.0099645,0.91768,0.16435,26.079
-0.010425,0.91768,0.1797,26.084
-0.01042,0.90978,0.17954,26.089
-0.018558,0.89398,0.18234,26.094
-0.026931,0.88609,0.19297,26.099
-0.050914,0.88609,0.18696,26.104
-0.046083,0.87029,0.16015,26.108
-0.046087,0.87819,0.16031,26.113
-0.058024,0.88214,0.15547,26.118
-0.046095,0.89003,0.16055,26.123
-0.0259,0.89398,0.1586,26.128
-0.0057085,0.90188,0.15673,26.133
0.010697,0.90978,0.14682,26.138
0.01116,0.90583,0.1314,26.143
0.027685,0.90583,0.1175,26.147
0.031697,0.91373,0.11802,26.152
0.011258,0.93347,0.12811,26.157
0.023288,0.96507,0.12983,26.162
0.028098,0.98481,0.10373,26.167
0.040361,1.0125,0.09769,26.172
0.044476,1.0401,0.094766,26.177
0.0533,1.0638,0.069108,26.182
0.06603,1.0796,0.047489,26.187
0.073827,1.0875,0.056042,26.191
0.077837,1.0993,0.05664,26.196
0.094717,1.0835,0.030917,26.201
0.11847,1.0756,0.044437,26.206
0.11411,1.0717,0.055506,26.211
0.097714,1.0559,0.065253,26.216
0.072947,1.0204,0.085394,26.221
0.044492,1.0125,0.094215,26.226
0.035783,0.98876,0.11604,26.23
0.019274,0.96112,0.12939,26.235
0.013898,0.92558,0.17435,26.24
0.024681,0.92558,0.21763,26.245
0.039591,0.93347,0.2576,26.25
0.075599,0.97297,0.26548,26.255
0.087636,0.99271,0.26696,26.26
0.095978,1.0519,0.25735,26.265
0.11338,1.123,0.21418,26.27
0.15087,1.1902,0.17274,26.274
0.16438,1.2455,0.12505,26.279
0.16138,1.281,0.090872,26.284
0.1298,1.3165,0.069508,26.289
0.10961,1.3165,0.071537,26.294
0.12544,1.3244,0.080813,26.299
0.13723,1.36,0.090279,26.304
0.16649,1.3797,0.05484,26.309
0.20735,1.3639,0.035121,26.313
0.27518,1.3363,0.05606,26.318
0.36722,1.3244,0.075646,26.323
0.41129,1.3086,0.083144,26.328
0.52227,1.2889,0.14274,26.333
0.60193,1.2336,0.17189,26.338
0.66587,1.1902,0.18831,26.343
0.70916,1.1428,0.22203,26.348
0.72022,1.0677,0.25615,26.353
0.69385,1.0204,0.32976,26.357
0.62388,0.96112,0.37998,26.362
0.5546,0.90188,0.40718,26.367
0.44161,0.8387,0.41498,26.372
0.34456,0.78341,0.42822,26.377
0.25174,0.76366,0.43486,26.382
0.17176,0.75576,0.41596,26.387
0.071325,0.8071,0.40795,26.392
0.02295,0.91373,0.40958,26.396
-0.036385,0.93347,0.37386,26.401
-0.088186,1.0164,0.35547,26.406
-0.144,1.0954,0.33664,26.411
-0.20786,1.1981,0.31756,26.416
-0.28883,1.3007,0.33156,26.421
-0.34476,1.3916,0.3168,26.426
-0.37266,1.4113,0.30699,26.431
-0.3637,1.3995,0.27678,26.436
-0.30754,1.3205,0.28411,26.44
-0.22303,1.2336,0.28613,26.445
-0.16616,1.123,0.2698,26.45
-0.077403,1.0362,0.26451,26.455
0.027056,0.97691,0.27273,26.46
0.10721,0.87424,0.28558,26.465
0.13891,0.8308,0.30295,26.47
0.21169,0.78341,0.29317,26.475
0.24798,0.73602,0.29164,26.479
0.29724,0.68863,0.26051,26.484
0.31779,0.67678,0.24673,26.489
0.29186,0.66493,0.30571,26.494
0.23424,0.67678,0.34692,26.499
0.18487,0.71232,0.38165,26.504
0.15237,0.76366,0.39129,26.509
0.11573,0.8071,0.40425,26.514
0.083232,0.85054,0.41374,26.519
0.051332,0.85054,0.40317,26.523
-0.00087014,0.83475,0.39816,26.528
-0.033444,0.8071,0.41006,26.533
-0.05742,0.79526,0.40382,26.538
-0.069222,0.76761,0.39451,26.543
-0.081585,0.71627,0.40391,26.548
-0.077449,0.70837,0.40028,26.553
-0.072853,0.70048,0.3813,26.558
-0.064245,0.70048,0.36284,26.562
-0.035215,0.70837,0.33484,26.567
-0.034769,0.73207,0.31997,26.572
-0.035936,0.75971,0.35888,26.577
-0.031934,0.78341,0.35972,26.582
-0.0083202,0.8229,0.37802,26.587
-0.003853,0.8387,0.36335,26.592
-0.0070707,0.85054,0.33637,26.597
-0.010622,0.84264,0.32051,26.602
0.0023406,0.85449,0.29114,26.606
-0.0047548,0.82685,0.25917,26.611
-0.012423,0.79526,0.24631,26.616
9.7867e-05,0.77551,0.23165,26.621
0.0033322,0.73602,0.25808,26.626
0.035117,0.73602,0.27248,26.631
0.063466,0.72812,0.26718,26.636
0.091707,0.70837,0.26548,26.641
0.092048,0.71627,0.25413,26.646
0.11234,0.74392,0.24882,26.65
0.11706,0.73207,0.22592,26.655
0.14127,0.72417,0.2241,26.66
0.17317,0.72812,0.23474,26.665
0.17673,0.72812,0.25045,26.67
0.15962,0.74787,0.28392,26.675
0.16328,0.75181,0.29587,26.68
0.15903,0.77156,0.30358,26.685
0.14684,0.80315,0.30696,26.689
0.15223,0.815,0.26152,26.694
0.12456,0.85449,0.24443,26.699
0.099166,0.89793,0.28533,26.704
0.07011,0.93347,0.3142,26.709
0.041385,0.99271,0.33203,26.714
0.045448,1.1072,0.33084,26.719
0.074193,1.206,0.31232,26.724
0.08719,1.3521,0.2818,26.729
0.1398,1.4627,0.27336,26.733
0.15706,1.5811,0.23497,26.738
0.17031,1.6917,0.19606,26.743
0.19874,1.7312,0.18787,26.748
0.18368,1.7786,0.15284,26.753
0.17966,1.7865,0.15263,26.758
0.16718,1.7391,0.16595,26.763
0.15829,1.6285,0.19371,26.768
0.1413,1.4508,0.22325,26.772
0.14016,1.2455,0.26135,26.777
0.15126,1.0875,0.29381,26.782
0.15065,0.95717,0.31423,26.787
0.15921,0.85054,0.29748,26.792
0.16375,0.73997,0.28029,26.797
0.16013,0.66098,0.26685,26.802
0.14409,0.61754,0.26453,26.807
0.12414,0.5899,0.25834,26.812
0.10349,0.5741,0.2754,26.816
0.099822,0.57015,0.26345,26.821
0.07537,0.58595,0.2731,26.826
0.059516,0.61754,0.26462,26.831
0.060293,0.66493,0.23871,26.836
0.045473,0.70048,0.19577,26.841
0.065761,0.73997,0.19069,26.846
0.085924,0.79526,0.18977,26.851
0.094053,0.82685,0.18728,26.855
0.11032,0.86634,0.18184,26.86
0.10238,0.90978,0.17815,26.865
0.11773,0.94927,0.2034,26.87
0.12977,0.96902,0.20488,26.875
0.15776,0.98481,0.21156,26.88
0.1862,1.0085,0.20306,26.885
0.21065,1.0085,0.19372,26.89
0.25506,1.0046,0.18994,26.895
0.29544,1.0164,0.18612,26.899
0.33561,1.0085,0.18958,26.904
0.38117,1.0125,0.1476,26.909
0.4173,1.0322,0.15124,26.914
0.41786,1.0598,0.13261,26.919
0.44216,1.1112,0.12813,26.924
0.45384,1.1467,0.14144,26.929
0.44569,1.1625,0.14486,26.934
0.40436,1.1902,0.18016,26.938
0.35511,1.2139,0.21083,26.943
0.2983,1.2178,0.22503,26.948
0.22154,1.2139,0.23342,26.953
0.19367,1.1941,0.22283,26.958
0.11773,1.1507,0.20358,26.963
0.053149,1.1033,0.20836,26.968
0.024831,1.0598,0.21264,26.973
-0.023811,1.0362,0.22317,26.978
-0.056145,0.99271,0.22709,26.982
-0.064506,0.96507,0.23732,26.987
-0.076433,0.95322,0.23217,26.992
-0.084924,0.94927,0.24671,26.997
-0.068739,0.94137,0.24416,27.002
-0.060464,0.92163,0.23682,27.007
-0.036244,0.90978,0.23492,27.012
-0.0077849,0.90978,0.22594,27.017
0.0046187,0.89398,0.2152,27.021
0.0043956,0.88214,0.22263,27.026
0.029071,0.87819,0.20554,27.031
0.045235,0.90583,0.2037,27.036
0.037428,0.91373,0.19546,27.041
0.049474,0.91768,0.19663,27.046
0.073675,0.93742,0.19535,27.051
0.077332,0.96112,0.2077,27.056
0.077555,0.97297,0.20026,27.061
0.094435,0.95717,0.17454,27.065
0.11404,0.97691,0.19208,27.07
0.11049,0.98086,0.17646,27.075
0.11473,0.98481,0.16922,27.08
0.11473,0.98481,0.16922,27.085
0.12643,0.99271,0.18197,27.09
0.11472,1.0006,0.16954,27.095
0.12275,1.0085,0.17042,27.1
0.13078,1.0046,0.17106,27.104
0.15098,1.0125,0.16919,27.109
0.13456,1.0283,0.17957,27.114
0.13054,1.0243,0.17913,27.119
0.11459,1.0204,0.17377,27.124
0.10208,1.0243,0.18811,27.129
0.097719,1.0283,0.19933,27.134
0.089698,1.0085,0.19822,27.139
0.094057,1.0125,0.18715,27.144
0.090503,1.0085,0.17136,27.148
0.094414,0.99271,0.17525,27.153
0.090285,0.98876,0.17864,27.158
0.093956,0.98876,0.19051,27.163
0.10991,0.98086,0.19564,27.168
0.11405,0.97297,0.19201,27.173
0.10131,0.96112,0.2137,27.178
0.10625,0.96902,0.18353,27.183
0.11841,0.97297,0.18086,27.188
0.11852,0.97297,0.17702,27.192
0.11497,0.96902,0.16124,27.197
0.11909,0.98481,0.15808,27.202
0.11026,0.98086,0.18413,27.207
0.12265,0.98086,0.1737,27.212
0.1261,0.97297,0.19309,27.217
0.12644,0.97691,0.18166,27.222
0.12701,0.98086,0.16256,27.227
0.12299,0.99271,0.16243,27.231
0.1192,1.0006,0.15455,27.236
0.1231,0.99666,0.15867,27.241
0.11943,0.99666,0.1468,27.246
0.11059,0.99666,0.17293,27.251
0.10233,0.98876,0.17973,27.256
0.1029,0.99666,0.1607,27.261
0.090518,0.98481,0.17089,27.266
0.094541,0.97297,0.17102,27.271
0.094193,0.97691,0.1826,27.275
0.07446,0.97297,0.16921,27.28
0.067115,0.97691,0.14555,27.285
0.058387,0.98481,0.168,27.29
0.074457,0.97691,0.16929,27.295
0.074683,0.98481,0.16177,27.3
0.08272,0.97691,0.16234,27.305
0.054371,0.98481,0.16764,27.31
0.05827,0.98876,0.17191,27.314
0.054021,0.99271,0.1793,27.319
0.058152,0.99271,0.17583,27.324
0.073868,1.0006,0.18894,27.329
0.078349,0.99271,0.1738,27.334
0.0741,0.99666,0.18119,27.339
0.074098,1.0006,0.18127,27.344
0.086154,0.98876,0.18212,27.349
0.086036,0.99271,0.18603,27.354
0.093956,0.98876,0.19051,27.358
0.089592,0.99271,0.20174,27.363
0.11013,1.0046,0.18844,27.368
0.09808,1.0006,0.18727,27.373
0.10187,0.99666,0.19523,27.378
0.098083,0.99666,0.1872,27.383
0.097622,0.99666,0.20254,27.388
0.10164,1.0006,0.20298,27.393
0.089822,0.99271,0.19407,27.397
0.08959,0.99666,0.20182,27.402
0.097745,0.98481,0.19847,27.407
0.089717,0.97691,0.19759,27.412
0.11359,0.97297,0.20735,27.417
0.1222,0.96112,0.18866,27.422
0.10992,0.97297,0.19548,27.427
0.13367,0.97297,0.20916,27.432
0.13424,0.98481,0.19021,27.437
0.14193,0.98086,0.20237,27.441
0.13022,0.99271,0.19001,27.446
0.1339,0.97691,0.20156,27.451
0.12529,0.97297,0.21994,27.456
0.11357,0.99666,0.20782,27.461
0.11381,0.99271,0.20007,27.466
0.12208,0.97691,0.19281,27.471
0.1098,0.97297,0.19932,27.476
0.10143,0.96507,0.20994,27.48
0.11348,0.96112,0.21095,27.485
0.10911,0.97691,0.22241,27.49
0.093501,0.98086,0.2057,27.495
0.089595,0.98876,0.20166,27.5
0.085691,0.99271,0.19754,27.505
0.081567,0.98086,0.20078,27.51
0.07732,0.98086,0.20809,27.515
0.073753,1.0006,0.19278,27.52
0.085574,0.99666,0.20146,27.524
0.074328,1.0006,0.1736,27.529
0.085461,0.99271,0.20521,27.534
0.093611,0.98876,0.20202,27.539
0.08971,0.98876,0.19782,27.544
0.093606,0.99666,0.20218,27.549
0.098318,0.98876,0.17937,27.554
0.093843,0.98481,0.19427,27.559
0.10188,0.97691,0.19484,27.563
0.082025,0.98481,0.18551,27.568
0.078126,0.98086,0.18124,27.573
0.093846,0.98086,0.19419,27.578
0.081687,0.97297,0.19679,27.583
0.089954,0.96507,0.18968,27.588
0.082377,0.97297,0.17377,27.593
0.090062,0.97691,0.18608,27.598
0.10624,0.97297,0.18361,27.603
0.11794,0.98086,0.19636,27.607
0.10979,0.98481,0.19955,27.612
0.093616,0.98086,0.20186,27.617
0.10142,0.98086,0.21026,27.622
0.11358,0.98876,0.20767,27.627
0.11805,1.0006,0.19292,27.632
0.10968,0.98481,0.20339,27.637
0.097632,0.98086,0.20223,27.642
0.1098,0.98086,0.19947,27.646
0.10154,0.97691,0.20634,27.651
0.11358,0.97691,0.20743,27.656
0.10957,0.97297,0.20699,27.661
0.10956,0.98481,0.20723,27.666
0.10555,0.97691,0.20671,27.671
0.093738,0.96902,0.19779,27.676
0.10142,0.97691,0.21018,27.681
0.10578,0.97691,0.19903,27.686
0.10945,0.97691,0.2109,27.69
0.12597,0.98481,0.19716,27.695
0.097977,0.98086,0.19072,27.7
0.11829,0.98086,0.18485,27.705
0.10968,0.98876,0.20347,27.71
0.11381,0.98876,0.19999,27.715
0.10164,0.98876,0.20274,27.72
0.10165,0.98481,0.20267,27.725
0.097519,0.97691,0.20598,27.729
0.10957,0.97691,0.20707,27.734
0.10579,0.96902,0.19888,27.739
0.11749,0.96112,0.21131,27.744
0.11359,0.97297,0.20735,27.749
0.10532,0.98086,0.21446,27.754
0.12184,0.98481,0.20064,27.759
0.12574,0.99271,0.20499,27.764
0.11415,0.99271,0.18856,27.769
0.10635,0.99271,0.18017,27.773
0.11415,0.99666,0.18864,27.778
0.12643,0.99666,0.18205,27.783
0.134,0.99271,0.19804,27.788
0.12964,0.98481,0.20903,27.793
0.12174,0.96902,0.20416,27.798
0.12575,0.97297,0.2046,27.803
0.13355,0.97297,0.21299,27.808
0.13378,0.97691,0.2054,27.812
0.11748,0.98876,0.21186,27.817
0.11381,0.99271,0.20007,27.822
0.11003,0.97297,0.19164,27.827
0.11416,0.97691,0.18825,27.832
0.10578,0.97691,0.19903,27.837
0.09339,0.97297,0.20938,27.842
0.10567,0.97691,0.20287,27.847
0.10555,0.97691,0.20671,27.852
0.10922,0.98481,0.21873,27.856
0.11392,0.98481,0.19608,27.861
0.11404,0.98481,0.19224,27.866
0.12988,0.97691,0.2012,27.871
0.11404,0.98086,0.19216,27.876
0.11782,0.98876,0.20035,27.881
0.11381,0.98481,0.19991,27.886
0.13825,0.99271,0.19073,27.891
0.13837,0.98481,0.18674,27.896
0.12586,0.98481,0.201,27.9
0.1215,0.97691,0.21199,27.905
0.12552,0.96902,0.21219,27.91
0.13355,0.97297,0.21299,27.915
0.11392,0.98481,0.19608,27.92
0.13378,0.98086,0.20548,27.925
0.12586,0.98876,0.20108,27.93
0.13389,0.98086,0.20164,27.935
0.12219,0.98086,0.18905,27.939
0.13378,0.97691,0.2054,27.944
0.12161,0.98876,0.20839,27.949
0.11404,0.98876,0.19232,27.954
0.11771,0.98086,0.20403,27.959
0.10969,0.97297,0.20315,27.964
0.12517,0.98086,0.22394,27.969
0.12552,0.97691,0.21235,27.974
0.13424,0.98086,0.19013,27.979
0.11439,0.98086,0.18065,27.983
0.12551,0.99271,0.21266,27.988
0.13378,0.98481,0.20556,27.993
0.12953,0.98481,0.21287,27.998
0.13412,0.98876,0.19413,28.003
0.13826,0.98086,0.1905,28.008
0.12551,0.98876,0.21259,28.013
0.12608,0.99666,0.19356,28.018
0.13021,0.99666,0.19009,28.022
0.12964,0.99271,0.20919,28.027
0.12977,0.97297,0.20496,28.032
0.12598,0.97691,0.197,28.037
0.11783,0.97297,0.20004,28.042
0.10911,0.97691,0.22241,28.047
0.12161,0.98086,0.20823,28.052
0.13745,0.97297,0.21719,28.057
0.11736,0.98876,0.2157,28.062
0.12184,0.98481,0.20064,28.066
0.11393,0.96902,0.19576,28.071
0.11829,0.98086,0.18485,28.076
0.10956,0.98876,0.2073,28.081
0.097402,0.98086,0.2099,28.086
0.10979,0.99271,0.19971,28.091
0.10967,0.99271,0.20355,28.096
0.10968,0.98876,0.20347,28.101
0.089137,0.98481,0.21693,28.105
0.12574,0.99271,0.20499,28.11
0.11805,0.99271,0.19276,28.115
0.12207,0.99666,0.1932,28.12
0.11771,0.98086,0.20403,28.125
0.11749,0.97691,0.21163,28.13
0.1176,0.98086,0.20787,28.135
0.12208,0.97691,0.19281,28.14
0.12586,0.98481,0.201,28.145
0.11818,0.97691,0.18861,28.149
0.11806,0.97691,0.19245,28.154
0.10556,0.96902,0.20655,28.159
0.12541,0.97297,0.21611,28.164
0.1293,0.97691,0.22038,28.169
