-0.98002,0.029125,0.28238,101.43
-0.97956,0.029125,0.26704,101.43
-0.97198,0.025176,0.28303,101.44
-0.95948,0.044921,0.26916,101.44
-0.95569,0.037023,0.27704,101.45
-0.95134,0.04887,0.26613,101.45
-0.9519,0.025176,0.28483,101.46
-0.96017,0.037023,0.29202,101.46
-0.95581,0.044921,0.28103,101.46
-0.95535,0.033074,0.26545,101.47
-0.96372,0.033074,0.27623,101.47
-0.95465,0.029125,0.24235,101.48
-0.96774,0.029125,0.27579,101.48
-0.95547,0.040972,0.26944,101.49
-0.95937,0.044921,0.26532,101.49
-0.95742,0.040972,0.33466,101.5
-0.96349,0.029125,0.26848,101.5
-0.97141,0.029125,0.26392,101.51
-0.97554,0.025176,0.26732,101.51
-0.95959,0.033074,0.27276,101.52
-0.95569,0.025176,0.2768,101.52
-0.94742,0.013328,0.26961,101.53
-0.94341,0.029125,0.27029,101.53
-0.9558,0.029125,0.28072,101.54
-0.95993,0.025176,0.28411,101.54
-0.96028,0.033074,0.29578,101.55
-0.96005,0.033074,0.28811,101.55
-0.95581,0.040972,0.28095,101.56
-0.95592,0.029125,0.28455,101.56
-0.95557,0.029125,0.27304,101.57
-0.96395,0.017277,0.28359,101.57
-0.9558,0.017277,0.28048,101.58
-0.96739,0.021227,0.26413,101.58
-0.95535,0.040972,0.26561,101.59
-0.95156,0.033074,0.27348,101.59
-0.96763,0.033074,0.27204,101.6
-0.95557,0.021227,0.27288,101.6
-0.95959,0.029125,0.27268,101.61
-0.95936,0.033074,0.26509,101.61
-0.96809,0.033074,0.28738,101.62
-0.94421,0.025176,0.29707,101.62
-0.94777,0.025176,0.28136,101.63
-0.96005,0.033074,0.28811,101.63
-0.95971,0.040972,0.27675,101.64
-0.95145,0.037023,0.26973,101.64
-0.94754,0.029125,0.27377,101.65
-0.94755,0.040972,0.274,101.65
-0.96373,0.044921,0.27647,101.66
-0.96351,0.056769,0.26903,101.66
-0.95948,0.044921,0.26916,101.67
-0.9596,0.040972,0.27292,101.67
-0.95122,0.040972,0.26213,101.67
-0.94353,0.037023,0.27428,101.68
-0.95937,0.037023,0.26517,101.68
-0.93986,0.037023,0.28615,101.69
-0.95569,0.037023,0.27704,101.69
-0.95156,0.029125,0.2734,101.7
-0.9557,0.040972,0.27712,101.7
-0.96327,0.040972,0.26105,101.71
-0.95913,0.033074,0.25741,101.71
-0.95936,0.021227,0.26485,101.72
-0.9518,0.040972,0.28131,101.72
-0.97199,0.033074,0.28318,101.73
-0.96349,0.033074,0.26856,101.73
-0.95545,0.021227,0.26905,101.74
-0.95523,0.033074,0.26161,101.74
-0.9675,0.021227,0.26796,101.75
-0.95993,0.025176,0.28411,101.75
-0.95558,0.033074,0.27312,101.76
-0.9597,0.017277,0.27628,101.76
-0.95156,0.037023,0.27356,101.77
-0.948,0.033074,0.28919,101.77
-0.9558,0.025176,0.28064,101.78
-0.95546,0.029125,0.26921,101.78
-0.95098,0.033074,0.2543,101.79
-0.95157,0.04887,0.2738,101.79
-0.94777,0.029125,0.28144,101.8
-0.93997,0.025176,0.28975,101.8
-0.95615,0.025176,0.29215,101.81
-0.94755,0.037023,0.27392,101.81
-0.94778,0.037023,0.2816,101.82
-0.96407,0.040972,0.2879,101.82
-0.96005,0.033074,0.28811,101.83
-0.94388,0.044921,0.28595,101.83
-0.97222,0.033074,0.29086,101.84
-0.96007,0.05282,0.2885,101.84
-0.95624,-0.018265,0.29512,101.85
-0.94778,0.037023,0.2816,101.85
-0.94365,0.040972,0.2782,101.86
-0.95215,0.05282,0.29306,101.86
-0.94802,0.05282,0.28958,101.87
-0.9518,0.05282,0.28155,101.87
-0.95569,0.037023,0.27704,101.88
-0.95134,0.04887,0.26613,101.88
-0.95546,0.033074,0.26928,101.88
-0.944,0.04887,0.28987,101.89
-0.95604,0.037023,0.28855,101.89
-0.96785,0.029125,0.27963,101.9
-0.96384,0.037023,0.28015,101.9
-0.96395,0.025176,0.28375,101.91
-0.96384,0.037023,0.28015,101.91
-0.95994,0.037023,0.28435,101.92
-0.95156,0.037023,0.27356,101.92
-0.95546,0.029125,0.26921,101.93
-0.95133,0.033074,0.26581,101.93
-0.9635,0.037023,0.26864,101.94
-0.95959,0.029125,0.27268,101.94
-0.95936,0.033074,0.26509,101.95
-0.96774,0.029125,0.27579,101.95
-0.9635,0.040972,0.26872,101.96
-0.97578,0.040972,0.27531,101.96
-0.97153,0.040972,0.268,101.97
-0.96418,0.025176,0.29142,101.97
-0.9713,0.033074,0.26017,101.98
-0.97601,0.037023,0.2829,101.98
-0.97188,0.040972,0.27951,101.99
-0.96751,0.033074,0.2682,101.99
-0.95937,0.037023,0.26517,102
-0.95947,0.025176,0.26877,102
-0.96728,0.033074,0.26053,102.01
-0.95902,0.044921,0.25381,102.01
-0.96752,0.044921,0.26844,102.02
-0.96717,0.033074,0.25669,102.02
-0.95948,0.029125,0.26884,102.03
-0.97199,0.037023,0.28326,102.03
-0.9643,0.025176,0.29526,102.04
-0.95982,0.025176,0.28027,102.04
-0.95547,0.04887,0.2696,102.05
-0.95133,0.037023,0.26589,102.05
-0.95535,0.040972,0.26561,102.06
-0.95133,0.025176,0.26565,102.06
-0.95936,0.029125,0.26501,102.07
-0.97141,0.029125,0.26392,102.07
-0.96361,0.029125,0.27232,102.08
-0.94399,0.033074,0.28955,102.08
-0.95558,0.037023,0.2732,102.08
-0.9518,0.044921,0.28139,102.09
-0.95546,0.037023,0.26936,102.09
-0.95546,0.033074,0.26928,102.1
-0.95959,0.029125,0.27268,102.1
-0.96339,0.044921,0.26496,102.11
-0.9511,0.037023,0.25822,102.11
-0.95558,0.033074,0.27312,102.12
-0.95202,0.037023,0.28891,102.12
-0.9682,0.033074,0.29122,102.13
-0.94766,0.040972,0.27784,102.13
-0.94755,0.037023,0.27392,102.14
-0.94767,0.044921,0.27792,102.14
-0.93126,0.044921,0.26785,102.15
-0.94341,0.029125,0.27029,102.15
-0.94742,0.017277,0.26969,102.16
-0.95924,0.017277,0.26094,102.16
-0.95156,0.025176,0.27333,102.17
-0.9433,0.033074,0.26653,102.17
-0.94766,0.029125,0.2776,102.18
-0.94824,0.037023,0.29694,102.18
-0.94811,0.025176,0.29287,102.19
-0.93974,0.025176,0.28208,102.19
-0.948,0.029125,0.28911,102.2
-0.94342,0.044921,0.27061,102.2
-0.93974,0.033074,0.28224,102.21
-0.94399,0.037023,0.28963,102.21
-0.95202,0.025176,0.28867,102.22
-0.95603,0.025176,0.28831,102.22
-0.94777,0.033074,0.28152,102.23
-0.94743,0.040972,0.27017,102.23
-0.95156,0.037023,0.27356,102.24
-0.94788,0.025176,0.2852,102.24
-0.95995,0.04887,0.28458,102.25
-0.95168,0.040972,0.27748,102.25
-0.948,0.025176,0.28903,102.26
-0.96384,0.029125,0.27999,102.26
-0.96762,0.025176,0.27188,102.27
-0.96349,0.033074,0.26856,102.27
-0.95971,0.029125,0.27652,102.28
-0.95569,0.033074,0.27696,102.28
-0.95603,0.029125,0.28839,102.29
-0.95947,0.025176,0.26877,102.29
-0.96751,0.025176,0.26804,102.29
-0.9596,0.037023,0.27284,102.3
-0.9511,0.025176,0.25798,102.3
-0.95465,0.021227,0.24219,102.31
-0.94377,0.044921,0.28211,102.31
-0.94789,0.033074,0.28535,102.32
-0.95547,0.04887,0.2696,102.32
-0.97165,0.040972,0.27183,102.33
-0.96729,0.04887,0.26084,102.33
-0.95524,0.040972,0.26177,102.34
-0.96706,0.044921,0.25309,102.34
-0.95145,0.044921,0.26988,102.35
-0.94752,-0.014316,0.2729,102.35
-0.93974,0.029125,0.28216,102.36
-0.94032,0.033074,0.30142,102.36
-0.94388,0.040972,0.28587,102.37
-0.94032,0.033074,0.30142,102.37
-0.93182,0.033074,0.2868,102.38
-0.94789,0.029125,0.28527,102.38
-0.95902,0.040972,0.25374,102.39
-0.95134,0.056769,0.26628,102.39
-0.94687,0.05282,0.25122,102.4
-0.94722,0.060718,0.26289,102.4
-0.95134,0.05282,0.2662,102.41
-0.95157,0.04887,0.2738,102.41
-0.95226,0.05282,0.29689,102.42
-0.95594,0.060718,0.28518,102.42
-0.94814,0.060718,0.29358,102.43
-0.95606,0.068616,0.28918,102.43
-0.95628,0.04887,0.29645,102.44
-0.95272,0.04887,0.31216,102.44
-0.94847,0.040972,0.30469,102.45
-0.94469,0.044921,0.31281,102.45
-0.93263,0.037023,0.31373,102.46
-0.93688,0.040972,0.32112,102.46
-0.94881,0.037023,0.31612,102.47
-0.95271,0.029125,0.31177,102.47
-0.94078,0.029125,0.31669,102.48
-0.94881,0.029125,0.31596,102.48
-0.94927,0.033074,0.33139,102.49
-0.94905,0.044921,0.32395,102.49
-0.94835,0.029125,0.30062,102.5
-0.9441,0.029125,0.29331,102.5
-0.94801,0.037023,0.28927,102.5
-0.93607,0.037023,0.29419,102.51
-0.94032,0.033074,0.30142,102.51
-0.93631,0.040972,0.30194,102.52
-0.93195,0.044921,0.29087,102.52
-0.95248,0.037023,0.30425,102.53
-0.95982,0.033074,0.28043,102.53
-0.9604,0.029125,0.29954,102.54
-0.95179,0.033074,0.28116,102.54
-0.95592,0.025176,0.28447,102.55
-0.95546,0.029125,0.26921,102.55
-0.95156,0.037023,0.27356,102.56
-0.96373,0.040972,0.27639,102.56
-0.95926,0.04887,0.26157,102.57
-0.95078,0.068616,0.24734,102.57
-0.95031,0.056769,0.23176,102.58
-0.95869,0.064667,0.2427,102.58
-0.95466,0.040972,0.24259,102.59
-0.95087,0.025176,0.25031,102.59
-0.96315,0.033074,0.25705,102.6
-0.95947,0.025176,0.26877,102.6
-0.9714,0.021227,0.26377,102.61
-0.97105,0.00543,0.25194,102.61
-0.98745,-0.0064173,0.26177,102.62
-0.98746,-0.0024682,0.26185,102.62
-0.99571,-0.010366,0.26864,102.63
-1.0119,0.0014809,0.27127,102.63
-1.0157,0.0014809,0.26323,102.64
-1.016,0.0093792,0.2749,102.64
-1.0156,0.021227,0.25979,102.65
-1.0077,0.037023,0.26466,102.65
-0.99184,0.040972,0.27386,102.66
-0.9915,0.05282,0.26259,102.66
-0.98394,0.060718,0.27882,102.67
-0.97958,0.060718,0.26767,102.67
-0.96385,0.04887,0.28039,102.68
-0.95616,0.044921,0.29254,102.68
-0.95248,0.037023,0.30425,102.69
-0.9433,0.029125,0.26645,102.69
-0.92745,0.0093792,0.27518,102.7
-0.94271,0.0093792,0.24688,102.7
-0.94683,0.0014809,0.2502,102.71
-0.94671,-0.010366,0.24612,102.71
-0.94694,-0.010366,0.2538,102.71
-0.94705,-0.022214,0.2574,102.72
-0.94729,-0.014316,0.26523,102.72
-0.94752,-0.0064173,0.27306,102.73
-0.95073,-0.014316,0.24568,102.73
-0.93821,-0.026163,0.23119,102.74
-0.96264,-0.041959,0.24021,102.74
-0.97847,-0.049858,0.23094,102.75
-0.99867,-0.049858,0.23296,102.75
-1.0034,-0.053807,0.25554,102.76
-1.0161,-0.057756,0.2774,102.76
-0.99212,-0.081451,0.28293,102.77
-0.99752,-0.069603,0.32884,102.77
-0.96171,-0.081451,0.34337,102.78
-0.95793,-0.073552,0.35156,102.78
-0.96102,-0.089349,0.32019,102.79
-0.94357,-0.089349,0.2756,102.79
-0.92659,-0.0854,0.24643,102.8
-0.92165,-0.0854,0.21611,102.8
-0.91339,-0.081451,0.20923,102.81
-0.93853,-0.069603,0.24183,102.81
-0.95872,-0.073552,0.24378,102.82
-0.9313,-0.069603,0.26941,102.82
-0.94759,-0.077502,0.27547,102.83
-0.93222,-0.073552,0.30002,102.83
-0.94943,-0.089349,0.33662,102.84
-0.93738,-0.089349,0.3377,102.84
-0.99372,-0.097247,0.33632,102.85
-0.95826,-0.10515,0.36244,102.85
-0.99085,-0.1012,0.37497,102.86
-0.99075,-0.069603,0.37176,102.86
-0.9825,-0.057756,0.36505,102.87
-0.95577,-0.045909,0.41385,102.87
-0.92722,-0.014316,0.40167,102.88
-0.9193,-0.014316,0.40623,102.88
-0.8944,-0.0064173,0.3817,102.89
-0.88958,-0.0024682,0.35528,102.89
-0.87672,-0.0064173,0.32943,102.9
-0.8953,-0.022214,0.27744,102.9
-0.91114,-0.014316,0.26848,102.91
-0.90344,-0.030112,0.2804,102.91
-0.89976,-0.041959,0.29203,102.92
-0.90423,-0.061705,0.30662,102.92
-0.92028,-0.0854,0.3047,102.92
-0.89652,-0.093298,0.31822,102.93
-0.88399,-0.12884,0.30325,102.93
-0.88801,-0.12489,0.30297,102.94
-0.87951,-0.13674,0.28811,102.94
-0.88327,-0.17623,0.27929,102.95
-0.89177,-0.17228,0.29399,102.95
-0.90406,-0.14464,0.30113,102.96
-0.91188,-0.12094,0.29321,102.96
-0.92783,-0.12489,0.28785,102.97
-0.92737,-0.11699,0.27266,102.97
-0.92026,-0.11699,0.30407,102.98
-0.89571,-0.11304,0.29097,102.98
-0.89994,-0.12489,0.29805,102.99
-0.92737,-0.12094,0.27258,102.99
-0.94318,-0.16833,0.26252,103
-0.96176,-0.18018,0.2106,103
-0.98871,-0.19203,0.16947,103.01
-0.98949,-0.23942,0.19538,103.01
-1.0023,-0.27101,0.22052,103.02
-0.9749,-0.27891,0.24591,103.02
-0.97099,-0.28681,0.24995,103.03
-0.97097,-0.32235,0.24924,103.03
-0.96224,-0.33025,0.22679,103.04
-0.97039,-0.33419,0.22982,103.04
-0.97443,-0.2947,0.23025,103.05
-0.97788,-0.27496,0.2111,103.05
-0.97789,-0.25126,0.21157,103.06
-0.97779,-0.23547,0.20805,103.06
-0.99754,-0.21572,0.19513,103.07
-0.99272,-0.19992,0.16895,103.07
-0.97679,-0.17228,0.17478,103.08
-0.95225,-0.13674,0.16232,103.08
-0.92356,-0.14464,0.14551,103.09
-0.90324,-0.14859,0.13956,103.09
-0.89923,-0.15253,0.13985,103.1
-0.88682,-0.17228,0.12903,103.1
-0.91445,-0.20387,0.11052,103.11
-0.9109,-0.20387,0.12623,103.11
-0.9437,-0.23152,0.1458,103.12
-0.9477,-0.26311,0.14481,103.12
-0.96375,-0.29075,0.14282,103.12
-0.98485,-0.3105,0.17514,103.13
-0.98944,-0.32235,0.19373,103.13
-1.0004,-0.35789,0.15741,103.14
-1.0122,-0.38158,0.14818,103.14
-1.0165,-0.40923,0.15494,103.15
-1.0041,-0.42108,0.14427,103.15
-1.0134,-0.41318,0.18591,103.16
-1.0175,-0.41713,0.1893,103.16
-1.0377,-0.39738,0.19173,103.17
-1.0179,-0.36579,0.20184,103.17
-0.99345,-0.3263,0.19328,103.18
-0.96514,-0.27891,0.18909,103.18
-0.9243,-0.24731,0.17031,103.19
-0.91204,-0.21177,0.16444,103.19
-0.90794,-0.16833,0.16183,103.2
-0.93113,-0.14069,0.12952,103.2
-0.91472,-0.13674,0.11953,103.21
-0.94661,-0.16043,0.1085,103.21
-0.96668,-0.18018,0.1063,103.22
-0.97562,-0.19992,0.13587,103.22
-0.98755,-0.20782,0.13079,103.23
-0.99168,-0.21967,0.13403,103.23
-0.9888,-0.23152,0.17252,103.24
-0.97743,-0.25126,0.19623,103.24
-0.99406,-0.26706,0.21365,103.25
-0.99372,-0.27101,0.20206,103.25
-1.0014,-0.25916,0.19006,103.26
-1.0204,-0.27496,0.15342,103.26
-1.0201,-0.27891,0.14183,103.27
-1.0004,-0.27496,0.15522,103.27
-1.0087,-0.27101,0.16609,103.28
-0.98454,-0.26706,0.1645,103.28
-0.94944,-0.24731,0.20267,103.29
-0.9381,-0.20387,0.22764,103.29
-0.94604,-0.17228,0.22371,103.3
-0.94616,-0.15648,0.22786,103.3
-0.95421,-0.13674,0.22753,103.31
-0.95411,-0.10909,0.22425,103.31
-0.94218,-0.10909,0.22917,103.32
-0.93013,-0.1012,0.23041,103.32
-0.94654,-0.10909,0.24032,103.33
-0.9346,-0.12094,0.245,103.33
-0.9386,-0.14069,0.24425,103.33
-0.94273,-0.14464,0.24764,103.34
-0.9588,-0.13674,0.24635,103.34
-0.95041,-0.16438,0.23502,103.35
-0.94627,-0.17623,0.23131,103.35
-0.93859,-0.16438,0.24377,103.36
-0.94593,-0.16833,0.21995,103.36
-0.96545,-0.14859,0.19936,103.37
-0.98518,-0.15253,0.18596,103.37
-0.96108,-0.16043,0.18798,103.38
-0.95292,-0.16833,0.18471,103.38
-0.92562,-0.16438,0.21417,103.39
-0.94616,-0.16043,0.22779,103.39
-0.96671,-0.15253,0.24148,103.4
-0.95811,-0.13674,0.22334,103.4
-0.97005,-0.12884,0.21857,103.41
-0.97039,-0.13279,0.23,103.41
-0.95445,-0.12094,0.23552,103.42
-0.97821,-0.11304,0.222,103.42
-0.9696,-0.1012,0.20378,103.43
-0.95732,-0.10909,0.19703,103.43
-0.9774,-0.11699,0.19507,103.44
-0.98095,-0.12884,0.17913,103.44
-0.99677,-0.14069,0.16977,103.45
-1.0053,-0.14464,0.18432,103.45
-1.0054,-0.14464,0.18815,103.46
-1.0017,-0.15253,0.19986,103.46
-0.98575,-0.16043,0.20499,103.47
-0.97841,-0.16438,0.22865,103.47
-0.97072,-0.16833,0.2408,103.48
-0.95478,-0.14859,0.24648,103.48
-0.93448,-0.12489,0.24109,103.49
-0.94193,-0.14069,0.22087,103.49
-0.95294,-0.14069,0.18526,103.5
-0.96523,-0.12884,0.19208,103.5
-0.9859,-0.10515,0.20993,103.51
-0.98246,-0.097247,0.22963,103.51
-0.98648,-0.097247,0.22927,103.52
-0.99083,-0.11304,0.2401,103.52
-0.9905,-0.089349,0.22906,103.53
-0.9828,-0.1012,0.24106,103.53
-0.97053,-0.093298,0.23463,103.54
-0.96617,-0.093298,0.22348,103.54
-0.94632,-0.097247,0.23288,103.54
-0.91831,-0.10909,0.23901,103.55
-0.91039,-0.11304,0.24349,103.55
-0.92222,-0.1012,0.23497,103.56
-0.94563,-0.089349,0.21002,103.56
-0.93794,-0.097247,0.2221,103.57
-0.95079,-0.10515,0.24771,103.57
-0.94885,-0.097247,0.31728,103.58
-0.94333,-0.10909,0.26753,103.58
-0.94711,-0.11304,0.25942,103.59
-0.94287,-0.10909,0.25219,103.59
-0.96284,-0.1012,0.2467,103.6
-0.9625,-0.097247,0.23527,103.6
-0.95423,-0.1012,0.22824,103.61
-0.94655,-0.093298,0.24063,103.61
-0.94643,-0.093298,0.2368,103.62
-0.95032,-0.10909,0.23228,103.62
-0.95411,-0.10909,0.22425,103.63
-0.9782,-0.11699,0.22192,103.63
-0.97809,-0.11304,0.21817,103.64
-0.97052,-0.11304,0.23423,103.64
-0.98246,-0.097247,0.22963,103.65
-0.98258,-0.093298,0.23354,103.65
-0.99361,-0.069603,0.1984,103.66
-0.98203,-0.053807,0.21515,103.66
-0.96297,-0.069603,0.25117,103.67
-0.99821,-0.057756,0.21746,103.67
-1.0027,-0.057756,0.23245,103.68
-0.99889,-0.061705,0.2404,103.68
-0.94232,-0.057756,0.23403,103.69
-0.95482,-0.0854,0.24774,103.69
-0.93497,-0.081451,0.2573,103.7
-0.92268,-0.093298,0.25047,103.7
-0.94712,-0.1012,0.25966,103.71
-0.94345,-0.10515,0.27145,103.71
-0.93977,-0.10909,0.28324,103.72
-0.95171,-0.097247,0.27856,103.72
-0.96033,-0.077502,0.29741,103.73
-0.94027,-0.053807,0.29969,103.73
-0.93614,-0.049858,0.29629,103.74
-0.93144,-0.034061,0.27395,103.74
-0.9273,-0.041959,0.27032,103.75
-0.91961,-0.057756,0.28224,103.75
-0.93177,-0.049858,0.28514,103.75
-0.9436,-0.03801,0.27662,103.76
-0.94337,-0.03801,0.26895,103.76
-0.95634,-0.041959,0.29848,103.77
-0.95657,-0.034061,0.30631,103.77
-0.96082,-0.034061,0.31362,103.78
-0.94866,-0.030112,0.31095,103.78
-0.95278,-0.03801,0.31426,103.79
-0.94877,-0.03801,0.31463,103.79
-0.94004,-0.03801,0.29233,103.8
-0.9638,-0.030112,0.27881,103.8
-0.94716,-0.03801,0.26092,103.81
-0.94267,-0.045909,0.24578,103.81
-0.95531,-0.034061,0.26411,103.82
-0.95944,-0.022214,0.26782,103.82
-0.96748,-0.010366,0.26733,103.83
-0.9638,-0.026163,0.27889,103.83
-0.94442,-0.022214,0.30379,103.84
-0.94362,-0.0064173,0.27725,103.84
-0.94305,0.0093792,0.25839,103.85
-0.93938,0.013328,0.27034,103.85
-0.93559,0.00543,0.27821,103.86
-0.93594,0.0014809,0.28964,103.86
-0.93605,0.0014809,0.29348,103.87
-0.95201,0.0093792,0.28836,103.87
-0.9652,0.00543,0.32556,103.88
-0.96486,0.0014809,0.31397,103.88
-0.95705,0.0014809,0.32236,103.89
-0.94099,0.00543,0.32389,103.89
-0.93674,0.0014809,0.3165,103.9
-0.95281,-0.0024682,0.31497,103.9
-0.92137,-0.0024682,0.34088,103.91
-0.90645,-0.0064173,0.38061,103.91
-0.91391,-0.0024682,0.36079,103.92
-0.90919,-0.018265,0.33782,103.92
-0.91631,-0.010366,0.30656,103.93
-0.92812,-0.014316,0.29772,103.93
-0.92388,-0.018265,0.29033,103.94
-0.94397,0.00543,0.289,103.94
-0.94466,0.0093792,0.3121,103.95
-0.93698,0.0093792,0.32433,103.95
-0.94066,0.029125,0.31285,103.96
-0.93677,0.04887,0.31744,103.96
-0.94836,0.044921,0.30093,103.96
-0.94732,0.044921,0.26641,103.97
-0.94743,0.037023,0.27009,103.97
-0.9511,0.037023,0.25822,103.98
-0.93963,0.037023,0.27848,103.98
-0.94813,0.044921,0.29326,103.99
-0.95675,0.072565,0.31227,103.99
-0.95319,0.068616,0.3279,104
-0.95697,0.056769,0.31963,104
-0.94791,0.064667,0.28598,104.01
-0.93516,0.056769,0.26389,104.01
-0.93482,0.056769,0.25238,104.02
-0.93872,0.05282,0.24811,104.02
-0.93942,0.076514,0.2716,104.03
-0.95193,0.080463,0.28594,104.03
-0.95573,0.09626,0.27822,104.04
-0.95986,0.092311,0.28161,104.04
-0.96835,0.092311,0.29624,104.05
-0.97179,0.092311,0.27669,104.05
-0.97628,0.10811,0.29199,104.06
-0.97721,0.1318,0.32316,104.06
-0.96952,0.12785,0.33531,104.07
-0.9654,0.14365,0.33215,104.07
-0.98124,0.14365,0.32303,104.08
-0.98939,0.15155,0.3263,104.08
-0.974,0.12785,0.35029,104.09
-0.96585,0.1318,0.34726,104.09
-0.97366,0.1318,0.33886,104.1
-0.95322,0.11601,0.32885,104.1
-0.93704,0.11995,0.32653,104.11
-0.94129,0.11995,0.33384,104.11
-0.92902,0.1397,0.32765,104.12
-0.9366,0.1476,0.31174,104.12
-0.94889,0.15945,0.31856,104.13
-0.94452,0.1555,0.30734,104.13
-0.93638,0.16734,0.30446,104.14
-0.94854,0.1634,0.30713,104.14
-0.9482,0.1634,0.29563,104.15
-0.9443,0.17129,0.29998,104.15
-0.95693,0.18314,0.31831,104.16
-0.96508,0.18709,0.32151,104.16
-0.95705,0.19104,0.32231,104.17
-0.95351,0.20684,0.33833,104.17
-0.94182,0.23448,0.35147,104.17
-0.9378,0.23448,0.35184,104.18
-0.95376,0.25028,0.34687,104.18
-0.93816,0.25028,0.36366,104.19
-0.93794,0.26607,0.3563,104.19
-0.92531,0.26212,0.33813,104.2
-0.93369,0.26607,0.34899,104.2
-0.93404,0.26607,0.3605,104.21
-0.91016,0.25028,0.37003,104.21
-0.92588,0.24633,0.35699,104.22
-0.92589,0.27397,0.35754,104.22
-0.91741,0.29372,0.34332,104.23
-0.92132,0.30556,0.33935,104.23
-0.92511,0.31346,0.33148,104.24
-0.92132,0.31346,0.33951,104.24
-0.92961,0.34505,0.34709,104.25
-0.90907,0.349,0.33363,104.25
-0.8976,0.36875,0.35429,104.26
-0.88946,0.36875,0.35118,104.26
-0.88579,0.3806,0.36329,104.27
-0.85826,0.39639,0.38531,104.27
-0.86595,0.40034,0.37316,104.28
-0.85356,0.39639,0.36266,104.28
-0.84036,0.39244,0.3253,104.29
-0.81581,0.40824,0.31244,104.29
-0.8204,0.40824,0.33126,104.3
-0.80824,0.42404,0.32882,104.3
-0.80091,0.44378,0.35296,104.31
-0.82181,0.45563,0.37824,104.31
-0.81792,0.47143,0.38275,104.32
-0.81758,0.47933,0.3714,104.32
-0.80966,0.48722,0.37612,104.33
-0.82206,0.48722,0.38654,104.33
-0.83032,0.48722,0.39349,104.34
-0.82194,0.47933,0.38255,104.34
-0.81792,0.47933,0.38291,104.35
-0.83351,0.45958,0.36572,104.35
-0.8366,0.45168,0.33451,104.36
-0.81618,0.45563,0.32489,104.36
-0.81653,0.45563,0.3364,104.37
-0.81321,0.47143,0.36009,104.37
-0.82582,0.44378,0.37764,104.38
-0.82617,0.46353,0.38954,104.38
-0.80679,0.47538,0.4146,104.38
-0.80267,0.48722,0.41137,104.39
-0.7944,0.48327,0.40434,104.39
-0.80221,0.48722,0.39602,104.4
-0.80942,0.46353,0.36797,104.4
-0.80244,0.49512,0.40385,104.41
-0.8029,0.49907,0.41928,104.41
-0.7827,0.49117,0.41709,104.42
-0.77374,0.47933,0.38688,104.42
-0.76525,0.48722,0.37242,104.43
-0.76883,0.51487,0.35726,104.43
-0.75633,0.53856,0.34348,104.44
-0.75232,0.54646,0.344,104.44
-0.75611,0.55436,0.33612,104.45
-0.76001,0.54646,0.33176,104.45
-0.75208,0.53066,0.33601,104.46
-0.77583,0.52671,0.32225,104.46
-0.78855,0.50302,0.34371,104.47
-0.81598,0.50302,0.31816,104.47
-0.85693,0.47143,0.34077,104.48
-0.86129,0.47933,0.35208,104.48
-0.85313,0.45563,0.34849,104.49
-0.82914,0.43983,0.35418,104.49
-0.80539,0.45168,0.3681,104.5
-0.77327,0.46353,0.37122,104.5
-0.74448,0.47933,0.35105,104.51
-0.72911,0.49907,0.37591,104.51
-0.68989,0.52671,0.41077,104.52
-0.68198,0.55041,0.4158,104.52
-0.64722,0.55041,0.46509,104.53
-0.6275,0.5741,0.47888,104.53
-0.63977,0.56621,0.48531,104.54
-0.64037,0.6057,0.50528,104.54
-0.66459,0.61754,0.50718,104.55
-0.6607,0.63729,0.51177,104.55
-0.68102,0.64519,0.51779,104.56
-0.70076,0.65309,0.50464,104.56
-0.72083,0.62939,0.50236,104.57
-0.70821,0.64519,0.48457,104.57
-0.69639,0.64519,0.49333,104.58
-0.7401,0.63334,0.47377,104.58
-0.75662,0.61754,0.48736,104.58
-0.78119,0.63334,0.50085,104.59
-0.78211,0.64124,0.5317,104.59
-0.81782,0.67283,0.51373,104.6
-0.81864,0.70443,0.54121,104.6
-0.7987,0.74392,0.54764,104.61
-0.76303,0.76366,0.56664,104.61
-0.71828,0.77946,0.55175,104.62
-0.70268,0.77946,0.56854,104.62
-0.71495,0.77156,0.57497,104.63
-0.72825,0.75181,0.61569,104.63
-0.72025,0.79526,0.61728,104.64
-0.70007,0.82685,0.61588,104.64
-0.66531,0.8308,0.66525,104.65
-0.65374,0.86239,0.68231,104.65
-0.60213,0.91373,0.70721,104.66
-0.57509,0.96902,0.74537,104.66
-0.55501,0.97691,0.74734,104.67
-0.57855,1.0085,0.72662,104.67
-0.56592,1.0006,0.70836,104.68
-0.59712,0.98876,0.67454,104.68
-0.58471,0.95322,0.66341,104.69
-0.61719,0.95717,0.67211,104.69
-0.61936,0.96112,0.61044,104.7
-0.59467,0.92953,0.5928,104.7
-0.65077,0.90978,0.58351,104.71
-0.65479,0.91373,0.58323,104.71
-0.64215,0.89398,0.56473,104.72
-0.62632,0.89793,0.57393,104.72
-0.63034,0.90583,0.57373,104.73
-0.64286,0.92163,0.5883,104.73
-0.63884,0.91373,0.58851,104.74
-0.63815,0.92163,0.56565,104.74
-0.63827,0.92953,0.56964,104.75
-0.63002,0.93742,0.56285,104.75
-0.61351,0.96112,0.54942,104.76
-0.59721,0.95717,0.54312,104.76
-0.54225,0.96112,0.59046,104.77
-0.52114,0.96902,0.55789,104.77
-0.48476,0.96507,0.5534,104.78
-0.46892,0.96112,0.56244,104.78
-0.44104,0.97297,0.57287,104.79
-0.40869,0.98481,0.56833,104.79
-0.38448,0.98481,0.56666,104.79
-0.37587,0.99271,0.54836,104.8
-0.38838,0.99666,0.5627,104.8
-0.38013,1.0046,0.55591,104.81
-0.40399,1.0046,0.54607,104.81
-0.40434,1.0046,0.55758,104.82
-0.41284,1.0164,0.57243,104.82
-0.40917,1.0125,0.58423,104.83
-0.42913,1.0164,0.57866,104.83
-0.43292,1.0164,0.57063,104.84
-0.44405,1.0164,0.53885,104.84
-0.41926,1.0164,0.518,104.85
-0.40641,1.0204,0.49231,104.85
-0.37313,1.0204,0.45684,104.86
-0.33134,1.0046,0.40643,104.86
-0.28692,0.98086,0.40226,104.87
-0.23527,0.95717,0.42567,104.87
-0.22735,0.94927,0.43007,104.88
-0.22871,0.92558,0.47564,104.88
-0.20955,0.91768,0.50798,104.89
-0.19738,0.90583,0.50499,104.89
-0.1914,0.90583,0.44013,104.9
-0.18441,0.91768,0.47562,104.9
-0.18349,0.91768,0.44493,104.91
-0.16628,0.92558,0.40817,104.91
-0.14965,0.94532,0.39083,104.92
-0.12795,0.93347,0.33869,104.92
-0.12793,0.89793,0.33798,104.93
-0.15259,0.87819,0.3546,104.93
-0.1659,0.85844,0.39532,104.94
-0.17014,0.84659,0.40239,104.94
-0.17038,0.86634,0.41046,104.95
-0.1822,0.87029,0.40178,104.95
-0.17796,0.88609,0.39479,104.96
-0.18541,0.87424,0.37465,104.96
-0.19297,0.85054,0.35811,104.97
-0.19296,0.8387,0.35787,104.97
-0.21006,0.83475,0.39087,104.98
-0.19469,0.84659,0.41557,104.98
-0.21122,0.84659,0.42947,104.99
-0.20308,0.85844,0.42659,104.99
-0.21134,0.85449,0.43346,105
-0.21042,0.85449,0.40277,105
-0.23004,0.85054,0.38554,105
-0.23004,0.85449,0.38562,105.01
-0.2258,0.86239,0.37847,105.01
-0.23808,0.87029,0.38521,105.02
-0.23443,0.89793,0.39764,105.02
-0.22995,0.89793,0.38265,105.03
-0.26185,0.90188,0.37217,105.03
-0.26162,0.90188,0.36449,105.04
-0.25292,0.93742,0.34291,105.04
-0.23661,0.91373,0.33621,105.05
-0.24121,0.91768,0.35511,105.05
-0.24957,0.89793,0.3655,105.06
-0.2459,0.89003,0.37721,105.06
-0.23442,0.89003,0.39748,105.07
-0.23384,0.88214,0.37814,105.07
-0.20538,0.87424,0.369,105.08
-0.21352,0.85449,0.37172,105.08
-0.23334,0.8071,0.3613,105.09
-0.20523,0.81895,0.36406,105.09
-0.17344,0.815,0.37839,105.1
-0.18514,0.7992,0.36548,105.1
-0.1888,0.79131,0.35345,105.11
-0.17975,0.81895,0.3202,105.11
-0.13958,0.80315,0.3235,105.12
-0.12762,0.75576,0.32747,105.12
-0.10329,0.76366,0.32213,105.13
-0.091023,0.77551,0.31577,105.13
-0.111,0.79526,0.31052,105.14
-0.10342,0.78736,0.32643,105.14
-0.1281,0.7992,0.34368,105.15
-0.14038,0.79526,0.35019,105.15
-0.15244,0.81105,0.34942,105.16
-0.1646,0.8071,0.3521,105.16
-0.18078,0.7992,0.35433,105.17
-0.19673,0.81105,0.34928,105.17
-0.20843,0.80315,0.33653,105.18
-0.21658,0.7992,0.33957,105.18
-0.18813,0.81105,0.33082,105.19
-0.19569,0.80315,0.3146,105.19
-0.20304,0.81105,0.29102,105.2
-0.19133,0.80315,0.30345,105.2
-0.20326,0.79131,0.29829,105.21
-0.20763,0.80315,0.30968,105.21
-0.21518,0.77946,0.29314,105.21
-0.20703,0.76761,0.28979,105.22
-0.20267,0.76366,0.27856,105.22
-0.20278,0.75576,0.28224,105.23
-0.21058,0.75971,0.27392,105.23
-0.20276,0.72812,0.28169,105.24
-0.18611,0.72022,0.2638,105.24
-0.1783,0.70443,0.27188,105.25
-0.16649,0.70837,0.28071,105.25
-0.17404,0.68073,0.26409,105.26
-0.18253,0.67678,0.27864,105.26
-0.19056,0.66888,0.27776,105.27
-0.17817,0.68073,0.26757,105.27
-0.1908,0.68863,0.28582,105.28
-0.19826,0.69258,0.266,105.28
-0.17417,0.70443,0.2684,105.29
-0.1666,0.71232,0.28463,105.29
-0.14688,0.73602,0.29842,105.3
-0.12657,0.74392,0.29271,105.3
-0.11443,0.76761,0.29043,105.31
-0.11822,0.78341,0.28271,105.31
-0.11386,0.79131,0.27172,105.32
-0.12934,0.77156,0.2507,105.32
-0.11245,0.73997,0.22466,105.33
-0.10063,0.73997,0.23342,105.33
-0.12507,0.73602,0.24268,105.34
-0.13414,0.73602,0.27648,105.34
-0.12599,0.73602,0.27337,105.35
-0.11051,0.73997,0.29408,105.35
-0.1228,0.75576,0.30098,105.36
-0.13877,0.79526,0.29648,105.36
-0.13099,0.8308,0.30559,105.37
-0.15489,0.88214,0.29677,105.37
-0.14322,0.93742,0.31047,105.38
-0.11914,0.96902,0.31327,105.38
-0.11868,0.97297,0.298,105.39
-0.12282,0.98481,0.30171,105.39
-0.11019,0.97691,0.28346,105.4
-0.11809,0.94532,0.27827,105.4
-0.085598,0.92163,0.26918,105.41
-0.093273,0.90188,0.25655,105.41
-0.097501,0.87029,0.26323,105.42
-0.084749,0.85054,0.2409,105.42
-0.10493,0.8308,0.24254,105.42
-0.080952,0.8308,0.24855,105.43
-0.077969,0.82685,0.28335,105.43
-0.070171,0.83475,0.29191,105.44
-0.050562,0.85449,0.30945,105.44
-0.047595,0.87819,0.34482,105.45
-0.03946,0.89793,0.3421,105.45
-0.023627,0.90188,0.35129,105.46
-0.034755,0.90188,0.31952,105.46
-0.030173,0.91768,0.30101,105.47
-0.021104,0.91768,0.26721,105.47
-0.032808,0.91768,0.25462,105.48
-0.0092787,0.90583,0.27573,105.48
-0.02673,0.91373,0.32048,105.49
-0.034891,0.93742,0.32406,105.49
-0.038687,0.95322,0.31634,105.5
-0.026868,0.95322,0.3251,105.5
-0.01011,0.94927,0.30345,105.51
0.0021735,0.94137,0.2967,105.51
0.0025093,0.95717,0.28551,105.52
-0.0052978,0.96507,0.27727,105.52
-0.013441,0.95717,0.28023,105.53
-0.0058733,0.96507,0.29645,105.53
-0.0022094,0.97691,0.30856,105.54
0.0055718,1.0125,0.31767,105.54
-0.02565,1.0322,0.28448,105.55
-0.020832,1.0401,0.25814,105.55
-0.01314,1.0322,0.27022,105.56
-0.013368,1.0283,0.27781,105.56
-0.021983,1.0401,0.29651,105.57
-0.0062634,1.0401,0.30946,105.57
-0.023125,1.0243,0.33455,105.58
-0.039751,1.0006,0.35182,105.58
-0.051673,0.98086,0.3465,105.59
-0.051668,0.97297,0.34634,105.59
-0.052131,0.97691,0.36177,105.6
-0.063372,0.97297,0.33375,105.6
-0.078848,0.94927,0.31265,105.61
-0.061977,0.94927,0.28724,105.61
-0.086633,0.92163,0.3037,105.62
-0.094673,0.93347,0.30322,105.62
-0.10638,0.93347,0.29062,105.62
-0.10237,0.94137,0.29114,105.63
-0.13462,0.95717,0.2924,105.63
-0.14323,0.96507,0.31102,105.64
-0.15917,0.94927,0.30542,105.64
-0.15481,0.94532,0.2942,105.65
-0.1586,0.94927,0.28624,105.65
-0.1742,0.94532,0.26937,105.66
-0.15883,0.95322,0.29399,105.66
-0.15068,0.94927,0.2908,105.67
-0.15069,0.96507,0.29111,105.67
-0.15482,0.95717,0.29443,105.68
-0.13485,0.95717,0.30008,105.68
-0.115,0.95717,0.30956,105.69
-0.11901,0.94137,0.30888,105.69
-0.11889,0.94532,0.30512,105.7
-0.119,0.93742,0.3088,105.7
-0.1151,0.94137,0.31308,105.71
-0.13519,0.94137,0.31127,105.71
-0.11121,0.94532,0.31735,105.72
-0.11557,0.95717,0.32874,105.72
-0.11879,0.97297,0.30184,105.73
-0.11937,0.96902,0.32094,105.73
-0.11937,0.96507,0.32086,105.74
-0.11867,0.96507,0.29784,105.74
-0.1188,0.97691,0.30191,105.75
-0.11478,0.98086,0.30236,105.75
-0.12247,0.97691,0.29004,105.76
-0.12201,0.97297,0.27462,105.76
-0.11076,0.96902,0.30248,105.77
-0.11891,0.96902,0.30559,105.77
-0.12338,0.96902,0.32058,105.78
-0.1033,0.96112,0.32223,105.78
-0.11499,0.94137,0.30924,105.79
-0.13163,0.94532,0.32705,105.79
-0.11947,0.95322,0.32446,105.8
-0.11499,0.94927,0.3094,105.8
-0.14357,0.94927,0.32221,105.81
-0.13129,0.94927,0.31562,105.81
-0.13553,0.93742,0.3227,105.82
-0.12739,0.94532,0.31974,105.82
-0.143,0.95717,0.30319,105.83
-0.14345,0.94927,0.31838,105.83
-0.1469,0.95717,0.29899,105.83
-0.14266,0.96902,0.29192,105.84
-0.12647,0.96112,0.28937,105.84
-0.1306,0.95717,0.29276,105.85
-0.13462,0.96112,0.29248,105.85
-0.13118,0.96507,0.3121,105.86
-0.1189,0.96507,0.30551,105.86
-0.11868,0.96902,0.29792,105.87
-0.11087,0.95322,0.306,105.87
-0.12728,0.95717,0.31614,105.88
-0.13152,0.95322,0.32338,105.88
-0.12373,0.96507,0.33201,105.89
-0.12339,0.97691,0.32073,105.89
-0.12694,0.97691,0.30503,105.9
-0.14748,0.97297,0.31849,105.9
-0.14382,0.98086,0.33052,105.91
-0.14737,0.96902,0.31457,105.91
-0.16355,0.96902,0.31696,105.92
-0.17582,0.96507,0.32347,105.92
-0.16768,0.96902,0.32044,105.93
-0.16779,0.96507,0.3242,105.93
-0.15563,0.96507,0.32144,105.94
-0.16802,0.96112,0.33179,105.94
-0.17558,0.94927,0.31548,105.95
-0.1835,0.94927,0.31093,105.95
-0.17546,0.94137,0.31149,105.96
-0.17948,0.93347,0.31097,105.96
-0.17133,0.93347,0.30786,105.97
-0.17535,0.94137,0.30765,105.97
-0.1835,0.94532,0.31085,105.98
-0.17535,0.94137,0.30765,105.98
-0.17948,0.94927,0.31129,105.99
-0.19922,0.95322,0.29805,105.99
-0.1874,0.95322,0.30681,106
-0.18362,0.94927,0.31476,106
-0.18372,0.93742,0.31836,106.01
-0.17547,0.94532,0.31157,106.01
-0.18752,0.94532,0.31049,106.02
-0.18786,0.94532,0.32199,106.02
-0.18774,0.94137,0.31808,106.03
-0.18787,0.95717,0.32223,106.03
-0.19188,0.95322,0.32179,106.04
-0.19613,0.94927,0.32902,106.04
-0.18833,0.95322,0.3375,106.04
-0.20037,0.94927,0.33633,106.05
-0.20472,0.93347,0.34717,106.05
-0.20794,0.94927,0.32027,106.06
-0.20759,0.94137,0.3086,106.06
-0.18728,0.94532,0.30281,106.07
-0.18809,0.94137,0.32959,106.07
-0.17604,0.94137,0.33067,106.08
-0.17581,0.93742,0.32292,106.08
-0.17122,0.93742,0.3041,106.09
-0.17558,0.94137,0.31533,106.09
-0.15538,0.94137,0.3133,106.1
-0.16342,0.95717,0.31289,106.1
-0.17948,0.94927,0.31129,106.11
-0.17536,0.96112,0.30805,106.11
-0.16745,0.96902,0.31277,106.12
-0.15562,0.95717,0.32129,106.12
-0.15964,0.95717,0.32092,106.13
-0.15585,0.95717,0.32896,106.13
-0.16389,0.96112,0.32831,106.14
-0.16411,0.94532,0.33567,106.14
-0.16009,0.94927,0.33611,106.15
-0.15608,0.94532,0.33639,106.15
-0.16353,0.94532,0.31649,106.16
-0.15115,0.95717,0.3063,106.16
-0.15114,0.95322,0.30622,106.17
-0.15562,0.94927,0.32113,106.17
-0.15172,0.96112,0.32556,106.18
-0.16365,0.95322,0.32048,106.18
-0.17146,0.95717,0.31217,106.19
-0.17604,0.94927,0.33083,106.19
-0.15998,0.95322,0.33235,106.2
-0.14356,0.94137,0.32206,106.2
-0.14781,0.94532,0.32944,106.21
-0.13198,0.94137,0.33848,106.21
-0.11994,0.96112,0.33996,106.22
-0.1236,0.95322,0.32793,106.22
-0.13175,0.95717,0.33113,106.23
-0.1158,0.95717,0.33641,106.23
-0.1321,0.96112,0.34271,106.24
-0.13221,0.95322,0.34639,106.24
-0.14025,0.96112,0.34583,106.25
-0.12039,0.95322,0.35515,106.25
-0.12029,0.96902,0.35163,106.25
-0.12499,0.95717,0.37405,106.26
-0.12097,0.96112,0.37449,106.26
-0.1445,0.96507,0.35322,106.27
-0.14369,0.95322,0.32613,106.27
-0.15963,0.94532,0.32069,106.28
-0.15551,0.95717,0.31745,106.28
-0.15976,0.96507,0.32492,106.29
-0.1764,0.96902,0.34273,106.29
-0.18064,0.95717,0.34981,106.3
-0.16894,0.95717,0.3624,106.3
-0.17273,0.96902,0.3546,106.31
-0.15184,0.96902,0.32956,106.31
-0.16388,0.95322,0.32816,106.32
-0.16824,0.94137,0.33907,106.32
-0.17225,0.93742,0.33863,106.33
-0.15607,0.94137,0.33632,106.33
-0.17271,0.92953,0.35382,106.34
-0.16008,0.93347,0.3358,106.34
-0.15205,0.92953,0.33644,106.35
-0.15228,0.93347,0.34419,106.35
-0.15607,0.93347,0.33616,106.36
-0.15642,0.94137,0.34782,106.36
-0.14414,0.93742,0.34116,106.37
-0.17179,0.94137,0.32336,106.37
-0.15963,0.94532,0.32069,106.38
-0.17593,0.94532,0.32691,106.38
-0.17179,0.94137,0.32336,106.39
-0.18029,0.94532,0.33806,106.39
-0.16457,0.95322,0.35117,106.4
-0.16355,0.96902,0.31696,106.4
-0.15585,0.96112,0.32904,106.41
-0.15551,0.96902,0.31769,106.41
-0.12751,0.96112,0.32389,106.42
-0.13554,0.96112,0.32317,106.42
-0.11203,0.96902,0.34468,106.43
-0.12384,0.96902,0.33592,106.43
-0.12385,0.97297,0.336,106.44
-0.12373,0.96507,0.33201,106.44
-0.12785,0.95322,0.33525,106.45
-0.11615,0.95322,0.34784,106.45
-0.10846,0.95717,0.36015,106.46
-0.11637,0.94532,0.35535,106.46
-0.12476,0.95717,0.36638,106.46
-0.1166,0.94137,0.36295,106.47
-0.13657,0.94532,0.35738,106.47
-0.14438,0.95717,0.34922,106.48
-0.14794,0.96507,0.33368,106.48
-0.14427,0.96507,0.34555,106.49
-0.16068,0.96112,0.35553,106.49
-0.15655,0.96112,0.35205,106.5
-0.14851,0.96112,0.35278,106.5
-0.14805,0.95717,0.33735,106.51
-0.15964,0.95322,0.32085,106.51
-0.15562,0.96112,0.32136,106.52
-0.14828,0.95322,0.34495,106.52
-0.15207,0.95717,0.33699,106.53
-0.164,0.95322,0.33199,106.53
-0.17179,0.94137,0.32336,106.54
-0.1718,0.95322,0.3236,106.54
-0.16377,0.94927,0.32424,106.55
-0.17582,0.95322,0.32324,106.55
-0.19234,0.94927,0.33706,106.56
-0.16835,0.94532,0.34298,106.56
-0.16377,0.95322,0.32432,106.57
-0.16835,0.93742,0.34283,106.57
-0.19233,0.93742,0.33682,106.58
-0.19256,0.92953,0.34434,106.58
-0.19268,0.93347,0.34825,106.59
-0.18843,0.93742,0.34102,106.59
-0.20082,0.93347,0.35136,106.6
-0.20082,0.92953,0.35129,106.6
-0.21701,0.93742,0.35383,106.61
-0.21356,0.93742,0.37338,106.61
-0.20931,0.92953,0.36591,106.62
-0.19279,0.93347,0.35209,106.62
-0.21264,0.93742,0.34269,106.63
-0.21298,0.92558,0.35396,106.63
-0.20931,0.92953,0.36591,106.64
-0.20128,0.92953,0.36663,106.64
-0.18499,0.92953,0.3604,106.65
-0.20519,0.94532,0.36275,106.65
-0.18477,0.95717,0.35328,106.66
-0.17731,0.94927,0.37303,106.66
-0.1733,0.95322,0.37347,106.67
-0.18123,0.97297,0.3693,106.67
-0.16515,0.95717,0.37043,106.67
-0.17708,0.95717,0.36551,106.68
-0.16538,0.94927,0.37795,106.68
-0.16066,0.93742,0.35506,106.69
-0.16904,0.93742,0.36584,106.69
-0.17248,0.93742,0.3463,106.7
-0.1843,0.94137,0.33762,106.7
-0.18075,0.94532,0.35341,106.71
-0.17294,0.94137,0.36172,106.71
-0.16904,0.93742,0.36584,106.72
-0.17672,0.92953,0.35345,106.72
-0.18521,0.92558,0.368,106.73
-0.18922,0.91768,0.36748,106.73
-0.20552,0.91373,0.37363,106.74
-0.19325,0.93347,0.36743,106.74
-0.19325,0.93347,0.36743,106.75
-0.19335,0.91373,0.37087,106.75
-0.18086,0.93742,0.35709,106.76
-0.19336,0.92953,0.37119,106.76
-0.20151,0.92953,0.3743,106.77
-0.20622,0.93347,0.39704,106.77
-0.18982,0.94532,0.38721,106.78
-0.17754,0.94532,0.38062,106.78
-0.18969,0.93347,0.38314,106.79
-0.19004,0.92558,0.39449,106.79
-0.20162,0.92163,0.37798,106.8
-0.21035,0.92558,0.40036,106.8
-0.21391,0.93347,0.38481,106.81
-0.21378,0.91768,0.38065,106.81
-0.19324,0.90978,0.36696,106.82
-0.19266,0.91373,0.34786,106.82
-0.18796,0.92163,0.32536,106.83
-0.19163,0.92558,0.31357,106.83
-0.19577,0.92558,0.31704,106.84
-0.17913,0.94137,0.29962,106.84
-0.17064,0.94137,0.285,106.85
-0.1579,0.93347,0.26291,106.85
-0.15433,0.90978,0.27814,106.86
-0.16328,0.90188,0.30795,106.86
-0.21285,0.90188,0.34965,106.87
-0.22181,0.90188,0.37962,106.87
-0.22525,0.90188,0.36007,106.88
-0.2288,0.89793,0.34429,106.88
-0.23225,0.91768,0.32514,106.88
-0.23523,0.90978,0.29009,106.89
-0.2342,0.92558,0.25588,106.89
-0.23305,0.92163,0.21744,106.9
-0.2374,0.90188,0.22819,106.9
-0.25048,0.90188,0.26164,106.91
-0.23488,0.90978,0.27858,106.91
-0.2373,0.92163,0.22475,106.92
-0.24407,0.93742,0.18214,106.92
-0.25198,0.91768,0.17719,106.93
-0.27758,0.92558,0.22505,106.93
-0.26279,0.94137,0.26901,106.94
-0.26221,0.93742,0.24975,106.94
-0.23284,0.94927,0.21032,106.95
-0.25246,0.96112,0.1934,106.95
-0.24892,0.97297,0.20935,106.96
-0.25684,0.98086,0.20494,106.96
-0.276,0.98481,0.17252,106.97
-0.27542,0.96902,0.15303,106.97
-0.2753,0.96507,0.14911,106.98
-0.2753,0.96507,0.14911,106.98
-0.27587,0.96507,0.16829,106.99
-0.2566,0.96112,0.19688,106.99
-0.23238,0.95717,0.19513,107
-0.2286,0.96902,0.2034,107
-0.2364,0.95717,0.19477,107.01
-0.22412,0.95717,0.18818,107.01
-0.23111,0.95717,0.15293,107.02
-0.2388,0.96112,0.14078,107.02
-0.24306,0.97297,0.14833,107.03
-0.23926,0.96112,0.15612,107.03
-0.24341,0.97691,0.15991,107.04
-0.25156,0.98086,0.16311,107.04
-0.24731,0.98481,0.15587,107.05
-0.22288,0.99666,0.14677,107.05
-0.22712,0.99666,0.15408,107.06
-0.22264,0.99271,0.13902,107.06
-0.20268,0.99666,0.14474,107.07
-0.19878,0.99666,0.14894,107.07
-0.2106,1.0006,0.14026,107.08
-0.20233,0.98876,0.13307,107.08
-0.19452,0.97691,0.14123,107.08
-0.18258,0.97297,0.14607,107.09
-0.1626,0.95322,0.15132,107.09
-0.15824,0.94927,0.1401,107.1
-0.1587,0.95322,0.15552,107.1
-0.13873,0.94532,0.16101,107.11
-0.13036,0.96112,0.15054,107.11
-0.15481,0.96507,0.15996,107.12
-0.14701,0.97691,0.16859,107.12
-0.15493,0.97691,0.16403,107.13
-0.14611,0.99666,0.13829,107.13
-0.14105,0.99271,0.10405,107.14
-0.14507,0.99666,0.10377,107.14
-0.14048,1.0006,0.085024,107.15
-0.11627,1.0046,0.083435,107.15
-0.096195,1.0164,0.085479,107.16
-0.067844,1.0046,0.0801,107.16
-0.052011,1.0085,0.089297,107.17
-0.052009,1.0046,0.089218,107.17
-0.043631,1.0046,0.078432,107.18
-0.040078,1.0085,0.094218,107.18
-0.039732,1.0085,0.082709,107.19
-0.039732,1.0085,0.082709,107.19
-0.02758,1.0283,0.080351,107.2
-0.023437,1.0085,0.076482,107.2
-0.031693,0.99666,0.083196,107.21
-0.023327,1.0164,0.072803,107.21
-0.031246,1.0204,0.068323,107.22
-0.031932,1.0125,0.091183,107.22
-0.035948,1.0125,0.090822,107.23
-0.027909,1.0006,0.091308,107.23
-0.024017,1.0164,0.095821,107.24
-0.032625,1.0164,0.11428,107.24
-0.031937,1.0204,0.091341,107.25
-0.031942,1.0283,0.091498,107.25
-0.035845,1.0322,0.087379,107.26
-0.039972,1.0243,0.090697,107.26
-0.044218,1.0243,0.098008,107.27
-0.051908,1.0283,0.085855,107.27
-0.040423,1.0085,0.10573,107.28
-0.06429,1.0085,0.095885,107.28
-0.056828,1.0006,0.11563,107.29
-0.060495,0.99271,0.1036,107.29
-0.05751,0.98481,0.13834,107.29
-0.061758,0.98876,0.14573,107.3
-0.049357,0.97691,0.13506,107.3
-0.04994,0.98876,0.15448,107.31
-0.030201,0.98481,0.16772,107.31
-0.026312,1.0046,0.17231,107.32
-0.029872,1.0125,0.15676,107.32
-0.013579,1.0164,0.15061,107.33
-0.033896,1.0243,0.15664,107.33
-0.033783,1.0283,0.15288,107.34
-0.033555,1.0322,0.14529,107.34
-0.044676,1.0204,0.11327,107.35
-0.056493,1.0164,0.10444,107.35
-0.044449,1.0243,0.10568,107.36
-0.048578,1.0204,0.10908,107.36
-0.071647,1.0322,0.072617,107.37
-0.075773,1.0243,0.075934,107.37
-0.087482,1.0322,0.063499,107.38
-0.06763,1.0322,0.072979,107.38
-0.06407,1.0243,0.088528,107.39
-0.056382,1.0243,0.10076,107.39
-0.044005,1.0519,0.090887,107.4
-0.059278,1.0756,0.063059,107.4
-0.071677,1.0835,0.073641,107.41
-0.084302,1.0835,0.091738,107.41
-0.069517,1.1072,0.13586,107.42
-0.071022,1.123,0.18604,107.42
-0.05576,1.1191,0.21426,107.43
-0.068286,1.1467,0.22908,107.43
-0.076105,1.1744,0.22123,107.44
-0.087957,1.2297,0.21358,107.44
-0.076272,1.2613,0.2268,107.45
-0.045166,1.2415,0.26383,107.45
-0.04195,1.2336,0.29088,107.46
-0.025993,1.2218,0.29593,107.46
-0.013942,1.2178,0.29694,107.47
-0.020913,1.1744,0.26082,107.47
-0.016537,1.1507,0.2492,107.48
-0.011924,1.1151,0.22967,107.48
-0.0080039,1.0835,0.23324,107.49
-0.0046475,1.0322,0.25559,107.49
-0.020689,0.99271,0.25336,107.5
-0.00013301,0.96902,0.23935,107.5
0.0037989,0.91768,0.24252,107.5
0.019665,0.86634,0.25062,107.51
0.023813,0.8387,0.24659,107.51
0.035413,0.81895,0.26263,107.52
0.039774,0.81895,0.25148,107.52
0.011653,0.8308,0.24919,107.53
0.018991,0.8387,0.27308,107.53
0.023235,0.84264,0.26585,107.54
0.0032518,0.87029,0.26076,107.54
0.01965,0.89003,0.25109,107.55
0.012071,0.90188,0.23526,107.55
-0.0075476,0.89793,0.21803,107.56
-0.0072142,0.91768,0.20691,107.56
-0.006876,0.92953,0.19564,107.57
-0.010794,0.95717,0.19199,107.57
-0.027333,0.98086,0.20637,107.58
-0.03562,1.0204,0.2141,107.58
-0.040559,1.0243,0.24451,107.59
-0.045602,1.0085,0.27836,107.59
-0.042154,0.99666,0.29767,107.6
-0.033992,0.97297,0.29408,107.6
-0.041665,0.94927,0.28138,107.61
-0.036599,0.92558,0.24674,107.61
-0.044272,0.90188,0.23403,107.62
-0.043793,0.87029,0.21806,107.62
-0.075683,0.85449,0.20718,107.63
-0.087608,0.8387,0.20194,107.63
-0.075554,0.8308,0.20287,107.64
-0.10425,0.8387,0.21968,107.64
-0.091746,0.85054,0.20566,107.65
-0.083493,0.86634,0.19902,107.65
-0.10771,0.87424,0.20085,107.66
-0.10784,0.90188,0.20523,107.66
-0.12783,0.94137,0.20038,107.67
-0.13575,0.94532,0.1959,107.67
-0.14047,0.96112,0.21887,107.68
-0.16022,0.98876,0.2061,107.68
-0.17273,0.98481,0.22029,107.69
-0.16481,0.98876,0.22492,107.69
-0.16458,0.98876,0.21725,107.7
-0.17721,0.99271,0.23543,107.7
-0.13704,0.98086,0.23881,107.71
-0.14542,0.98086,0.24959,107.71
-0.14185,0.96507,0.26498,107.71
-0.13749,0.96507,0.25384,107.72
-0.12073,0.96507,0.23226,107.72
-0.14402,0.95717,0.20308,107.73
-0.13141,0.97691,0.18538,107.73
-0.11901,0.96507,0.17472,107.74
-0.1275,0.96112,0.18926,107.74
-0.13186,0.96112,0.20041,107.75
-0.12533,0.97297,0.25124,107.75
-0.10594,0.98086,0.27622,107.76
-0.10676,1.0046,0.30355,107.76
-0.091963,1.0006,0.34712,107.77
-0.064084,1.0085,0.35748,107.77
-0.040212,1.0006,0.36716,107.78
-0.039988,1.0125,0.35973,107.78
-0.0556,1.0243,0.34317,107.79
-0.060072,1.0164,0.358,107.79
-0.064079,1.0006,0.35732,107.8
-0.091606,0.98086,0.33521,107.8
-0.11214,0.97297,0.34859,107.81
-0.12832,0.96902,0.35091,107.81
-0.1283,0.94137,0.35036,107.82
-0.15263,0.93347,0.3557,107.82
-0.14414,0.94532,0.34132,107.83
-0.15263,0.93742,0.35578,107.83
-0.14483,0.93742,0.36418,107.84
-0.13278,0.94137,0.36534,107.84
-0.13301,0.93742,0.37293,107.85
-0.12475,0.93742,0.36598,107.85
-0.12819,0.94927,0.34668,107.86
-0.12865,0.94532,0.36194,107.86
-0.11143,0.94137,0.32495,107.87
-0.13518,0.92558,0.31095,107.87
-0.12659,0.95717,0.29313,107.88
-0.12635,0.95322,0.28537,107.88
-0.13072,0.95717,0.2966,107.89
-0.12694,0.96112,0.30471,107.89
-0.12683,0.98086,0.30127,107.9
-0.13888,0.98481,0.30027,107.9
-0.13969,0.98086,0.32704,107.91
-0.13532,0.97297,0.31574,107.91
-0.1313,0.96112,0.31586,107.92
-0.14357,0.95322,0.32229,107.92
-0.15595,0.93347,0.33232,107.92
-0.17178,0.92558,0.32305,107.93
-0.15239,0.92953,0.34795,107.93
-0.18051,0.92953,0.34542,107.94
-0.16491,0.93742,0.36237,107.94
-0.17282,0.93347,0.35773,107.95
-0.17649,0.91768,0.34554,107.95
-0.18841,0.90583,0.34039,107.96
-0.19221,0.91768,0.33259,107.96
-0.17224,0.91373,0.33815,107.97
-0.17683,0.91768,0.35705,107.97
-0.18325,0.90583,0.30239,107.98
-0.17556,0.90188,0.31454,107.98
-0.17992,0.90583,0.32577,107.99
-0.16351,0.90583,0.3157,107.99
-0.17522,0.92558,0.3035,108
-0.16742,0.92953,0.31198,108
-0.13517,0.92163,0.31088,108.01
-0.14344,0.92953,0.31798,108.01
-0.14322,0.94137,0.31055,108.02
-0.143,0.95322,0.30311,108.02
-0.15092,0.96112,0.29871,108.03
-0.15046,0.96112,0.28336,108.03
-0.15471,0.96507,0.29075,108.04
-0.16262,0.95322,0.28596,108.04
-0.18304,0.94532,0.2955,108.05
-0.19887,0.93742,0.28623,108.05
-0.20265,0.92953,0.27803,108.06
-0.20322,0.91768,0.29698,108.06
-0.20402,0.91768,0.32383,108.07
-0.22044,0.92163,0.33397,108.07
-0.2249,0.90583,0.34864,108.08
-0.24579,0.90583,0.37369,108.08
-0.22663,0.90583,0.40619,108.09
-0.22295,0.89793,0.4179,108.09
-0.24361,0.90188,0.43535,108.1
-0.26037,0.90188,0.45693,108.1
-0.27288,0.90188,0.47119,108.11
-0.27621,0.91373,0.44804,108.11
-0.29849,0.95322,0.38528,108.12
-0.31342,0.98086,0.34602,108.12
-0.27993,1.0046,0.30335,108.12
-0.28624,1.0125,0.24524,108.13
-0.2479,1.0125,0.17561,108.13
-0.25098,0.98481,0.144,108.14
-0.23087,0.93742,0.14486,108.14
-0.22327,0.89398,0.16007,108.15
-0.23794,0.85054,0.24635,108.15
-0.25195,0.85844,0.31064,108.16
-0.26379,0.87424,0.43683,108.16
-0.29354,0.91373,0.4888,108.17
-0.32924,0.92953,0.47051,108.17
-0.38007,0.93742,0.41994,108.18
-0.3991,0.90978,0.38305,108.18
-0.41265,0.93347,0.29768,108.19
-0.4309,0.95717,0.23496,108.19
-0.40612,0.96112,0.21419,108.2
-0.39039,0.94927,0.22691,108.2
-0.35918,0.93742,0.26026,108.21
-0.34298,0.91768,0.25747,108.21
-0.31531,0.89003,0.2748,108.22
-0.31898,0.88214,0.26277,108.22
-0.29867,0.87819,0.25683,108.23
-0.29463,0.85449,0.25671,108.23
-0.29001,0.8071,0.23695,108.24
-0.25362,0.77156,0.23182,108.24
-0.25244,0.72812,0.19259,108.25
-0.25575,0.70048,0.16866,108.25
-0.24585,0.66098,0.10721,108.26
-0.22514,0.5741,0.088107,108.26
-0.28131,0.27397,0.080897,108.27
-0.20677,0.36875,0.012567,108.27
-0.18813,0.66098,0.062403,108.28
-0.085807,0.88609,0.27614,108.28
0.29277,1.36,0.81206,108.29
0.30715,1.4706,1.0041,108.29
0.064285,1.3955,0.77683,108.3
-0.28908,1.1902,0.071594,108.3
-0.29436,1.0717,-0.42362,108.31
-0.1393,0.98481,-0.22292,108.31
-0.14891,1.0954,0.0977,108.32
-0.15573,1.3442,0.19054,108.32
-0.10077,1.5416,0.2379,108.33
-0.14041,1.6285,0.21684,108.33
-0.15769,1.5653,0.1217,108.33
-0.085243,1.5021,0.12311,108.34
-0.047974,1.51,0.35742,108.34
-0.069507,1.589,0.67249,108.35
-0.050327,1.5377,0.83859,108.35
-0.0055839,1.3639,0.82376,108.36
-0.011246,1.2494,0.74402,108.36
-0.052531,1.048,0.50933,108.37
-0.10932,0.87029,0.25448,108.37
-0.15388,0.75181,0.12885,108.38
-0.20008,0.69258,0.058112,108.38
-0.22771,0.64914,0.03937,108.39
-0.24467,0.6057,0.067749,108.39
-0.25774,0.59385,0.10095,108.4
-0.27002,0.5899,0.10746,108.4
-0.29437,0.62544,0.11368,108.41
-0.28179,0.69258,0.096919,108.41
-0.25788,0.8229,0.10552,108.42
-0.2552,0.94532,0.15053,108.42
-0.22759,1.0164,0.16982,108.43
-0.22406,1.0559,0.18631,108.43
-0.22777,1.1112,0.17555,108.44
-0.20584,1.1151,0.11605,108.44
-0.1612,1.1033,0.10445,108.45
-0.11561,1.0559,0.061441,108.45
-0.063269,1.0322,0.061831,108.46
-0.0079307,0.98086,0.096558,108.46
0.052112,0.93347,0.10871,108.47
0.11594,0.89398,0.12905,108.47
0.14728,0.86634,0.15824,108.48
0.1715,0.85054,0.15626,108.48
0.14349,0.87424,0.15037,108.49
0.10617,0.90188,0.18603,108.49
0.073793,0.93347,0.19144,108.5
0.017435,0.95717,0.19069,108.5
-0.0068949,0.96112,0.19627,108.51
-0.043514,0.98086,0.20876,108.51
-0.071515,0.98481,0.20247,108.52
-0.12407,0.98876,0.20936,108.52
-0.1725,0.98481,0.21261,108.53
-0.2294,0.96112,0.2301,108.53
-0.26956,0.94927,0.22625,108.54
-0.29367,0.96507,0.22439,108.54
-0.31812,0.98086,0.23405,108.54
-0.33052,1.0006,0.24487,108.55
-0.3265,0.99666,0.24515,108.55
-0.33006,1.0006,0.22952,108.56
-0.31756,1.0046,0.21534,108.56
-0.27786,1.0085,0.23438,108.57
-0.25411,1.0125,0.24813,108.57
-0.22966,1.0046,0.23864,108.58
-0.22518,1.0006,0.22357,108.58
-0.19362,0.98876,0.24541,108.59
-0.17387,0.97297,0.25841,108.59
-0.16606,0.96507,0.26665,108.6
-0.16627,0.92953,0.27361,108.6
-0.14962,0.91373,0.25556,108.61
-0.14524,0.87029,0.24355,108.61
-0.12525,0.84264,0.24864,108.62
-0.11709,0.815,0.24498,108.62
-0.13325,0.79131,0.24689,108.63
-0.12063,0.78736,0.22872,108.63
-0.12109,0.78736,0.24406,108.64
-0.11707,0.79131,0.2445,108.64
-0.10491,0.79131,0.24175,108.65
-0.097463,0.8071,0.26197,108.65
-0.092312,0.83475,0.22452,108.66
-0.1045,0.86634,0.2279,108.66
-0.091659,0.89793,0.20276,108.67
-0.10338,0.92163,0.19064,108.67
-0.10729,0.94532,0.18692,108.68
-0.094441,0.94927,0.16123,108.68
-0.078967,0.97691,0.18241,108.69
-0.087232,0.98086,0.18943,108.69
-0.078977,0.99271,0.18272,108.7
-0.055229,1.0006,0.19656,108.7
-0.039622,0.99666,0.21327,108.71
-0.035728,1.0085,0.2177,108.71
-0.011398,1.0046,0.21212,108.72
0.0045596,0.99271,0.21717,108.72
0.016954,0.99271,0.20674,108.73
0.033139,0.98481,0.20419,108.73
0.025336,0.98481,0.1958,108.74
0.040828,0.98086,0.21635,108.74
0.060675,0.98876,0.22598,108.75
0.065025,1.0085,0.21523,108.75
0.048957,1.0125,0.21386,108.75
0.044819,1.0243,0.21757,108.76
0.037239,1.0362,0.20174,108.76
0.048931,1.0559,0.21473,108.77
0.045044,1.0322,0.21006,108.77
0.033451,1.0401,0.19379,108.78
0.029437,1.0362,0.19335,108.78
0.013602,1.0362,0.18423,108.79
-0.014395,1.0322,0.17778,108.79
-0.034474,1.0283,0.1759,108.8
-0.03826,1.0283,0.16786,108.8
-0.055006,1.0125,0.18912,108.81
-0.10721,1.0006,0.18418,108.81
-0.12752,0.99271,0.18989,108.82
-0.15494,0.98876,0.16427,108.82
-0.18695,0.98086,0.15738,108.83
-0.21081,0.96902,0.1473,108.83
-0.23845,0.95322,0.12911,108.84
-0.26243,0.94532,0.12295,108.84
-0.27482,0.93742,0.13322,108.85
-0.29042,0.92953,0.11627,108.85
-0.30993,0.93347,0.095357,108.86
