-0.14263,1.1112,0.29092,133.7
-0.034489,1.2257,0.31063,133.71
0.084224,1.3284,0.24644,133.71
0.22374,1.3718,0.15985,133.72
0.31793,1.4271,0.10788,133.72
0.34258,1.4548,0.091422,133.73
0.41485,1.4943,0.098716,133.73
0.49976,1.5061,0.087362,133.74
0.6345,1.4824,0.025928,133.74
0.77189,1.435,0.010418,133.75
0.84649,1.4153,0.074437,133.75
0.86039,1.3679,0.14783,133.75
0.77482,1.3086,0.18125,133.76
0.6824,1.1862,0.17434,133.76
0.61028,1.0954,0.16218,133.77
0.57751,1.0125,0.18065,133.77
0.50032,0.94532,0.20314,133.78
0.44735,0.85449,0.22348,133.78
0.39036,0.79131,0.24401,133.79
0.27252,0.76761,0.27909,133.79
0.26404,0.74392,0.29324,133.8
0.19084,0.72812,0.31711,133.8
0.12625,0.68863,0.32205,133.81
0.074876,0.64124,0.28955,133.81
0.043091,0.64124,0.27515,133.82
0.031503,0.64124,0.25872,133.82
0.024717,0.67283,0.21643,133.83
0.022073,0.68863,0.17035,133.83
0.039413,0.67283,0.12928,133.84
0.065226,0.69258,0.074297,133.84
0.14277,0.73997,0.03991,133.85
0.21561,0.79131,0.028259,133.85
0.33841,0.95322,0.096402,133.86
0.4391,1.0677,-0.038418,133.86
0.49942,1.1467,-0.035257,133.87
0.61409,1.2692,0.035212,133.87
0.63142,1.2652,-0.0056202,133.88
0.60805,1.1981,-0.032146,133.88
0.56689,1.1349,-0.0024941,133.89
0.51847,1.127,0.00068335,133.89
0.50187,1.0638,0.017159,133.9
0.44029,0.98481,0.056197,133.9
0.39476,0.93347,0.097233,133.91
0.33774,0.90978,0.11855,133.91
0.30481,0.90978,0.14252,133.92
0.28059,0.91373,0.14426,133.92
0.26808,0.91373,0.15852,133.93
0.24835,0.91373,0.14521,133.93
0.2441,0.91373,0.15252,133.94
0.22848,0.93742,0.1362,133.94
0.20507,0.94137,0.11109,133.95
0.19762,0.93742,0.091109,133.95
0.18166,0.94927,0.086063,133.96
0.19002,0.97297,0.075749,133.96
0.19025,0.98086,0.068234,133.96
0.19804,0.99271,0.076866,133.97
0.20263,0.99666,0.058125,133.97
0.19919,0.99271,0.038503,133.98
0.19943,0.98481,0.030673,133.98
0.20345,0.97297,0.030798,133.99
0.19565,0.97691,0.022481,133.99
0.18784,0.98086,0.014164,134
0.17213,0.97691,0.0011308,134
0.17201,0.97297,0.0048884,134.01
0.16387,0.97297,0.0080018,134.01
0.14321,0.97691,0.025455,134.02
0.13127,0.98086,0.020613,134.02
0.090877,0.98086,0.024671,134.03
0.070911,0.98086,0.019027,134.03
0.058744,0.98481,0.021858,134.04
0.070112,0.96902,0.045645,134.04
0.053937,0.96112,0.047878,134.05
0.03328,0.96112,0.065252,134.05
0.045216,0.95717,0.070094,134.06
0.044751,0.96507,0.085597,134.06
0.045446,0.95717,0.062422,134.07
0.037761,0.95322,0.050111,134.07
0.0093137,0.93347,0.058696,134.08
0.0095368,0.94532,0.051259,134.08
0.016881,0.94137,0.074921,134.09
0.01309,0.94927,0.067045,134.09
0.025036,0.92953,0.071572,134.1
0.032935,0.96112,0.076761,134.1
0.097186,0.97691,0.08286,134.11
0.12565,0.97691,0.073881,134.11
0.13757,0.99271,0.079117,134.12
0.12563,1.0046,0.074432,134.12
0.12162,0.98481,0.073677,134.13
0.12966,0.98481,0.0744,134.13
0.10534,0.97297,0.079668,134.14
0.10087,0.96112,0.094415,134.14
0.10016,0.98086,0.11783,134.15
0.1122,0.99666,0.11923,134.15
0.10796,0.98876,0.12638,134.16
0.10372,0.98086,0.13353,134.16
0.083192,0.95717,0.1466,134.17
0.079639,0.95322,0.13081,134.17
0.055421,0.96112,0.13264,134.17
0.051417,0.94137,0.13188,134.18
0.047405,0.93347,0.13136,134.18
0.051776,0.91768,0.1199,134.19
0.060051,0.89793,0.11256,134.19
0.063849,0.87819,0.1202,134.2
0.076245,0.87424,0.10969,134.2
0.084508,0.87424,0.10275,134.21
0.10884,0.86239,0.097005,134.21
0.13327,0.88609,0.088137,134.22
0.15551,0.92163,0.1524,134.22
0.2187,0.97297,0.19373,134.23
0.267,0.98876,0.19455,134.23
0.30442,0.97297,0.15529,134.24
0.31466,0.93742,0.08241,134.24
0.3783,0.85054,-0.025154,134.25
0.44386,0.79131,-0.062752,134.25
0.51205,0.74787,-0.053637,134.26
0.57124,0.76761,-0.013295,134.26
0.61758,0.7992,0.053054,134.27
0.60436,0.82685,0.090884,134.27
0.58735,0.87029,0.121,134.28
0.54351,0.88609,0.10583,134.28
0.4954,0.92953,0.098518,134.29
0.44327,0.98481,0.091085,134.29
0.37954,1.0638,0.067696,134.3
0.3523,1.1467,0.036129,134.3
0.34168,1.2534,-0.012701,134.31
0.31409,1.3442,-0.032601,134.31
0.31013,1.4429,-0.034829,134.32
0.29839,1.4943,-0.046399,134.32
0.26577,1.5456,-0.032921,134.33
0.22585,1.5298,-0.044523,134.33
0.2222,1.4864,-0.05726,134.34
0.25439,1.3995,-0.056101,134.34
0.26272,1.2849,-0.065335,134.35
0.25908,1.2257,-0.078387,134.35
0.25456,1.1151,-0.061773,134.36
0.20157,1.0638,-0.040642,134.36
0.17555,1.0046,0.021225,134.37
0.17809,0.96507,0.070671,134.37
0.19233,0.94532,0.1331,134.38
0.17454,0.94137,0.18912,134.38
0.15225,0.97691,0.26092,134.38
0.15832,0.98481,0.32701,134.39
0.1627,0.96507,0.31547,134.39
0.228,0.95322,0.28649,134.4
0.23971,0.93347,0.29869,134.4
0.21953,0.91768,0.30041,134.41
0.22839,0.87819,0.27349,134.41
0.22438,0.85844,0.27273,134.42
0.22465,0.8071,0.26404,134.42
0.23693,0.80315,0.25737,134.43
0.22384,0.80315,0.29081,134.43
0.2439,0.8387,0.29333,134.44
0.27992,0.86634,0.30097,134.44
0.33164,0.91768,0.32204,134.45
0.3511,0.98876,0.34444,134.45
0.33629,1.0046,0.30111,134.46
0.29029,0.98876,0.22357,134.46
0.2839,0.94532,0.16827,134.47
0.2955,0.92953,0.18439,134.47
0.30341,0.93347,0.18902,134.48
0.30673,0.94927,0.21272,134.48
0.29044,0.94532,0.21887,134.49
0.28653,0.94532,0.21467,134.49
0.25772,0.96112,0.23547,134.5
0.22904,0.94927,0.25189,134.5
0.20978,0.92163,0.22267,134.51
0.1928,0.91373,0.25176,134.51
0.19954,0.94532,0.29531,134.52
0.18714,0.96507,0.30613,134.52
0.18795,0.96112,0.2792,134.53
0.14816,0.91373,0.26313,134.53
0.10066,0.89398,0.23538,134.54
0.12109,0.89398,0.22568,134.54
0.11259,0.90978,0.24062,134.55
0.10443,0.93347,0.2442,134.55
0.096507,0.93742,0.23972,134.56
0.081135,0.93347,0.21518,134.56
0.081501,0.89793,0.20296,134.57
0.10526,0.89003,0.21648,134.57
0.13338,0.87819,0.21878,134.58
0.1335,0.86634,0.2147,134.58
0.13317,0.84264,0.22574,134.58
0.15314,0.84264,0.23138,134.59
0.18458,0.8308,0.25706,134.59
0.24059,0.81895,0.26955,134.6
0.27625,0.85449,0.28886,134.6
0.35241,0.91373,0.30075,134.61
0.39184,0.99666,0.32903,134.61
0.38446,1.048,0.30632,134.62
0.38445,1.0756,0.30687,134.62
0.35221,1.0677,0.30765,134.63
0.32478,1.0717,0.28219,134.63
0.32479,1.0559,0.28187,134.64
0.3125,1.0756,0.28885,134.64
0.28425,1.0993,0.29063,134.65
0.27246,1.0677,0.28124,134.65
0.24057,1.0441,0.27021,134.66
0.22831,1.0085,0.27609,134.66
0.20366,0.96507,0.29223,134.67
0.15066,0.94532,0.31399,134.67
0.14253,0.90978,0.3164,134.68
0.13889,0.85449,0.30343,134.68
0.15027,0.8308,0.32705,134.69
0.20637,0.85054,0.33635,134.69
0.22278,0.84659,0.3262,134.7
0.2549,0.85844,0.32933,134.7
0.29929,0.89398,0.32634,134.71
0.32844,0.89793,0.29443,134.71
0.30847,0.90188,0.28886,134.72
0.30823,0.91373,0.29677,134.72
0.30857,0.93347,0.28566,134.73
0.32052,0.90583,0.29002,134.73
0.32833,0.88214,0.29795,134.74
0.35234,0.85054,0.30332,134.74
0.36073,0.8308,0.29214,134.75
0.36109,0.80315,0.28008,134.75
0.37294,0.74787,0.28774,134.76
0.36815,0.70048,0.31328,134.76
0.38421,0.70443,0.31481,134.77
0.38456,0.69653,0.30314,134.77
0.39569,0.68468,0.33468,134.78
0.41958,0.65704,0.34397,134.78
0.42738,0.65309,0.35229,134.79
0.40727,0.70048,0.35143,134.79
0.39957,0.72417,0.33967,134.79
0.38383,0.75576,0.32734,134.8
0.34826,0.76366,0.30506,134.8
0.3322,0.75576,0.30346,134.81
0.27999,0.74392,0.29853,134.81
0.3173,0.72812,0.2631,134.82
0.3095,0.71627,0.25447,134.82
0.32877,0.73207,0.28345,134.83
0.31304,0.75181,0.27088,134.83
0.28951,0.76761,0.24985,134.84
0.28514,0.76761,0.261,134.84
0.2856,0.77551,0.24581,134.85
0.29374,0.79131,0.24301,134.85
0.32483,0.80315,0.28067,134.86
0.36463,0.8229,0.29618,134.86
0.36818,0.84264,0.31228,134.87
0.38435,0.85844,0.31021,134.87
0.39237,0.86634,0.31109,134.88
0.41693,0.87424,0.29807,134.88
0.42472,0.89398,0.30686,134.89
0.40876,0.91373,0.30197,134.89
0.41334,0.93347,0.28354,134.9
0.39325,0.93742,0.28182,134.9
0.38911,0.94927,0.28553,134.91
0.36076,0.95717,0.29083,134.91
0.35755,0.96112,0.26369,134.92
0.36501,0.96112,0.28359,134.92
0.36867,0.97691,0.29578,134.93
0.38095,0.98086,0.28927,134.93
0.38553,0.99666,0.27077,134.94
0.37748,1.0204,0.27052,134.94
0.39411,1.0401,0.25317,134.95
0.40236,1.0717,0.24685,134.95
0.40233,1.1151,0.24772,134.96
0.45087,1.1151,0.24055,134.96
0.47578,1.1072,0.21571,134.97
0.46833,1.0914,0.19549,134.97
0.44104,1.0598,0.16547,134.98
0.43819,1.0362,0.12627,134.98
0.42294,1.0204,0.09766,134.99
0.4148,1.0046,0.10046,134.99
0.39127,1.0125,0.079265,135
0.35421,1.0085,0.10662,135
0.30933,1.0243,0.12598,135
0.28982,1.0322,0.10515,135.01
0.25734,1.0322,0.11377,135.01
0.22979,1.0519,0.092448,135.02
0.23404,1.0519,0.085137,135.02
0.2423,1.0638,0.078424,135.03
0.25434,1.0717,0.079666,135.03
0.18997,1.0638,0.077561,135.04
0.24562,1.0677,0.10188,135.04
0.20061,1.1112,0.12563,135.05
0.21475,1.0835,0.057106,135.05
0.21797,1.0638,0.083928,135.06
0.20169,1.0401,0.089682,135.06
0.19814,1.0204,0.073581,135.07
0.16614,0.99271,0.066302,135.07
0.17821,0.96112,0.066756,135.08
0.18639,0.91768,0.062776,135.08
0.202,0.89793,0.079173,135.09
0.20474,0.91373,0.12205,135.09
0.2006,0.93347,0.12592,135.1
0.18453,0.94532,0.12471,135.1
0.18924,0.93347,0.10182,135.11
0.18132,0.93347,0.097257,135.11
0.17352,0.93347,0.088861,135.12
0.15749,0.88214,0.086391,135.12
0.11023,0.85844,0.05089,135.13
-0.26547,0.67678,-0.044255,135.13
0.00213,0.66888,0.029677,135.14
0.20037,0.93347,0.13359,135.14
0.1653,1.0519,0.094338,135.15
0.089674,1.0677,0.064767,135.15
0.017975,1.0362,0.038449,135.16
-0.040059,1.1704,0.093611,135.16
0.25217,1.2573,0.017789,135.17
0.27976,1.1704,0.037768,135.17
0.224,1.1546,0.017047,135.18
0.17192,1.1349,0.008118,135.18
0.070502,1.0875,0.032663,135.19
0.017395,1.0441,0.057788,135.19
-0.015653,1.0401,0.085508,135.2
-0.039763,1.0598,0.083733,135.2
-0.067177,1.0441,0.05787,135.21
-0.094471,1.0204,0.028013,135.21
-0.098713,1.0125,0.035166,135.21
-0.10606,1.0204,0.011583,135.22
-0.066367,1.0362,0.030858,135.22
-0.049959,1.0401,0.020874,135.23
-0.045484,1.0441,0.0059686,135.23
-0.020691,1.0362,-0.015038,135.24
-0.008633,1.0204,-0.014269,135.24
-0.0046191,1.0243,-0.013828,135.25
0.0074298,1.0243,-0.012744,135.25
0.010643,1.0204,0.014393,135.26
0.039337,1.0125,-0.002416,135.26
0.078936,0.99271,0.019986,135.27
0.094877,1.0085,0.025584,135.27
0.12276,1.0085,0.035787,135.28
0.14675,1.0046,0.041713,135.28
0.18278,0.99271,0.048566,135.29
0.17819,0.98876,0.067307,135.29
0.18187,0.98876,0.079178,135.3
0.17383,0.98876,0.078455,135.3
0.18565,0.99666,0.087369,135.31
0.19001,0.99666,0.076222,135.31
0.20195,0.98481,0.080906,135.32
0.19794,0.98086,0.080466,135.32
0.17762,0.98086,0.086331,135.33
0.17775,0.96902,0.082259,135.33
0.16937,0.97297,0.093124,135.34
0.18119,0.96507,0.10172,135.34
0.19725,0.96507,0.10317,135.35
0.20116,0.95717,0.10721,135.35
0.20529,0.96902,0.10397,135.36
0.22524,0.98481,0.10993,135.36
0.20148,0.99271,0.096409,135.37
0.18955,0.99271,0.091488,135.37
0.19747,0.98876,0.095969,135.38
0.1853,1.0006,0.098957,135.38
0.18553,0.99271,0.091127,135.39
0.17395,0.98086,0.074461,135.39
0.15811,0.99271,0.065579,135.4
0.14192,1.0125,0.068363,135.4
0.14914,1.0164,0.096019,135.41
0.14134,1.0243,0.087781,135.41
0.14133,1.0322,0.087939,135.42
0.15751,1.0401,0.085706,135.42
0.14087,1.0322,0.10328,135.42
0.13994,1.048,0.13429,135.43
0.16451,1.0362,0.12088,135.43
0.15258,1.0243,0.11572,135.44
0.14456,1.0085,0.11468,135.44
0.1129,0.98481,0.095972,135.45
0.11268,0.97297,0.10341,135.45
0.10487,0.98086,0.09517,135.46
0.11646,0.97297,0.11144,135.46
0.12828,0.98086,0.12036,135.47
0.14055,0.99666,0.11408,135.47
0.15661,1.0085,0.11577,135.48
0.14891,1.0164,0.10369,135.48
0.16486,1.0204,0.10905,135.49
0.18115,1.0362,0.10314,135.49
0.18918,1.0283,0.10371,135.5
0.18907,1.0204,0.10739,135.5
0.18094,1.0046,0.11018,135.51
0.21673,1.0125,0.1251,135.51
0.21732,0.98481,0.10537,135.52
0.21389,0.97297,0.085591,135.52
0.22181,0.97691,0.090229,135.53
0.22572,0.95717,0.094033,135.53
0.24603,0.96112,0.088246,135.54
0.26565,0.96507,0.10548,135.54
0.2654,0.98481,0.11354,135.55
0.26941,0.99666,0.11414,135.55
0.27365,1.0125,0.10715,135.56
0.28123,1.0085,0.12314,135.56
0.28065,1.0164,0.14247,135.57
0.28007,1.0204,0.16173,135.57
0.26757,1.0085,0.17576,135.58
0.24737,1.0006,0.17763,135.58
0.24738,0.98481,0.17732,135.59
0.23489,0.96507,0.19118,135.59
0.23432,0.94927,0.21005,135.6
0.21884,0.92558,0.18895,135.6
0.19511,0.90188,0.1748,135.61
0.18709,0.88214,0.17368,135.61
0.17929,0.87029,0.16505,135.62
0.14716,0.86239,0.162,135.62
0.13477,0.86634,0.1725,135.62
0.10653,0.87424,0.17397,135.63
0.098614,0.87819,0.16949,135.63
0.09367,0.89003,0.20005,135.64
0.073809,0.90583,0.19089,135.64
0.069081,0.94137,0.21425,135.65
0.069302,0.95717,0.2069,135.65
0.077426,0.99666,0.20457,135.66
0.089926,1.0125,0.19062,135.66
0.10127,1.0322,0.21512,135.67
0.11353,1.0638,0.20916,135.67
0.12167,1.0796,0.20636,135.68
0.14129,1.0835,0.2236,135.68
0.1367,1.0717,0.24218,135.69
0.1569,1.0677,0.24007,135.69
0.17676,1.0598,0.24939,135.7
0.20489,1.0322,0.25137,135.7
0.19274,1.0164,0.25381,135.71
0.1963,1.0006,0.2692,135.71
0.19218,0.98876,0.27244,135.72
0.19975,0.98876,0.28851,135.72
0.19976,0.96507,0.28803,135.73
0.21194,0.94927,0.28497,135.73
0.20001,0.93347,0.27973,135.74
0.21206,0.93742,0.2809,135.74
0.2155,0.93742,0.30044,135.75
0.2038,0.92558,0.28761,135.75
0.17913,0.91768,0.30446,135.76
0.19072,0.92953,0.32113,135.76
0.18257,0.92558,0.32416,135.77
0.1541,0.94532,0.33354,135.77
0.15021,0.93347,0.3291,135.78
0.12221,0.92163,0.3225,135.78
0.089863,0.90583,0.32697,135.79
0.04636,0.92953,0.30044,135.79
0.018112,0.96112,0.30238,135.8
0.0019268,0.96902,0.30493,135.8
-0.006336,0.96902,0.31188,135.81
-0.046621,0.98086,0.31234,135.81
-0.082887,0.98876,0.31308,135.82
-0.086789,0.98876,0.30888,135.82
-0.075092,1.0006,0.32171,135.83
-0.066827,0.99666,0.31468,135.83
-0.074742,0.99271,0.31004,135.83
-0.06647,0.97691,0.30278,135.84
-0.078408,0.98481,0.29801,135.84
-0.071048,0.95322,0.32113,135.85
-0.057963,0.95322,0.28768,135.85
-0.062313,0.93347,0.29844,135.86
-0.053827,0.94532,0.28405,135.86
-0.053702,0.92953,0.2799,135.87
-0.018246,0.92953,0.30617,135.87
-0.0019508,0.92953,0.29994,135.88
0.045777,0.94137,0.31986,135.88
0.074126,0.93347,0.31456,135.89
0.10154,0.94137,0.34027,135.89
0.13368,0.92953,0.34292,135.9
0.15778,0.93742,0.34525,135.9
0.17442,0.92953,0.32736,135.91
0.19452,0.90188,0.32861,135.91
0.23031,0.91373,0.34361,135.92
0.25865,0.92163,0.33863,135.92
0.27781,0.92953,0.37128,135.93
0.30226,0.91768,0.36171,135.93
0.33014,0.91373,0.37183,135.94
0.34633,0.90188,0.3692,135.94
0.35012,0.89793,0.37716,135.95
0.34942,0.90978,0.40041,135.95
0.37339,0.93347,0.40689,135.96
0.36111,0.93742,0.41356,135.96
0.33371,0.90583,0.38738,135.97
0.30985,0.89003,0.37722,135.97
0.27807,0.87424,0.36251,135.98
0.24986,0.84264,0.36318,135.98
0.18974,0.8308,0.35369,135.99
0.15394,0.8229,0.33877,135.99
0.097599,0.8229,0.33754,136
0.057787,0.815,0.32226,136
0.033905,0.8387,0.31289,136.01
0.026215,0.84264,0.30074,136.01
0.022072,0.86239,0.30461,136.02
0.01449,0.87819,0.28886,136.02
0.0019717,0.89398,0.30343,136.03
0.0017415,0.89398,0.3111,136.03
-0.0060704,0.90978,0.30302,136.04
-0.0059789,0.94927,0.29998,136.04
0.0064152,0.94927,0.28955,136.04
0.026602,0.96507,0.28784,136.05
0.043807,0.98481,0.25131,136.05
0.056304,1.0046,0.23745,136.06
0.088996,1.0283,0.22163,136.06
0.10941,1.0441,0.21224,136.07
0.12604,1.0717,0.19506,136.07
0.15048,1.0756,0.1858,136.08
0.16997,1.1033,0.20734,136.08
0.21425,1.1191,0.20779,136.09
0.23006,1.1704,0.21793,136.09
0.24541,1.202,0.24303,136.1
0.2414,1.202,0.24267,136.1
0.27009,1.1862,0.2257,136.11
0.26186,1.1388,0.23171,136.11
0.25442,1.1112,0.21125,136.12
0.25112,1.0638,0.18692,136.12
0.24288,1.0283,0.19317,136.13
0.20699,0.97691,0.18122,136.13
0.21115,0.92953,0.1768,136.14
0.21083,0.89398,0.1876,136.14
0.20223,0.87819,0.20574,136.15
0.2096,0.8387,0.22869,136.15
0.20571,0.8229,0.22418,136.16
0.2298,0.8229,0.22635,136.16
0.23749,0.8229,0.23858,136.17
0.25378,0.82685,0.23243,136.17
0.27694,0.85844,0.26592,136.18
0.28519,0.88214,0.25944,136.18
0.26934,0.90188,0.25072,136.19
0.25821,0.90583,0.21902,136.19
0.24662,0.90583,0.20259,136.2
0.25144,0.92163,0.17642,136.2
0.22802,0.93742,0.15155,136.21
0.20771,0.94137,0.15749,136.21
0.20013,0.94927,0.14158,136.22
0.20344,0.97691,0.16551,136.22
0.18656,0.99666,0.19131,136.23
0.16728,1.0046,0.16281,136.23
0.15558,0.99666,0.15006,136.24
0.15284,0.98086,0.10718,136.24
0.12473,0.97297,0.10449,136.25
0.10934,0.98876,0.080344,136.25
0.109,0.98481,0.091774,136.25
0.097404,0.99666,0.075581,136.26
0.081334,1.0046,0.074293,136.26
0.072829,1.0243,0.089309,136.27
0.072597,1.0283,0.09706,136.27
0.060078,1.0441,0.11164,136.28
0.056057,1.0519,0.11143,136.28
0.065365,1.0362,0.069641,136.29
0.077421,1.0243,0.070489,136.29
0.070091,1.0046,0.046354,136.3
0.078112,1.0243,0.047471,136.3
0.10232,1.0243,0.045803,136.31
0.11899,0.98086,0.027201,136.31
0.13516,0.99666,0.025126,136.32
0.14745,0.98086,0.018222,136.32
0.17614,0.97297,0.0014135,136.33
0.15963,0.96112,0.015077,136.33
0.17157,0.93742,0.019525,136.34
0.18798,0.93742,0.0094616,136.34
0.20795,0.94532,0.015263,136.35
0.2037,0.94927,0.022653,136.35
0.21208,0.94532,0.011788,136.36
0.22791,0.95322,0.021064,136.36
0.25188,0.96507,0.027305,136.37
0.24763,0.98086,0.034932,136.37
0.24418,0.98481,0.015467,136.38
0.256,0.99271,0.024382,136.38
0.2482,0.99271,0.015986,136.39
0.23649,1.0046,0.0036294,136.39
0.22111,1.0006,-0.020913,136.4
0.20494,0.98876,-0.018759,136.4
0.20081,0.99271,-0.015205,136.41
0.20091,1.0046,-0.018805,136.41
0.18107,1.0006,-0.028364,136.42
0.24968,1.0085,-0.033571,136.42
0.1814,1.0125,-0.039637,136.43
0.18141,1.0085,-0.039716,136.43
0.18542,1.0125,-0.039275,136.44
0.20917,1.0125,-0.025598,136.44
0.19748,1.0006,-0.038427,136.45
0.20964,0.99271,-0.041337,136.45
0.20172,1.0006,-0.045738,136.46
0.18555,0.98481,-0.043663,136.46
0.16121,1.0006,-0.037844,136.46
0.15249,1.0006,-0.015549,136.47
0.13551,0.98481,0.01338,136.47
0.12266,0.98086,0.039071,136.48
0.11475,0.96902,0.034276,136.48
0.1065,0.95322,0.040911,136.49
0.11029,0.94532,0.048787,136.49
0.11843,0.95717,0.04591,136.5
0.14679,0.93742,0.040374,136.5
0.15895,0.93742,0.037622,136.51
0.18682,0.95322,0.04814,136.51
0.19819,0.93347,0.071848,136.52
0.2263,0.94532,0.074615,136.52
0.26658,0.94927,0.074472,136.53
0.29479,0.97297,0.073639,136.53
0.35102,0.96507,0.078542,136.54
0.36766,0.97691,0.061042,136.54
0.37592,0.98086,0.054171,136.55
0.40771,0.97297,0.068414,136.55
0.39624,0.96507,0.047991,136.56
0.40048,0.96902,0.040758,136.56
0.36777,0.97691,0.057206,136.57
0.32738,0.98481,0.061421,136.57
0.30223,0.99666,0.094016,136.58
0.27778,1.0164,0.10375,136.58
0.26183,1.0164,0.098467,136.59
0.23039,1.0085,0.0724,136.59
0.1907,0.99271,0.053125,136.6
0.17442,0.97691,0.059037,136.6
0.13828,0.95717,0.05539,136.61
0.13369,0.96112,0.074289,136.61
0.1305,0.92953,0.046443,136.62
0.1389,0.89003,0.034869,136.62
0.15061,0.88214,0.047305,136.63
0.15153,0.87424,0.016457,136.63
0.18377,0.87819,0.015591,136.64
0.18377,0.89003,0.015828,136.64
0.20808,0.90583,0.010639,136.65
0.21633,0.93347,0.0042405,136.65
0.22081,0.92163,-0.01098,136.66
0.20794,0.94927,0.015342,136.66
0.22377,0.96902,0.024854,136.67
0.23202,0.98876,0.018298,136.67
0.26036,0.98481,0.013077,136.67
0.26025,0.98876,0.016992,136.68
0.25589,0.97297,0.027824,136.68
0.25899,0.96902,0.058798,136.69
0.25853,0.96507,0.074064,136.69
0.24648,0.96902,0.073058,136.7
0.25819,0.95717,0.085416,136.7
0.27391,0.96112,0.098449,136.71
0.31019,0.94137,0.097472,136.71
0.31043,0.92163,0.089406,136.72
0.30585,0.89003,0.1076,136.72
0.30999,0.88609,0.10404,136.73
0.2969,0.88609,0.13748,136.73
0.2844,0.87029,0.15143,136.74
0.28451,0.87819,0.14775,136.74
0.30471,0.88609,0.14588,136.75
0.31354,0.88609,0.11975,136.75
0.32582,0.89793,0.1134,136.76
0.3257,0.90583,0.11739,136.76
0.29345,0.90583,0.11834,136.77
0.2776,0.93347,0.10977,136.77
0.273,0.95322,0.12898,136.78
0.26139,0.97691,0.11303,136.78
0.24992,0.98086,0.092838,136.79
0.21342,0.98876,0.10125,136.79
0.17705,0.98481,0.10559,136.8
0.14962,0.99271,0.080201,136.8
0.12989,0.98086,0.066649,136.81
0.11004,0.97691,0.05709,136.81
0.086417,0.95322,0.039103,136.82
0.082748,0.94927,0.027154,136.82
0.074706,0.96507,0.026746,136.83
0.086053,0.98481,0.051242,136.83
0.1105,0.97691,0.041745,136.84
0.13034,0.98876,0.051461,136.84
0.1587,0.97691,0.046082,136.85
0.19426,0.98086,0.068596,136.85
0.21045,0.98086,0.066205,136.86
0.24613,0.98086,0.084804,136.86
0.27011,0.98481,0.090888,136.87
0.31004,0.98481,0.10217,136.87
0.27759,0.94532,0.11,136.88
0.24903,0.91768,0.12227,136.88
0.2689,0.88609,0.13112,136.88
0.28109,0.85844,0.12781,136.89
0.28511,0.84659,0.12794,136.89
0.30061,0.8308,0.14825,136.9
0.30682,0.80315,0.2098,136.9
0.2918,0.77946,0.17336,136.91
0.29167,0.7992,0.17759,136.91
0.27985,0.80315,0.16891,136.92
0.24026,0.80315,0.14611,136.92
0.23727,0.8229,0.11162,136.93
0.22567,0.84264,0.095585,136.93
0.21017,0.86239,0.075351,136.94
0.21037,0.90978,0.068624,136.94
0.21024,0.94532,0.073169,136.95
0.24259,0.95717,0.068624,136.95
0.23479,0.94927,0.060071,136.96
0.20279,0.93347,0.053028,136.96
0.20668,0.94137,0.057384,136.97
0.21085,0.87424,0.05257,136.97
0.19866,0.92163,0.056267,136.98
0.18248,0.91768,0.058578,136.98
0.16194,0.91373,0.072038,136.99
0.14117,0.91373,0.093248,136.99
0.1575,0.86634,0.086076,137
0.15338,0.84264,0.089078,137
0.16877,0.81895,0.11307,137.01
0.19195,0.80315,0.14561,137.01
0.20035,0.77946,0.13436,137.02
0.20378,0.78341,0.15398,137.02
0.23201,0.78341,0.15267,137.03
0.25199,0.76366,0.15792,137.03
0.284,0.76761,0.16473,137.04
0.35984,0.78736,0.18733,137.04
0.31875,0.79526,0.21457,137.05
0.32287,0.815,0.21149,137.05
0.36028,0.81895,0.17262,137.06
0.32931,0.80315,0.13105,137.06
0.33391,0.7992,0.11215,137.07
0.32588,0.79131,0.11127,137.07
0.30591,0.79526,0.10571,137.08
0.2934,0.79131,0.11989,137.08
0.26506,0.79131,0.12503,137.08
0.21639,0.815,0.13651,137.09
0.21651,0.7992,0.13236,137.09
0.20091,0.79526,0.11549,137.1
0.18957,0.76761,0.090835,137.1
0.16136,0.73602,0.091511,137.11
0.15735,0.72417,0.090913,137.11
0.15325,0.66888,0.093285,137.12
0.15293,0.62939,0.10401,137.12
0.12473,0.5899,0.10452,137.13
0.12369,0.5899,0.13905,137.13
0.12736,0.5978,0.15108,137.14
0.11967,0.5899,0.13869,137.14
0.15204,0.57805,0.13367,137.15
0.13116,0.5741,0.15864,137.15
0.12277,0.59385,0.16982,137.16
0.12997,0.62939,0.19811,137.16
0.14167,0.64124,0.21094,137.17
0.15772,0.66493,0.21285,137.17
0.17197,0.64124,0.14058,137.18
0.21317,0.63334,0.10951,137.18
0.21479,0.62149,0.055562,137.19
0.20711,0.6057,0.043015,137.19
0.26761,0.57015,0.040056,137.2
0.25568,0.56621,0.035056,137.2
0.27543,0.54646,0.047979,137.21
0.28394,0.50302,0.03249,137.21
0.29212,0.45958,0.02851,137.22
0.30843,0.43194,0.021732,137.22
0.29593,0.41614,0.035678,137.23
0.27575,0.39244,0.037234,137.23
0.27541,0.3885,0.048664,137.24
0.23479,0.37665,0.060159,137.24
0.21473,0.33716,0.057564,137.25
0.21475,0.31346,0.057091,137.25
0.22692,0.29767,0.054024,137.26
0.21477,0.27397,0.056303,137.26
0.20237,0.28187,0.066885,137.27
0.19813,0.27792,0.074118,137.27
0.17872,0.29767,0.049686,137.28
0.17067,0.32531,0.049515,137.28
0.17892,0.3569,0.043195,137.29
0.19981,0.34505,0.017912,137.29
0.20087,0.30951,-0.017324,137.29
0.22257,0.29767,-0.069461,137.3
0.23866,0.25422,-0.068882,137.3
0.18638,0.17524,-0.07132,137.31
0.11792,0.092311,-0.071446,137.31
0.071811,0.05282,-0.010993,137.32
0.0044954,-0.014316,-0.049167,137.32
-0.052045,-0.069603,-0.043822,137.33
-0.084974,-0.081451,-0.020095,137.33
-0.094385,-0.0854,0.025139,137.34
-0.11141,-0.018265,0.055722,137.34
-0.10745,0.080463,0.058053,137.35
-0.088244,0.19104,0.08892,137.35
-0.075461,0.30951,0.065513,137.36
-0.11464,0.39244,0.029026,137.36
-0.1662,0.45563,0.0025695,137.37
-0.088394,0.65309,-0.040333,137.37
0.065037,0.83475,-0.053664,137.38
-0.03001,0.68468,0.027101,137.38
-0.038993,0.54251,0.058069,137.39
-0.047115,0.49907,0.060316,137.39
-0.043084,0.47538,0.060205,137.4
-0.011438,0.51487,0.079229,137.4
-0.04064,0.60175,0.11296,137.41
-0.074332,0.71232,0.16214,137.41
-0.1378,0.73207,0.1299,137.42
-0.2606,0.76366,0.061781,137.42
-0.28302,0.8308,0.13804,137.43
-0.3624,0.79131,0.099331,137.43
-0.38325,0.72417,0.12304,137.44
-0.45905,0.64914,0.099329,137.44
-0.47428,0.60175,0.070084,137.45
-0.4458,0.56621,0.060397,137.45
-0.42295,0.52277,0.1039,137.46
-0.42706,0.49512,0.10682,137.46
-0.4336,0.47933,0.19054,137.47
-0.51094,0.46748,0.21797,137.47
-0.57462,0.46748,0.193,137.48
-0.63371,0.45168,0.1489,137.48
-0.70335,0.42009,0.18816,137.49
-0.71772,0.46353,0.26467,137.49
-0.78692,0.64124,0.42356,137.5
-0.87495,1.0362,0.53893,137.5
-0.88098,1.6562,0.87391,137.5
-1.1651,2.5329,1.4852,137.51
-1.631,3.4372,1.846,137.51
-2.1471,3.998,2.2685,137.52
-2.8572,3.8993,2.4488,137.52
-3.1343,3.4214,2.422,137.53
-3.3636,1.6127,2.2806,137.53
-4.4709,1.4548,0.26213,137.54
-6.7163,4.2389,-0.19969,137.54
-7.8202,7.0902,-0.98828,137.55
-8.0974,7.3942,-1.1456,137.55
-5.1243,5.009,-0.77957,137.56
-1.3111,2.3078,-0.090359,137.56
0.68634,0.1634,1.5198,137.57
0.94433,-0.63828,1.377,137.57
0.43067,-0.61458,0.2426,137.58
-0.12168,-0.45662,-0.27324,137.58
-0.35129,-0.29865,-0.13688,137.59
-0.80179,-0.20387,0.38224,137.59
-1.0189,-0.12094,0.63747,137.6
-1.1154,0.076514,1.0366,137.6
-0.8046,0.34505,1.1469,137.61
-0.34593,0.56226,0.89249,137.61
0.098802,0.69653,0.56592,137.62
0.4342,0.75576,0.39342,137.62
0.56192,0.76761,0.29745,137.63
0.48343,0.78341,0.22915,137.63
0.2211,0.8071,0.1137,137.64
-0.094177,0.91373,0.018213,137.64
-0.31912,0.96902,-0.0009261,137.65
-0.36883,0.99666,0.04516,137.65
-0.30649,0.93742,0.11498,137.66
-0.42975,0.75971,0.1965,137.66
-0.53007,0.60965,0.18447,137.67
-0.69386,0.29372,0.14033,137.67
-0.80253,-0.061705,0.0041927,137.68
-0.89809,-0.48821,-0.032171,137.68
-0.80784,-0.88312,0.71815,137.69
-0.88049,-0.86338,0.72355,137.69
-1.1528,-0.5277,0.13645,137.7
-1.3253,-0.19992,0.1121,137.7
-1.3318,-0.045909,0.33,137.71
-1.2946,-0.030112,0.43367,137.71
-1.3016,-0.16438,0.39575,137.71
-1.4089,-0.33025,0.34815,137.72
-1.583,-0.53165,0.24767,137.72
-1.795,-0.65802,0.19914,137.73
-1.8167,-0.68962,0.25041,137.73
-1.7176,-0.66197,0.30219,137.74
-1.5655,-0.60274,0.33246,137.74
-1.4407,-0.59484,0.33615,137.75
-1.4623,-0.59089,0.38429,137.75
-1.4416,-0.56719,0.49818,137.76
-1.3823,-0.53955,0.53485,137.76
-1.3063,-0.48031,0.41977,137.77
-1.2029,-0.38158,0.3272,137.77
-1.1227,-0.29865,0.33992,137.78
-1.0564,-0.27891,0.41168,137.78
-1.042,-0.3026,0.47019,137.79
-1.0288,-0.33025,0.43236,137.79
-0.96213,-0.33814,0.35743,137.8
-0.88113,-0.3105,0.34219,137.8
-0.82915,-0.3105,0.35456,137.81
-0.74953,-0.28681,0.38528,137.81
-0.65981,-0.26311,0.34767,137.82
-0.59726,-0.25916,0.27644,137.82
-0.49983,-0.27101,0.25036,137.83
-0.43604,-0.25126,0.27188,137.83
-0.33702,-0.24731,0.32703,137.84
-0.3059,-0.27496,0.3639,137.84
-0.30256,-0.3105,0.38657,137.85
-0.34867,-0.34209,0.44718,137.85
-0.41271,-0.34999,0.5682,137.86
-0.55238,-0.33814,0.65973,137.86
-0.69987,-0.29865,0.74341,137.87
-0.78563,-0.23547,0.78311,137.87
-0.80928,-0.21572,0.76599,137.88
-0.83132,-0.18018,0.69548,137.88
-0.78063,-0.12489,0.61652,137.89
-0.72053,-0.061705,0.49241,137.89
-0.66511,-0.026163,0.3904,137.9
-0.64298,0.0014809,0.3237,137.9
-0.62621,-0.026163,0.30158,137.91
-0.64247,-0.077502,0.30678,137.91
-0.68316,-0.15648,0.32077,137.92
-0.73522,-0.21177,0.31114,137.92
-0.7772,-0.25916,0.36796,137.92
-0.85521,-0.3105,0.41761,137.93
-0.89189,-0.37369,0.43228,137.93
-0.93719,-0.42897,0.46556,137.94
-0.95358,-0.45267,0.47515,137.94
-0.97789,-0.48821,0.47995,137.95
-1.0219,-0.5277,0.47135,137.95
-1.0133,-0.53165,0.45281,137.96
-1.0126,-0.51191,0.43019,137.96
-1.0626,-0.50006,0.349,137.97
-1.0651,-0.52375,0.29829,137.97
-1.0777,-0.54745,0.31592,137.98
-1.0706,-0.55929,0.34709,137.98
-1.0751,-0.59484,0.3652,137.99
-1.1081,-0.55535,0.38995,137.99
-1.1442,-0.46057,0.38475,138
-1.1602,-0.36974,0.38128,138
-1.1044,-0.26706,0.3999,138.01
-1.0805,-0.22757,0.41053,138.01
-1.019,-0.16438,0.37501,138.02
-0.92979,-0.12094,0.35314,138.02
-0.88505,-0.097247,0.33841,138.03
-0.82894,-0.093298,0.34738,138.03
-0.77718,-0.097247,0.36735,138.04
-0.70822,-0.081451,0.35079,138.04
-0.70375,-0.069603,0.33605,138.05
-0.73968,-0.049858,0.32551,138.05
-0.75141,-0.0064173,0.31379,138.06
-0.76301,0.013328,0.29775,138.06
-0.7715,0.0014809,0.31214,138.07
-0.79237,-0.018265,0.33679,138.07
-0.84158,-0.053807,0.36627,138.08
-0.85833,-0.069603,0.38753,138.08
-0.90722,-0.069603,0.40621,138.09
-0.93956,-0.093298,0.41052,138.09
-0.96813,-0.10515,0.42309,138.1
-0.97225,-0.11699,0.42633,138.1
-0.98418,-0.12489,0.42125,138.11
-0.97237,-0.10909,0.43033,138.11
-0.9647,-0.081451,0.44311,138.12
-0.95703,-0.061705,0.45574,138.12
-0.95647,-0.026163,0.43726,138.12
-0.96405,-0.022214,0.42127,138.13
-0.94787,-0.026163,0.4188,138.13
-0.94763,-0.03801,0.4109,138.14
-0.92263,-0.010366,0.38292,138.14
-0.91839,0.0093792,0.37601,138.15
-0.91025,0.021227,0.37313,138.15
-0.89409,0.044921,0.37121,138.16
-0.86597,0.040972,0.37366,138.16
-0.85046,0.0093792,0.39366,138.17
-0.83852,-0.0064173,0.39827,138.17
-0.85091,-0.0024682,0.40877,138.18
-0.87467,-0.0024682,0.39509,138.18
-0.9022,-0.0024682,0.37338,138.19
-0.93021,0.0014809,0.36709,138.19
-0.94718,-0.010366,0.3961,138.2
-0.97931,-0.010366,0.39321,138.2
-1.0041,-0.034061,0.41359,138.21
-1.036,-0.053807,0.40263,138.21
-1.0403,-0.065654,0.41354,138.22
-1.0365,-0.069603,0.42149,138.22
-1.045,-0.057756,0.43635,138.23
-1.0169,-0.045909,0.43912,138.23
-0.97552,-0.026163,0.40093,138.24
-0.92951,-0.0024682,0.344,138.24
-0.85997,0.00543,0.3081,138.25
-0.81947,0.0093792,0.30028,138.25
-0.7956,0.00543,0.31005,138.26
-0.7637,0.0093792,0.32069,138.26
-0.77152,0.029125,0.31269,138.27
-0.79195,0.037023,0.32255,138.27
-0.78061,0.064667,0.3472,138.28
-0.82124,0.076514,0.35917,138.28
-0.90213,0.064667,0.37088,138.29
-0.94264,0.064667,0.37878,138.29
-1.0044,0.037023,0.42268,138.3
-1.0375,0.025176,0.45408,138.3
-1.0542,0.021227,0.47173,138.31
-1.0501,0.021227,0.47209,138.31
-1.034,0.029125,0.46986,138.32
-0.97717,0.033074,0.45582,138.32
-0.91118,0.033074,0.40406,138.33
-0.85427,0.05282,0.38649,138.33
-0.81721,0.056769,0.35914,138.33
-0.78899,0.084413,0.35838,138.34
-0.78557,0.11206,0.37847,138.34
-0.82253,0.11601,0.40215,138.35
-0.83894,0.11995,0.4123,138.35
-0.8589,0.11601,0.40657,138.36
-0.89836,0.10021,0.37963,138.36
-0.92956,0.080463,0.34565,138.37
-0.97477,0.068616,0.37596,138.37
-0.99174,0.037023,0.40458,138.38
-0.99266,0.037023,0.43527,138.38
-1.0085,0.013328,0.42568,138.39
-1.0279,0.00543,0.4007,138.39
-1.0356,0.0014809,0.38839,138.4
-1.0602,0.00543,0.40548,138.4
-1.0724,-0.0064173,0.40799,138.41
-1.0524,-0.0024682,0.41371,138.41
-1.044,-0.010366,0.40277,138.42
-1.0081,-0.0024682,0.41385,138.42
-0.98999,0.0093792,0.34648,138.43
-0.9549,0.029125,0.38466,138.43
-0.89087,0.040972,0.39835,138.44
-0.86678,0.044921,0.4006,138.44
-0.84635,0.040972,0.39082,138.45
-0.86975,0.040972,0.36563,138.45
-0.88169,0.04887,0.36087,138.46
-0.89006,0.033074,0.37134,138.46
-0.89625,0.0093792,0.44339,138.47
-0.88604,0.00543,0.50578,138.47
-0.88638,-0.0024682,0.51713,138.48
-0.92218,-0.0024682,0.50237,138.48
-0.97427,-0.026163,0.49336,138.49
-1.0183,-0.026163,0.48555,138.49
-1.0342,-0.034061,0.47627,138.5
-1.0538,-0.041959,0.45896,138.5
-1.0726,-0.041959,0.41496,138.51
-1.0872,-0.041959,0.36364,138.51
-1.0968,-0.030112,0.28223,138.52
-1.1179,-0.014316,0.18063,138.52
-1.1047,0.00543,0.14374,138.53
-1.093,0.025176,0.15673,138.53
-1.0745,0.10416,0.20999,138.54
-1.0575,0.15155,0.18169,138.54
-1.0443,0.20684,0.14168,138.54
-1.0351,0.24238,0.10474,138.55
-1.028,0.25817,0.13647,138.55
-1.037,0.34111,0.16809,138.56
-1.0416,0.42404,0.18857,138.56
-1.0387,0.44773,0.22393,138.57
-1.0311,0.47538,0.24055,138.57
-0.99555,0.48327,0.26314,138.58
-0.95479,0.45563,0.24702,138.58
-0.89474,0.38455,0.2587,138.59
-0.83821,0.27792,0.25396,138.59
-0.76565,0.20684,0.25138,138.6
-0.70572,0.1555,0.26728,138.6
-0.66566,0.14365,0.2745,138.61
-0.59773,0.13575,0.29199,138.61
-0.56996,0.1318,0.30595,138.62
-0.5578,0.1476,0.30352,138.62
-0.54988,0.14365,0.308,138.63
-0.54151,0.1555,0.29745,138.63
-0.54577,0.17129,0.30508,138.64
-0.56196,0.19104,0.30786,138.64
-0.57848,0.18709,0.32168,138.65
-0.61841,0.18314,0.31031,138.65
-0.66741,0.17919,0.33275,138.66
-0.7241,0.17524,0.34296,138.66
-0.78859,0.17524,0.34485,138.67
-0.84161,0.17524,0.367,138.67
-0.88659,0.17524,0.38988,138.68
-0.95946,0.17129,0.40248,138.68
-0.99938,0.15945,0.39095,138.69
-1.0515,0.18314,0.38289,138.69
-1.0951,0.23053,0.36068,138.7
-1.0957,0.26212,0.38049,138.7
-1.1008,0.28977,0.41521,138.71
-1.1225,0.33321,0.46797,138.71
-1.1036,0.38455,0.50917,138.72
-1.0716,0.40824,0.51637,138.72
-1.0505,0.40034,0.48349,138.73
-1.0129,0.34111,0.43953,138.73
-0.97616,0.27397,0.42226,138.74
-0.94321,0.25422,0.3979,138.74
-0.93182,0.20289,0.42098,138.75
-0.90828,0.17524,0.44178,138.75
-0.91286,0.1555,0.46021,138.75
-0.9334,0.14365,0.47351,138.76
-0.95314,0.15945,0.46051,138.76
-0.95315,0.16734,0.46067,138.77
-0.95717,0.17524,0.46046,138.77
-0.94019,0.17919,0.4313,138.78
-0.8998,0.18709,0.4274,138.78
-0.8757,0.19499,0.42972,138.79
-0.83921,0.18314,0.42123,138.79
-0.80604,0.19104,0.38975,138.8
-0.78457,0.1634,0.34497,138.8
-0.78834,0.13575,0.33639,138.81
-0.80013,0.10021,0.32692,138.81
-0.80803,0.064667,0.32165,138.82
-0.82053,0.05282,0.33568,138.82
-0.83339,0.05282,0.36145,138.83
-0.86609,0.056769,0.37782,138.83
-0.88974,0.076514,0.3607,138.84
-0.89779,0.09626,0.36037,138.84
-0.86154,0.1239,0.36033,138.85
-0.86499,0.1318,0.34095,138.85
-0.8403,0.11601,0.32362,138.86
-0.83938,0.11601,0.29293,138.86
-0.8356,0.11206,0.30089,138.87
-0.85132,0.11601,0.28801,138.87
-0.84741,0.11206,0.29213,138.88
-0.86808,0.12785,0.30982,138.88
-0.8845,0.14365,0.3202,138.89
-0.90149,0.1476,0.34952,138.89
-0.9296,0.14365,0.34691,138.9
-0.95416,0.1476,0.36017,138.9
-0.96231,0.15155,0.36336,138.91
-1.043,0.15945,0.3678,138.91
-0.99503,0.17129,0.38004,138.92
-1.0067,0.16734,0.36737,138.92
-1.0067,0.1555,0.36713,138.93
-0.9988,0.1476,0.37154,138.93
-0.97859,0.12785,0.36911,138.94
-0.95863,0.12785,0.37476,138.94
-0.93831,0.11995,0.36873,138.95
-0.94668,0.11206,0.37936,138.95
-0.94715,0.1239,0.39494,138.96
-0.93096,0.11206,0.39232,138.96
-0.91502,0.11995,0.39776,138.96
-0.91089,0.11995,0.39428,138.97
-0.91055,0.1318,0.38301,138.97
-0.90274,0.12785,0.39133,138.98
-0.90286,0.12785,0.39516,138.98
-0.89081,0.1318,0.39632,138.99
-0.89082,0.14365,0.39656,138.99
-0.88978,0.14365,0.36203,139
-0.88211,0.17129,0.37482,139
-0.8579,0.17919,0.37331,139.01
-0.84493,0.17919,0.3437,139.01
-0.85273,0.1634,0.33499,139.02
-0.84917,0.15945,0.35062,139.02
-0.84126,0.16734,0.35534,139.03
-0.8533,0.1555,0.35401,139.03
-0.86994,0.1555,0.37175,139.04
-0.90219,0.15945,0.37277,139.04
-0.9069,0.17524,0.39575,139.05
-0.92664,0.17919,0.38251,139.05
-0.91871,0.15155,0.38652,139.06
-0.93132,0.1318,0.40422,139.06
-0.95117,0.12785,0.39466,139.07
-0.96757,0.11995,0.40457,139.07
-0.95105,0.11995,0.39067,139.08
-0.95886,0.1318,0.38251,139.08
-0.96666,0.1318,0.37411,139.09
-0.94646,0.12785,0.372,139.09
-0.92604,0.12785,0.3623,139.1
-0.90986,0.1318,0.35999,139.1
-0.90963,0.1397,0.35248,139.11
-0.90928,0.13575,0.34089,139.11
-0.90941,0.1476,0.34496,139.12
-0.90505,0.1555,0.33397,139.12
-0.91733,0.15945,0.34064,139.13
-0.91331,0.15945,0.341,139.13
-0.9178,0.17919,0.35638,139.14
-0.92159,0.17524,0.34826,139.14
-0.92136,0.18709,0.34083,139.15
-0.91746,0.19104,0.3451,139.15
-0.92916,0.17524,0.3322,139.16
-0.92492,0.19104,0.3252,139.16
-0.93295,0.19104,0.32448,139.17
-0.94133,0.17919,0.33503,139.17
-0.9373,0.1634,0.33507,139.17
-0.93294,0.16734,0.324,139.18
-0.93316,0.1476,0.33128,139.18
-0.93328,0.15155,0.3352,139.19
-0.93695,0.15155,0.32333,139.19
-0.93775,0.1397,0.34995,139.2
-0.94188,0.1476,0.35358,139.2
-0.946,0.12785,0.35666,139.21
-0.96253,0.1397,0.37079,139.21
-0.95439,0.1397,0.36768,139.22
-0.96241,0.12785,0.36672,139.22
-0.94176,0.13575,0.34951,139.23
-0.94968,0.14365,0.3451,139.23
-0.94141,0.1239,0.33776,139.24
-0.92936,0.1239,0.33884,139.24
-0.92926,0.14365,0.3354,139.25
-0.92122,0.1476,0.3362,139.25
-0.92501,0.15155,0.32825,139.26
-0.9249,0.15945,0.32457,139.26
-0.92514,0.1634,0.33232,139.27
-0.91721,0.1555,0.33672,139.27
-0.92111,0.1476,0.33237,139.28
-0.9288,0.15155,0.32021,139.28
-0.91698,0.1476,0.32889,139.29
-0.91308,0.15155,0.33317,139.29
-0.90516,0.1476,0.33765,139.3
-0.91721,0.14365,0.33649,139.3
-0.91319,0.1397,0.33677,139.31
-0.90917,0.13575,0.33705,139.31
-0.9257,0.1476,0.35119,139.32
-0.92158,0.15945,0.34795,139.32
-0.93339,0.1476,0.33896,139.33
-0.91721,0.1476,0.33656,139.33
-0.91377,0.15155,0.35619,139.34
-0.92937,0.1476,0.33932,139.34
-0.92513,0.1476,0.33201,139.35
-0.90919,0.1634,0.3376,139.35
-0.90952,0.1476,0.3488,139.36
-0.9101,0.15155,0.36806,139.36
-0.91767,0.1476,0.35191,139.37
-0.90561,0.13575,0.35276,139.37
-0.91366,0.15155,0.35235,139.38
-0.92134,0.15155,0.34012,139.38
-0.90573,0.1397,0.35667,139.38
-0.92157,0.1397,0.34755,139.39
-0.9219,0.12785,0.35883,139.39
-0.91766,0.1318,0.3516,139.4
-0.90952,0.1397,0.34864,139.4
-0.92972,0.14365,0.35075,139.41
-0.9102,0.11995,0.37126,139.41
-0.918,0.1318,0.3631,139.42
-0.89781,0.12785,0.361,139.42
-0.9055,0.1397,0.349,139.43
-0.92145,0.13575,0.34364,139.43
-0.90952,0.14365,0.34872,139.44
-0.92549,0.17524,0.34407,139.44
-0.91321,0.17129,0.3374,139.45
-0.9093,0.15945,0.34136,139.45
-0.90941,0.1555,0.34512,139.46
-0.89736,0.15155,0.34612,139.46
-0.90138,0.15155,0.34576,139.47
-0.90492,0.1397,0.32982,139.47
-0.90585,0.15155,0.36075,139.48
-0.90539,0.1555,0.34548,139.48
-0.9062,0.1555,0.37233,139.49
-0.93006,0.14365,0.36226,139.49
-0.92249,0.14365,0.37832,139.5
-0.92685,0.1476,0.38955,139.5
-0.93407,0.13575,0.36174,139.51
-0.9218,0.14365,0.35531,139.51
-0.90999,0.15945,0.36438,139.52
-0.90975,0.1397,0.35631,139.52
-0.92144,0.12785,0.34348,139.53
-0.91009,0.1397,0.36782,139.53
-0.91342,0.14365,0.34452,139.54
-0.90964,0.1476,0.35263,139.54
-0.92961,0.15945,0.34723,139.55
-0.93362,0.1555,0.34679,139.55
-0.93351,0.1555,0.34295,139.56
-0.94131,0.1476,0.3344,139.56
-0.94578,0.14365,0.3493,139.57
-0.92146,0.15155,0.34395,139.57
-0.92937,0.1476,0.33932,139.58
-0.93362,0.14365,0.34655,139.58
-0.93339,0.1476,0.33896,139.58
-0.92984,0.15155,0.35474,139.59
-0.92536,0.15155,0.33976,139.59
-0.89701,0.15155,0.33461,139.6
-0.89724,0.15155,0.34229,139.6
-0.90551,0.1634,0.34947,139.61
-0.90184,0.15945,0.36127,139.61
-0.92926,0.1555,0.33564,139.62
-0.91354,0.15155,0.34851,139.62
-0.91767,0.15155,0.35199,139.63
-0.90126,0.1476,0.34185,139.63
-0.92134,0.15155,0.34012,139.64
-0.91721,0.14365,0.33649,139.64
-0.91366,0.15155,0.35235,139.65
-0.91365,0.14365,0.35219,139.65
-0.93397,0.1555,0.35829,139.66
-0.92181,0.1634,0.3557,139.66
-0.9179,0.14365,0.3595,139.67
-0.91755,0.1397,0.34792,139.67
-0.92145,0.14365,0.3438,139.68
-0.9094,0.14365,0.34488,139.68
-0.92558,0.13575,0.34711,139.69
-0.92535,0.13575,0.33944,139.69
-0.93338,0.13575,0.33872,139.7
-0.90585,0.15155,0.36075,139.7
-0.93385,0.15155,0.35438,139.71
-0.90149,0.15155,0.3496,139.71
-0.93385,0.14365,0.35422,139.72
-0.92995,0.1555,0.35866,139.72
-0.92582,0.1476,0.35502,139.73
-0.93374,0.1634,0.35078,139.73
-0.92995,0.1476,0.3585,139.74
-0.91342,0.14365,0.34452,139.74
-0.92168,0.1397,0.35139,139.75
-0.91342,0.1397,0.34444,139.75
-0.91331,0.15155,0.34084,139.76
-0.92087,0.13575,0.32446,139.76
-0.92558,0.1397,0.34719,139.77
-0.92925,0.13575,0.33524,139.77
-0.92592,0.1318,0.35854,139.78
-0.93419,0.1476,0.36581,139.78
-0.92157,0.15155,0.34779,139.79
-0.91377,0.15945,0.35634,139.79
-0.93374,0.15155,0.35054,139.79
-0.92147,0.17129,0.34435,139.8
-0.92169,0.1555,0.35171,139.8
-0.90367,0.1555,0.28793,139.81
-0.90929,0.15155,0.3412,139.81
-0.89346,0.1476,0.35024,139.82
-0.89335,0.16734,0.3468,139.82
-0.91744,0.1555,0.3444,139.83
-0.91342,0.14365,0.34452,139.83
-0.9094,0.1397,0.3448,139.84
-0.9296,0.14365,0.34691,139.84
-0.90882,0.13575,0.32554,139.85
-0.92901,0.1239,0.32734,139.85
-0.92547,0.1397,0.34336,139.86
-0.92179,0.13575,0.35515,139.86
-0.90585,0.14365,0.36059,139.87
-0.92157,0.1476,0.34771,139.87
-0.93763,0.14365,0.34619,139.88
-0.91745,0.15945,0.34447,139.88
-0.93764,0.1476,0.34627,139.89
-0.91353,0.1397,0.34828,139.89
-0.93763,0.1397,0.34611,139.9
-0.93798,0.1476,0.35778,139.9
-0.93776,0.15945,0.35034,139.91
-0.93349,0.1318,0.34248,139.91
-0.92902,0.13575,0.32757,139.92
-0.92145,0.1318,0.34356,139.92
-0.93362,0.14365,0.34655,139.93
-0.92949,0.15155,0.34323,139.93
-0.92547,0.15155,0.34359,139.94
-0.92157,0.1476,0.34771,139.94
-0.90551,0.15155,0.34924,139.95
-0.91366,0.1555,0.35243,139.95
-0.91342,0.1397,0.34444,139.96
-0.92157,0.1476,0.34771,139.96
-0.92513,0.1555,0.33216,139.97
-0.9218,0.14365,0.35531,139.97
-0.92215,0.1476,0.36689,139.98
-0.90562,0.1476,0.35299,139.98
-0.90138,0.1555,0.34584,139.99
-0.90114,0.1397,0.33785,139.99
-0.92558,0.1397,0.34719,140
-0.90917,0.14365,0.33721,140
-0.91388,0.1476,0.35994,140
-0.91802,0.15945,0.36366,140.01
-0.91011,0.1634,0.36829,140.01
-0.90964,0.15155,0.35271,140.02
-0.90125,0.13575,0.34161,140.02
-0.91399,0.1397,0.36362,140.03
-0.90963,0.14365,0.35255,140.03
-0.92972,0.1476,0.35083,140.04
-0.91789,0.1397,0.35943,140.04
-0.89392,0.1476,0.36559,140.05
-0.92157,0.15155,0.34779,140.05
-0.93362,0.15155,0.34671,140.06
-0.91709,0.1397,0.33257,140.06
-0.91342,0.15155,0.34468,140.07
-0.90998,0.15155,0.36422,140.07
-0.92984,0.15155,0.35474,140.08
-0.91767,0.1555,0.35207,140.08
-0.92926,0.1555,0.33564,140.09
-0.92512,0.1397,0.33185,140.09
-0.92949,0.1476,0.34315,140.1
-0.92961,0.1634,0.3473,140.1
-0.91733,0.15155,0.34048,140.11
-0.92158,0.15945,0.34795,140.11
-0.92536,0.15155,0.33976,140.12
-0.93351,0.15155,0.34287,140.12
-0.9296,0.1397,0.34683,140.13
-0.92948,0.1397,0.343,140.13
-0.92202,0.13575,0.36282,140.14
-0.92156,0.13575,0.34748,140.14
-0.91341,0.1318,0.34428,140.15
-0.92111,0.15155,0.33245,140.15
-0.92157,0.15155,0.34779,140.16
-0.92592,0.12785,0.35847,140.16
-0.9257,0.14365,0.35111,140.17
-0.92157,0.1397,0.34755,140.17
-0.92203,0.1397,0.3629,140.18
-0.92145,0.14365,0.3438,140.18
-0.9218,0.15155,0.35546,140.19
-0.9179,0.1476,0.35958,140.19
-0.9179,0.1555,0.35974,140.2
-0.9218,0.1476,0.35539,140.2
-0.9179,0.14365,0.3595,140.21
-0.92581,0.14365,0.35494,140.21
-0.94131,0.1555,0.33455,140.21
-0.92961,0.1555,0.34715,140.22
-0.92146,0.15155,0.34395,140.22
-0.90941,0.1555,0.34512,140.23
-0.92914,0.15155,0.33172,140.23
-0.92949,0.14365,0.34307,140.24
-0.91297,0.1555,0.32941,140.24
-0.91354,0.15155,0.34851,140.25
-0.921,0.15945,0.32877,140.25
-0.91342,0.13575,0.34436,140.26
-0.91376,0.13575,0.35587,140.26
-0.9218,0.1397,0.35523,140.27
-0.90137,0.1476,0.34568,140.27
-0.91744,0.1476,0.34424,140.28
-0.90195,0.15155,0.36494,140.28
-0.92984,0.15945,0.3549,140.29
-0.9101,0.15155,0.36806,140.29
-0.91768,0.15945,0.35215,140.3
-0.90975,0.1476,0.35647,140.3
-0.92582,0.1476,0.35502,140.31
-0.91377,0.1555,0.35627,140.31
-0.9218,0.1476,0.35539,140.32
-0.91767,0.1555,0.35207,140.32
-0.9179,0.1476,0.35958,140.33
-0.9179,0.15155,0.35966,140.33
-0.91825,0.1555,0.37125,140.34
-0.91342,0.1476,0.3446,140.34
-0.90975,0.14365,0.35639,140.35
-0.90598,0.16734,0.3649,140.35
-0.91366,0.1555,0.35243,140.36
-0.90126,0.1476,0.34185,140.36
-0.90539,0.1555,0.34548,140.37
-0.93421,0.17129,0.36628,140.37
-0.92984,0.1555,0.35482,140.38
-0.91721,0.1476,0.33656,140.38
-0.90183,0.1397,0.36087,140.39
-0.90573,0.1397,0.35667,140.39
-0.90974,0.1318,0.35615,140.4
-0.91788,0.1239,0.35911,140.4
-0.9102,0.13575,0.37158,140.41
-0.91411,0.13575,0.36738,140.41
-0.91824,0.13575,0.37086,140.42
-0.92971,0.13575,0.35059,140.42
-0.92192,0.15155,0.3593,140.42
-0.92181,0.1555,0.35554,140.43
-0.9179,0.15155,0.35966,140.43
-0.91377,0.14365,0.35603,140.44
-0.92204,0.1555,0.36322,140.44
-0.92972,0.14365,0.35075,140.45
-0.92949,0.1555,0.34331,140.45
-0.92192,0.1634,0.35954,140.46
-0.92949,0.1476,0.34315,140.46
-0.91767,0.1476,0.35191,140.47
-0.91778,0.1397,0.35559,140.47
-0.93775,0.14365,0.35002,140.48
-0.93384,0.13575,0.35406,140.48
-0.9218,0.1397,0.35523,140.49
-0.92547,0.1397,0.34336,140.49
-0.92949,0.14365,0.34307,140.5
-0.92168,0.1397,0.35139,140.5
-0.91778,0.1476,0.35575,140.51
-0.9171,0.15155,0.33281,140.51
-0.91756,0.1555,0.34823,140.52
-0.9257,0.1476,0.35119,140.52
-0.91342,0.1397,0.34444,140.53
-0.92122,0.1397,0.33605,140.53
-0.90562,0.14365,0.35292,140.54
-0.90573,0.1318,0.35652,140.54
-0.90205,0.1318,0.36839,140.55
-0.91412,0.1555,0.36777,140.55
-0.92203,0.1476,0.36306,140.56
-0.92995,0.1476,0.3585,140.56
-0.91766,0.1397,0.35175,140.57
-0.92134,0.1476,0.34004,140.57
-0.91755,0.14365,0.348,140.58
-0.93384,0.1397,0.35414,140.58
-0.91388,0.1476,0.35994,140.59
-0.9179,0.15155,0.35966,140.59
-0.91389,0.1555,0.3601,140.6
-0.92146,0.1555,0.34403,140.6
-0.9054,0.15945,0.34556,140.61
-0.91366,0.1634,0.35259,140.61
-0.92157,0.1555,0.34787,140.62
-0.92971,0.13575,0.35059,140.62
-0.92192,0.15155,0.3593,140.62
-0.9218,0.15155,0.35546,140.63
-0.92582,0.1476,0.35502,140.63
-0.92559,0.15155,0.34743,140.64
-0.90975,0.1476,0.35647,140.64
-0.914,0.1476,0.36378,140.65
-0.9382,0.13575,0.36521,140.65
-0.91388,0.1476,0.35994,140.66
-0.90941,0.1476,0.34496,140.66
-0.91789,0.1397,0.35943,140.67
-0.92145,0.14365,0.3438,140.67
-0.92169,0.15155,0.35163,140.68
-0.92581,0.1397,0.35487,140.68
-0.91733,0.15155,0.34048,140.69
-0.91744,0.1476,0.34424,140.69
-0.91744,0.1476,0.34424,140.7
-0.92948,0.1397,0.343,140.7
-0.91744,0.15155,0.34432,140.71
-0.92123,0.1555,0.33636,140.71
-0.92559,0.1555,0.34751,140.72
-0.90563,0.15945,0.35323,140.72
-0.9171,0.1555,0.33289,140.73
-0.91377,0.1476,0.35611,140.73
-0.92168,0.14365,0.35147,140.74
-0.92971,0.13575,0.35059,140.74
-0.91319,0.1476,0.33693,140.75
-0.92582,0.15945,0.35526,140.75
-0.90941,0.15155,0.34504,140.76
-0.91377,0.1476,0.35611,140.76
-0.91812,0.13575,0.36702,140.77
-0.92168,0.13575,0.35131,140.77
-0.92972,0.15155,0.3509,140.78
-0.92157,0.15155,0.34779,140.78
-0.92582,0.15945,0.35526,140.79
-0.92593,0.1476,0.35886,140.79
-0.92191,0.14365,0.35914,140.8
-0.91756,0.15155,0.34815,140.8
-0.92192,0.1476,0.35922,140.81
-0.92605,0.1476,0.3627,140.81
-0.90574,0.1476,0.35683,140.82
-0.91354,0.1476,0.34844,140.82
-0.90928,0.12785,0.34073,140.83
-0.92191,0.13575,0.35899,140.83
-0.92146,0.1476,0.34388,140.83
-0.92558,0.1397,0.34719,140.84
-0.9257,0.15155,0.35127,140.84
-0.91732,0.1397,0.34024,140.85
-0.92156,0.13575,0.34748,140.85
-0.91789,0.12785,0.35919,140.86
-0.92937,0.1476,0.33932,140.86
-0.93305,0.15945,0.32768,140.87
-0.93293,0.15155,0.32369,140.87
-0.94142,0.1476,0.33823,140.88
-0.92169,0.15155,0.35163,140.88
-0.93008,0.17129,0.36281,140.89
-0.92571,0.15945,0.35142,140.89
-0.89782,0.1476,0.36139,140.9
-0.90998,0.14365,0.36406,140.9
-0.90952,0.14365,0.34872,140.91
-0.90975,0.15155,0.35655,140.91
-0.90964,0.1476,0.35263,140.92
-0.93006,0.14365,0.36226,140.92
-0.91755,0.1476,0.34807,140.93
-0.90998,0.1397,0.36398,140.93
-0.92949,0.1476,0.34315,140.94
-0.91779,0.1555,0.3559,140.94
-0.9257,0.1476,0.35119,140.95
-0.91732,0.1476,0.3404,140.95
-0.91731,0.1318,0.34009,140.96
-0.90538,0.1239,0.34485,140.96
-0.92949,0.14365,0.34307,140.97
-0.92202,0.13575,0.36282,140.97
-0.91376,0.1397,0.35595,140.98
-0.9218,0.1476,0.35539,140.98
-0.85742,0.14365,0.35725,140.99
-0.92146,0.15155,0.34395,140.99
-0.91744,0.14365,0.34416,141
-0.90964,0.1555,0.35279,141
-0.91365,0.1397,0.35211,141.01
-0.9055,0.14365,0.34908,141.01
-0.90952,0.14365,0.34872,141.02
-0.90987,0.1476,0.36031,141.02
-0.9094,0.14365,0.34488,141.03
-0.92157,0.15155,0.34779,141.03
-0.92984,0.15945,0.3549,141.04
-0.92147,0.17129,0.34435,141.04
-0.9218,0.15155,0.35546,141.04
-0.9257,0.1476,0.35119,141.05
-0.92215,0.1476,0.36689,141.05
-0.9257,0.1397,0.35103,141.06
-0.92157,0.1397,0.34755,141.06
-0.90964,0.1476,0.35263,141.07
-0.91365,0.14365,0.35219,141.07
-0.92168,0.14365,0.35147,141.08
-0.91743,0.1318,0.34392,141.08
-0.914,0.14365,0.3637,141.09
-0.90585,0.1476,0.36067,141.09
-0.90482,0.15155,0.32622,141.1
-0.90998,0.14365,0.36406,141.1
-0.92181,0.15945,0.35562,141.11
-0.91744,0.1476,0.34424,141.11
-0.9016,0.1476,0.35336,141.12
-0.92582,0.1555,0.35518,141.12
-0.91756,0.1634,0.34839,141.13
-0.91341,0.12785,0.34421,141.13
-0.90551,0.1476,0.34916,141.14
-0.9257,0.14365,0.35111,141.14
-0.93374,0.15155,0.35054,141.15
-0.91331,0.1476,0.34076,141.15
-0.92122,0.1476,0.3362,141.16
-0.92158,0.16734,0.34811,141.16
-0.92548,0.15945,0.34375,141.17
-0.92926,0.14365,0.3354,141.17
-0.91698,0.15155,0.32897,141.18
-0.92938,0.1555,0.33947,141.18
-0.91801,0.1476,0.36342,141.19
-0.92203,0.14365,0.36298,141.19
-0.92616,0.1476,0.36653,141.2
-0.9218,0.1397,0.35523,141.2
-0.91755,0.1476,0.34807,141.21
-0.92145,0.13575,0.34364,141.21
-0.9016,0.14365,0.35328,141.22
-0.91365,0.1476,0.35227,141.22
-0.92133,0.1318,0.33972,141.23
-0.91354,0.14365,0.34836,141.23
-0.9218,0.14365,0.35531,141.24
-0.91342,0.1397,0.34444,141.24
-0.92961,0.15155,0.34707,141.25
-0.92146,0.1476,0.34388,141.25
-0.93362,0.15155,0.34671,141.25
-0.92972,0.15155,0.3509,141.26
-0.93327,0.14365,0.33504,141.26
-0.93362,0.1476,0.34663,141.27
-0.91376,0.13575,0.35587,141.27
-0.93809,0.14365,0.36153,141.28
-0.93361,0.1397,0.34647,141.28
-0.92168,0.1397,0.35139,141.29
-0.92547,0.1476,0.34351,141.29
-0.91732,0.14365,0.34032,141.3
-0.92581,0.14365,0.35494,141.3
-0.92192,0.1555,0.35938,141.31
-0.90975,0.1397,0.35631,141.31
-0.92145,0.1397,0.34372,141.32
-0.92501,0.14365,0.32809,141.32
-0.92948,0.1397,0.343,141.33
-0.90561,0.13575,0.35276,141.33
-0.90114,0.1397,0.33785,141.34
-0.90561,0.1318,0.35268,141.34
-0.92134,0.1476,0.34004,141.35
-0.91378,0.16734,0.3565,141.35
-0.91767,0.1555,0.35207,141.36
-0.90975,0.1476,0.35647,141.36
-0.91766,0.1397,0.35175,141.37
-0.92581,0.14365,0.35494,141.37
-0.93799,0.1555,0.35793,141.38
-0.94142,0.14365,0.33815,141.38
-0.92559,0.1476,0.34735,141.39
-0.92605,0.1476,0.3627,141.39
-0.92594,0.15945,0.3591,141.4
-0.90998,0.15155,0.36422,141.4
-0.92605,0.1555,0.36285,141.41
-0.92996,0.15945,0.35873,141.41
-0.91366,0.15155,0.35235,141.42
-0.90953,0.15945,0.34903,141.42
-0.90941,0.15945,0.3452,141.43
-0.91733,0.15155,0.34048,141.43
-0.90516,0.1555,0.33781,141.44
-0.90207,0.1634,0.36902,141.44
-0.90952,0.1476,0.3488,141.45
-0.91377,0.1476,0.35611,141.45
-0.92191,0.1397,0.35906,141.46
-0.94165,0.1397,0.34575,141.46
-0.92581,0.14365,0.35494,141.46
-0.93385,0.1476,0.3543,141.47
-0.9257,0.14365,0.35111,141.47
-0.92547,0.1397,0.34336,141.48
-0.91743,0.1397,0.34408,141.48
-0.92926,0.1555,0.33564,141.49
-0.91755,0.14365,0.348,141.49
-0.91308,0.1476,0.33309,141.5
-0.92076,0.1397,0.3207,141.5
-0.92926,0.14365,0.3354,141.51
-0.94165,0.15155,0.34598,141.51
-0.93362,0.1555,0.34679,141.52
-0.9218,0.1476,0.35539,141.52
-0.92157,0.1555,0.34787,141.53
-0.9218,0.15155,0.35546,141.53
-0.92146,0.1476,0.34388,141.54
-0.9055,0.14365,0.34908,141.54
-0.91767,0.1476,0.35191,141.55
-0.91342,0.14365,0.34452,141.55
-0.91801,0.1476,0.36342,141.56
-0.91755,0.1476,0.34807,141.56
-0.92972,0.1555,0.35098,141.57
-0.91331,0.15945,0.341,141.57
-0.90195,0.1476,0.36487,141.58
-0.90929,0.1397,0.34097,141.58
-0.92534,0.12785,0.33928,141.59
-0.92202,0.1318,0.36274,141.59
-0.92581,0.1318,0.35471,141.6
-0.91777,0.1318,0.35543,141.6
-0.9257,0.1397,0.35103,141.61
-0.91755,0.1476,0.34807,141.61
-0.91801,0.1397,0.36326,141.62
-0.92569,0.12785,0.35079,141.62
-0.90964,0.1555,0.35279,141.63
-0.91424,0.15945,0.37169,141.63
-0.92604,0.1397,0.36254,141.64
-0.93385,0.15155,0.35438,141.64
-0.91824,0.14365,0.37101,141.65
-0.91789,0.1318,0.35927,141.65
-0.91697,0.1318,0.32858,141.66
-0.90504,0.1397,0.33366,141.66
-0.90929,0.15155,0.3412,141.67
-0.93006,0.1397,0.36218,141.67
-0.92558,0.1397,0.34719,141.67
-0.92581,0.14365,0.35494,141.68
-0.92605,0.15945,0.36293,141.68
-0.9257,0.15155,0.35127,141.69
-0.92559,0.1476,0.34735,141.69
-0.93373,0.1476,0.35046,141.7
-0.92949,0.14365,0.34307,141.7
-0.92134,0.1397,0.33988,141.71
-0.9015,0.1634,0.34983,141.71
-0.90918,0.1476,0.33729,141.72
-0.90551,0.1476,0.34916,141.72
-0.9094,0.13575,0.34472,141.73
-0.91377,0.14365,0.35603,141.73
-0.9171,0.15945,0.33296,141.74
-0.92146,0.1555,0.34403,141.74
-0.93374,0.15945,0.3507,141.75
-0.92158,0.16734,0.34811,141.75
-0.9218,0.15155,0.35546,141.76
-0.92581,0.13575,0.35479,141.76
-0.93017,0.1318,0.36586,141.77
-0.92524,0.1397,0.33568,141.77
-0.92995,0.15155,0.35858,141.78
-0.9218,0.15155,0.35546,141.78
-0.92158,0.15945,0.34795,141.79
-0.91756,0.1555,0.34823,141.79
-0.93351,0.15155,0.34287,141.8
-0.93305,0.15155,0.32753,141.8
-0.90975,0.15155,0.35655,141.81
-0.90161,0.15155,0.35343,141.81
-0.9015,0.1634,0.34983,141.82
-0.90586,0.16734,0.36106,141.82
-0.90161,0.1634,0.35367,141.83
-0.91354,0.15945,0.34867,141.83
-0.91779,0.15155,0.35583,141.84
-0.92582,0.15155,0.3551,141.84
-0.91365,0.1476,0.35227,141.85
-0.92982,0.1318,0.35435,141.85
-0.9335,0.1397,0.34263,141.86
-0.92145,0.1318,0.34356,141.86
-0.92546,0.13575,0.34328,141.87
-0.93775,0.1397,0.34995,141.87
-0.92557,0.1239,0.34688,141.88
-0.93775,0.1397,0.34995,141.88
-0.90918,0.1476,0.33729,141.88
-0.91756,0.1555,0.34823,141.89
-0.92559,0.1555,0.34751,141.89
-0.93375,0.16734,0.35086,141.9
-0.93362,0.14365,0.34655,141.9
-0.9218,0.1476,0.35539,141.91
-0.90138,0.15945,0.34592,141.91
-0.92537,0.1634,0.33999,141.92
-0.91309,0.16734,0.33348,141.92
-0.91332,0.1634,0.34108,141.93
-0.93317,0.15945,0.33152,141.93
-0.93304,0.1476,0.32745,141.94
-0.92628,0.1476,0.37037,141.94
-0.93052,0.14365,0.3776,141.95
-0.93441,0.12785,0.37309,141.95
-0.93063,0.1397,0.38136,141.96
-0.92226,0.1397,0.37057,141.96
-0.93418,0.1239,0.36534,141.97
-0.93372,0.1239,0.34999,141.97
-0.92592,0.12785,0.35847,141.98
-0.92557,0.1239,0.34688,141.98
-0.91741,0.092311,0.34313,141.99
-0.89273,0.084413,0.32596,141.99
-0.8932,0.10021,0.34162,142
-0.89321,0.1239,0.3421,142
-0.88117,0.1318,0.34334,142.01
-0.89759,0.1476,0.35372,142.01
-0.90139,0.17129,0.34616,142.02
-0.90907,0.15945,0.33369,142.02
-0.92549,0.17524,0.34407,142.03
-0.92125,0.19104,0.33707,142.03
-0.92571,0.16734,0.35158,142.04
-0.91,0.17129,0.36461,142.04
-0.90597,0.15945,0.36474,142.05
-0.90655,0.1634,0.384,142.05
-0.91055,0.1397,0.38317,142.06
-0.91009,0.13575,0.36774,142.06
-0.90618,0.11995,0.37162,142.07
-0.91844,0.088362,0.37758,142.07
-0.91453,0.072565,0.38147,142.08
-0.9026,0.088362,0.3867,142.08
-0.89813,0.09626,0.37188,142.08
-0.89801,0.084413,0.3678,142.09
-0.88574,0.09626,0.36145,142.09
-0.8901,0.09626,0.3726,142.1
-0.88585,0.092311,0.36521,142.1
-0.8737,0.11601,0.36293,142.11
-0.89392,0.15155,0.36567,142.11
-0.90174,0.18314,0.3579,142.12
-0.90943,0.19499,0.34591,142.12
-0.9301,0.21078,0.3636,142.13
-0.92229,0.20289,0.37183,142.13
-0.91908,0.20289,0.39905,142.14
-0.91908,0.19499,0.39889,142.14
-0.91149,0.16734,0.41441,142.15
-0.89943,0.1476,0.4151,142.15
-0.89518,0.1397,0.40763,142.16
-0.90721,0.11601,0.40607,142.16
-0.91513,0.11601,0.40151,142.17
-0.9352,0.10416,0.39947,142.17
-0.93508,0.084413,0.39524,142.18
-0.92634,0.068616,0.37263,142.18
-0.92222,0.080463,0.36939,142.19
-0.91041,0.088362,0.37831,142.19
-0.89769,0.1318,0.35724,142.2
-0.89724,0.14365,0.34213,142.2
-0.89759,0.1555,0.35388,142.21
-0.86111,0.17129,0.34593,142.21
-0.88556,0.17919,0.35543,142.22
-0.88269,0.16734,0.39392,142.22
-0.87937,0.19104,0.41777,142.23
-0.87156,0.17129,0.42577,142.23
-0.86352,0.1634,0.42634,142.24
-0.86753,0.1555,0.42582,142.24
-0.86362,0.12785,0.42947,142.25
-0.87199,0.11995,0.4401,142.25
-0.86337,0.09626,0.42116,142.26
-0.87574,0.068616,0.43104,142.26
-0.88698,0.060718,0.40294,142.27
-0.87482,0.068616,0.40035,142.27
-0.87907,0.076514,0.40782,142.28
-0.87106,0.10416,0.40909,142.28
-0.87026,0.11601,0.38247,142.29
-0.86154,0.11601,0.36018,142.29
-0.85282,0.11995,0.33796,142.29
-0.84928,0.15155,0.3543,142.3
-0.88153,0.16734,0.35556,142.3
-0.86168,0.15945,0.36488,142.31
-0.89117,0.1476,0.40815,142.31
-0.91596,0.15945,0.42923,142.32
-0.91252,0.15945,0.44878,142.32
