0.35469,0.98086,0.090727,86.152
0.3547,0.96507,0.090412,86.157
0.34621,0.95322,0.1048,86.162
0.32613,0.94532,0.10283,86.167
0.32201,0.93347,0.10607,86.172
0.30204,0.93347,0.10043,86.177
0.29802,0.94532,0.1003,86.182
0.27827,0.96112,0.087302,86.187
0.2544,0.97691,0.077775,86.191
0.25829,0.99271,0.082288,86.196
0.2304,1.0046,0.072322,86.201
0.22695,1.0204,0.053094,86.206
0.22706,1.0243,0.049336,86.211
0.23602,1.0204,0.01929,86.216
0.22041,1.0204,0.0024986,86.221
0.22409,1.0125,0.014211,86.226
0.22019,1.0085,0.0099349,86.23
0.22306,0.99666,0.048423,86.235
0.22341,0.98876,0.036757,86.24
0.23145,0.97691,0.037243,86.245
0.2396,0.97297,0.034051,86.25
0.23168,0.98481,0.029728,86.255
0.31544,0.98876,0.056579,86.26
0.20299,0.97297,0.046143,86.265
0.1907,0.99666,0.053204,86.27
0.1907,0.99271,0.053125,86.274
0.21905,0.98481,0.047825,86.279
0.19886,0.98086,0.049776,86.284
0.18681,0.97691,0.048612,86.289
0.1945,0.96507,0.060608,86.294
0.17465,0.96902,0.051207,86.299
0.17018,0.96507,0.066112,86.304
0.17006,0.96112,0.069869,86.309
0.18177,0.96112,0.082463,86.313
0.16995,0.96507,0.073784,86.318
0.14975,0.96112,0.075735,86.323
0.16616,0.96112,0.065672,86.328
0.19806,0.96902,0.076394,86.333
0.20241,0.98086,0.065482,86.338
0.21011,0.96507,0.077399,86.343
0.23455,0.97691,0.068295,86.348
0.25027,0.97691,0.08125,86.353
0.26288,0.99271,0.063468,86.357
0.27894,1.0046,0.06515,86.362
0.29557,1.0125,0.047572,86.367
0.2841,1.0164,0.027385,86.372
0.26816,1.0006,0.021788,86.377
0.26438,0.99271,0.013596,86.382
0.25955,0.99666,0.040167,86.387
0.24337,1.0046,0.042715,86.392
0.23499,1.0046,0.053501,86.396
0.2265,1.0006,0.068045,86.401
0.20689,0.98481,0.050577,86.406
0.20265,0.97297,0.057652,86.411
0.20253,0.97691,0.061567,86.416
0.21056,0.98086,0.062369,86.421
0.20677,0.98086,0.054335,86.426
0.21491,0.99666,0.051537,86.431
0.21514,0.99666,0.043864,86.436
0.21859,0.99271,0.063328,86.44
0.21938,1.0046,0.03671,86.445
0.21984,1.0046,0.021365,86.45
0.21561,0.99271,0.02844,86.455
0.20356,0.98876,0.027277,86.46
0.19543,0.96507,0.029918,86.465
0.18786,0.96112,0.013771,86.47
0.15676,0.95717,-0.023727,86.475
0.16603,0.99271,0.070138,86.479
0.12818,0.96902,-0.010675,86.484
0.09033,0.95322,-0.091331,86.489
0.094208,0.99271,-0.086346,86.494
0.065746,0.99666,-0.077289,86.499
0.065394,1.0085,-0.065543,86.504
0.080648,1.0164,-0.037086,86.509
0.10485,1.0322,-0.038438,86.514
0.12872,1.0283,-0.028675,86.519
0.13193,1.0362,-0.0013023,86.523
0.14397,1.0401,-0.0001391,86.528
0.16762,1.0283,0.017139,86.533
0.17922,1.0085,0.033174,86.538
0.16327,1.0006,0.027735,86.543
0.15457,0.97297,0.049478,86.548
0.12668,0.98086,0.039433,86.553
0.11854,0.96507,0.042231,86.558
0.13782,0.95322,0.070656,86.562
0.11764,0.92953,0.072213,86.567
0.13394,0.92953,0.065986,86.572
0.14954,0.92558,0.082698,86.577
0.13393,0.93347,0.066065,86.582
0.12968,0.94927,0.073691,86.587
0.12922,0.94532,0.088958,86.592
0.14128,0.92953,0.089727,86.597
0.13737,0.93347,0.085608,86.602
0.1493,0.94137,0.090686,86.606
0.16124,0.94532,0.095686,86.611
0.15663,0.96112,0.11482,86.616
0.16398,0.95717,0.13848,86.621
0.17911,0.97691,0.17101,86.626
0.19437,0.98481,0.19947,86.631
0.22099,0.98086,0.25179,86.636
0.23636,0.97691,0.27618,86.641
0.25587,0.97297,0.29709,86.646
0.25598,0.98876,0.29357,86.65
0.29969,0.99666,0.31305,86.655
0.28994,0.99666,0.23524,86.66
0.26125,1.0125,0.2522,86.665
0.23038,1.0085,0.20703,86.67
0.17863,1.0085,0.18699,86.675
0.16989,1.0322,0.20976,86.68
0.20168,1.0362,0.22424,86.685
0.16978,1.0283,0.21351,86.689
0.14167,1.0204,0.21083,86.694
0.13318,1.0204,0.22545,86.699
0.12078,1.0283,0.23603,86.704
0.10023,1.0441,0.24988,86.709
0.075666,1.0519,0.26322,86.714
0.0876,1.0519,0.26814,86.719
0.079234,1.0322,0.27853,86.724
0.078889,1.0322,0.29004,86.729
0.094506,1.0125,0.30644,86.733
0.094395,1.0046,0.31012,86.738
0.090043,0.98876,0.32095,86.743
0.08191,0.96507,0.32359,86.748
0.077783,0.95717,0.32691,86.753
0.073429,0.94532,0.33782,86.758
0.048758,0.94137,0.35475,86.763
0.020526,0.94532,0.35614,86.768
0.051949,0.97297,0.3826,86.772
0.051374,0.97297,0.40178,86.777
0.023716,0.98086,0.38406,86.782
0.012113,1.0046,0.3681,86.787
0.027485,1.0085,0.39265,86.792
0.05846,1.0164,0.43406,86.797
0.062009,1.0283,0.45,86.802
0.034592,1.0164,0.42422,86.807
0.023359,1.0006,0.39596,86.812
-0.012659,0.97691,0.3884,86.816
-0.024372,0.99271,0.37612,86.821
0.022903,0.99271,0.41115,86.826
-0.025511,0.97297,0.41409,86.831
-0.057174,0.96112,0.39562,86.836
-0.049136,0.95322,0.39618,86.841
-0.073349,0.95322,0.39785,86.846
-0.061533,0.95717,0.40669,86.851
-0.070364,0.94532,0.43258,86.855
-0.057742,0.94927,0.41456,86.86
-0.053505,0.96507,0.40757,86.865
-0.040996,0.96507,0.39331,86.87
-0.041336,0.95717,0.40466,86.875
-0.028825,0.95322,0.39032,86.88
-0.032714,0.93347,0.38573,86.885
-0.028458,0.91768,0.3781,86.89
-0.011475,0.92163,0.34893,86.895
0.00080422,0.92163,0.34235,86.899
-0.0069982,0.92163,0.33395,86.904
-0.014798,0.91768,0.32548,86.909
-0.011597,0.93347,0.35301,86.914
0.0077939,0.93347,0.37783,86.919
-0.012621,0.91373,0.38714,86.924
-0.03258,0.90188,0.38126,86.929
-0.066435,0.89793,0.43583,86.934
0.019855,0.89398,0.51276,86.938
0.028091,0.93742,0.50668,86.943
0.0046936,0.92163,0.48118,86.948
-0.032799,0.88214,0.38854,86.953
-0.062479,0.82685,0.30398,86.958
-0.065795,0.81105,0.28029,86.963
0.017497,0.83475,0.32288,86.968
0.029088,0.8308,0.33923,86.973
0.025299,0.83475,0.33127,86.978
0.037576,0.8387,0.32476,86.982
0.058,0.84264,0.31514,86.987
0.061314,0.86239,0.33891,86.992
0.05637,0.87424,0.36948,86.997
0.060372,0.89793,0.37031,87.002
0.0606,0.90188,0.36272,87.007
0.068398,0.90978,0.37127,87.012
0.072628,0.93742,0.36451,87.017
0.088458,0.94532,0.37379,87.021
0.068151,0.93742,0.3795,87.026
0.064259,0.92163,0.37498,87.031
0.044065,0.91768,0.37693,87.036
0.048671,0.89398,0.35764,87.041
0.048791,0.88609,0.35365,87.046
0.053392,0.87029,0.33451,87.051
0.068651,0.87029,0.36281,87.056
0.068659,0.85844,0.36258,87.061
0.081055,0.85449,0.35207,87.065
0.077368,0.88214,0.34075,87.07
0.10903,0.90188,0.35938,87.075
0.11728,0.92163,0.35283,87.08
0.14113,0.95322,0.3633,87.085
0.1729,0.97691,0.37817,87.09
0.2049,1.0006,0.38537,87.095
0.21361,1.0243,0.36355,87.1
0.22175,1.0283,0.36052,87.104
0.22198,1.0243,0.35277,87.109
0.22165,1.0125,0.36404,87.114
0.23015,0.99271,0.34902,87.119
0.2351,0.97297,0.3183,87.124
0.21926,0.98086,0.30934,87.129
0.22293,0.98086,0.32121,87.134
0.21433,0.97297,0.33951,87.139
0.20652,0.98481,0.33135,87.144
0.21031,0.98086,0.33931,87.148
0.21456,0.96507,0.33168,87.153
0.21066,0.96902,0.32756,87.158
0.2188,0.97691,0.32461,87.163
0.2064,0.99666,0.33542,87.168
0.1862,1.0006,0.33753,87.173
0.16588,1.0125,0.34363,87.178
0.1575,1.0204,0.35458,87.183
0.14579,1.0283,0.34214,87.188
0.13831,1.0598,0.32287,87.192
0.12581,1.048,0.33689,87.197
0.1062,1.0283,0.31934,87.202
0.13455,1.0204,0.31404,87.207
0.079613,0.97691,0.26592,87.212
0.067676,0.98086,0.26108,87.217
0.067444,0.98481,0.26883,87.222
0.07927,0.97297,0.27735,87.227
0.055757,0.95717,0.25568,87.231
0.047607,0.96112,0.25888,87.236
0.035682,0.94532,0.25364,87.241
0.039826,0.92558,0.24977,87.246
0.016303,0.92558,0.22842,87.251
-0.0087221,0.93742,0.25718,87.256
-0.00058392,0.95322,0.25438,87.261
-0.00093628,0.96507,0.26613,87.266
-0.00047592,0.96507,0.25078,87.271
-0.0044946,0.96902,0.2505,87.275
0.0157,0.97297,0.24855,87.28
0.031645,0.98086,0.25399,87.285
0.031985,0.98876,0.24264,87.29
0.031978,1.0006,0.24287,87.295
0.043795,1.0046,0.25171,87.3
0.055743,0.98086,0.25616,87.305
0.080648,0.97691,0.23139,87.31
0.081111,0.97297,0.21597,87.314
0.1098,0.97691,0.19939,87.319
0.11828,0.98876,0.18501,87.324
0.12585,1.0006,0.20131,87.329
0.13791,0.98481,0.20208,87.334
0.17038,0.98876,0.19354,87.339
0.19069,0.99666,0.18784,87.344
0.19482,1.0006,0.18444,87.349
0.20687,0.99271,0.18537,87.354
0.21903,0.99666,0.18269,87.358
0.22614,0.99666,0.21411,87.363
0.22499,0.99666,0.25247,87.368
0.21318,0.98481,0.24348,87.373
0.25474,0.96507,0.20066,87.378
0.17962,0.90188,0.15417,87.383
0.19591,0.90978,0.1481,87.388
0.24409,0.92953,0.15283,87.393
0.27471,0.94927,0.20599,87.397
0.17787,0.93347,0.21235,87.402
0.18669,0.95717,0.18669,87.407
0.20723,0.96112,0.17323,87.412
0.23133,0.96902,0.17555,87.417
0.22605,0.96902,0.21739,87.422
0.18439,0.96507,0.26357,87.427
0.17371,0.97691,0.21669,87.432
0.18623,0.97297,0.20235,87.437
0.1977,0.97297,0.22261,87.441
0.14101,0.97297,0.2329,87.446
0.14194,0.96112,0.20197,87.451
0.11913,0.92953,0.15697,87.456
0.13084,0.91768,0.16933,87.461
0.1462,0.94137,0.19427,87.466
0.13519,0.92953,0.15842,87.471
0.12431,0.90583,0.1185,87.476
0.1079,0.89793,0.1284,87.48
0.19967,0.94137,0.15677,87.485
0.12679,0.96507,0.16991,87.49
0.082711,0.99271,0.16265,87.495
0.094985,1.0006,0.15622,87.5
0.12298,1.0085,0.16275,87.505
0.12722,1.0125,0.15551,87.51
0.12343,1.0322,0.14787,87.515
0.13938,1.0322,0.15316,87.52
0.13157,1.0322,0.14476,87.524
0.11598,1.0164,0.12765,87.529
0.12815,1.0046,0.12467,87.534
0.11645,0.98876,0.11176,87.539
0.12873,0.98876,0.10517,87.544
0.13677,0.97691,0.10566,87.549
0.13688,0.98481,0.10198,87.554
0.1246,0.99271,0.10872,87.559
0.12895,1.0164,0.098048,87.563
0.12894,1.0283,0.098284,87.568
0.13685,1.0441,0.10316,87.573
0.11309,1.0559,0.089717,87.578
0.1249,1.0717,0.098789,87.583
0.11709,1.0835,0.09063,87.588
0.11663,1.0835,0.10598,87.593
0.10068,1.0835,0.10069,87.598
0.088528,1.0598,0.10297,87.603
0.084636,1.0441,0.09846,87.607
0.09646,1.0362,0.10706,87.612
0.096805,1.0362,0.09555,87.617
0.10048,1.0243,0.10718,87.622
0.10037,1.0243,0.11102,87.627
0.088906,1.0046,0.090361,87.632
0.085118,1.0085,0.082405,87.637
0.081327,1.0164,0.074529,87.642
0.080637,1.0164,0.097547,87.646
0.072599,1.0243,0.096981,87.651
0.06044,1.0164,0.099576,87.656
0.0757,1.0164,0.12788,87.661
0.071686,1.0125,0.12744,87.666
0.05539,1.0125,0.13366,87.671
0.055855,1.0046,0.11816,87.676
0.056081,1.0125,0.11064,87.681
0.032326,1.0164,0.097045,87.686
0.056313,1.0085,0.10289,87.69
0.071921,1.0046,0.11961,87.695
0.075819,1.0085,0.12388,87.7
0.079608,1.0046,0.13184,87.705
0.087986,1.0046,0.12105,87.71
0.09957,1.0125,0.13764,87.715
0.11541,1.0006,0.14652,87.72
0.11565,0.99271,0.13869,87.725
0.12333,0.99271,0.15092,87.729
0.12644,0.98086,0.18174,87.734
0.10658,0.98876,0.17242,87.739
0.11083,0.98086,0.16495,87.744
0.10659,0.98086,0.17226,87.749
0.097991,0.95717,0.19024,87.754
0.11382,0.96112,0.19944,87.759
0.10981,0.95717,0.199,87.764
0.11749,0.96112,0.21131,87.769
0.12128,0.95717,0.21927,87.773
0.12873,0.97297,0.23949,87.778
0.12495,0.95717,0.23114,87.783
0.13321,0.96507,0.22435,87.788
0.12954,0.96507,0.21247,87.793
0.1176,0.97297,0.20771,87.798
0.13791,0.97297,0.20185,87.803
0.13814,0.98086,0.19433,87.808
0.16293,0.97297,0.17332,87.812
0.15111,0.97691,0.16465,87.817
0.15157,0.98876,0.14954,87.822
0.17176,0.98876,0.14751,87.827
0.17624,0.98876,0.13252,87.832
0.17683,0.96902,0.11295,87.837
0.24499,0.96902,0.12293,87.842
0.20884,0.97691,0.11983,87.847
0.21331,0.98086,0.10493,87.852
0.21721,0.97691,0.10905,87.856
0.22571,0.97691,0.094427,87.861
0.22583,0.96507,0.090354,87.866
0.24579,0.97691,0.096234,87.871
0.21332,0.96902,0.10469,87.876
0.2046,0.95322,0.12667,87.881
0.19209,0.96112,0.14109,87.886
0.18349,0.94927,0.15931,87.891
0.17453,0.96112,0.18952,87.896
0.1743,0.95717,0.19711,87.9
0.16546,0.95717,0.22324,87.905
0.14515,0.96507,0.22927,87.91
0.14904,0.97297,0.23362,87.915
0.14136,0.96902,0.22131,87.92
0.14158,0.98086,0.21387,87.925
0.11702,0.99271,0.22729,87.93
0.10875,1.0006,0.23439,87.935
0.12058,0.98481,0.24284,87.939
0.10577,0.99666,0.19943,87.944
0.12172,0.99666,0.20471,87.949
0.11771,0.99271,0.20427,87.954
0.13411,0.99666,0.19428,87.959
0.14651,1.0006,0.18394,87.964
0.17107,0.98876,0.17053,87.969
0.18243,0.99271,0.19471,87.974
0.20641,0.98481,0.20056,87.979
0.2024,0.98086,0.20011,87.983
0.2063,0.97691,0.20423,87.988
0.19082,0.97297,0.18353,87.993
0.18325,0.96507,0.1673,87.998
0.17557,0.95322,0.15483,88.003
0.17648,0.97297,0.12454,88.008
0.18416,0.98481,0.13701,88.013
0.18038,0.97691,0.12881,88.018
0.18359,0.97297,0.15595,88.022
0.18749,0.97691,0.16023,88.027
0.17533,0.97297,0.1629,88.032
0.17121,0.95717,0.16606,88.037
0.15845,0.97691,0.18839,88.042
0.15043,0.96902,0.18751,88.047
0.14217,0.96507,0.19438,88.052
0.13826,0.96507,0.19018,88.057
0.13023,0.97297,0.18961,88.062
0.11405,0.96902,0.19193,88.066
0.097522,0.97297,0.2059,88.071
0.10165,0.97691,0.20251,88.076
0.10176,0.98086,0.19875,88.081
0.098102,0.96507,0.18657,88.086
0.12254,0.96902,0.1773,88.091
0.11876,0.96112,0.16911,88.096
0.13895,0.97297,0.16732,88.101
0.13849,0.98086,0.18282,88.105
0.13871,0.99271,0.17539,88.11
0.13883,0.97691,0.17123,88.115
0.13883,0.98086,0.17131,88.12
0.13907,0.97297,0.16348,88.125
0.16282,0.97691,0.17724,88.13
0.15088,0.98086,0.1724,88.135
0.14308,0.98086,0.164,88.14
0.16316,0.98086,0.16581,88.145
0.18301,0.98086,0.17529,88.149
0.17451,0.98481,0.18999,88.154
0.17074,0.96507,0.18156,88.159
0.15869,0.96902,0.18056,88.164
0.15019,0.97691,0.19534,88.169
0.1502,0.96902,0.19518,88.174
0.13861,0.96902,0.17875,88.179
0.14262,0.98086,0.17935,88.184
0.14273,0.98481,0.17559,88.188
0.13046,0.97297,0.18194,88.193
0.11428,0.97297,0.18433,88.198
0.11048,0.98876,0.17661,88.203
0.11438,0.98876,0.18081,88.208
0.094182,0.99666,0.183,88.213
0.094184,0.99271,0.18292,88.218
0.094532,0.98876,0.17133,88.223
0.09855,0.98481,0.17161,88.228
0.10566,0.98086,0.20295,88.232
0.12586,0.98086,0.20092,88.237
0.1177,0.99666,0.20435,88.242
0.11782,0.98876,0.20035,88.247
0.11025,0.98481,0.18421,88.252
0.10646,0.99271,0.17633,88.257
0.10256,1.0006,0.17229,88.262
0.094299,0.99271,0.17908,88.267
0.11806,0.97297,0.19237,88.271
0.10555,0.97297,0.20663,88.276
0.11726,0.97297,0.21922,88.281
0.11737,0.97691,0.21546,88.286
0.11003,0.97691,0.19172,88.291
0.12242,0.98086,0.18138,88.296
0.12277,0.98086,0.16987,88.301
0.12656,0.97297,0.17774,88.306
0.14261,0.99271,0.17958,88.311
0.14262,0.97691,0.17927,88.315
0.1503,0.98086,0.19158,88.32
0.15065,0.98086,0.18007,88.325
0.15053,0.98086,0.18391,88.33
0.15421,0.98086,0.19578,88.335
0.15064,0.98876,0.18023,88.34
0.15478,0.97691,0.17652,88.345
0.15868,0.97691,0.18071,88.35
0.15042,0.97297,0.18759,88.354
0.13849,0.97691,0.18274,88.359
0.14229,0.95717,0.19038,88.364
0.13001,0.95322,0.19689,88.369
0.13804,0.96112,0.19777,88.374
0.13035,0.96507,0.18562,88.379
0.13091,0.98086,0.16675,88.384
0.12678,0.98086,0.17023,88.389
0.12277,0.96902,0.16963,88.394
0.11485,0.97691,0.16523,88.398
0.11496,0.98086,0.16147,88.403
0.10682,0.97691,0.16451,88.408
0.11886,0.98876,0.16583,88.413
0.13056,0.98876,0.17842,88.418
0.11828,0.98876,0.18501,88.423
0.11381,0.99271,0.20007,88.428
0.12551,0.98876,0.21259,88.433
0.11358,0.98481,0.20759,88.438
0.11794,0.98086,0.19636,88.442
0.13058,0.96507,0.17795,88.447
0.11887,0.96902,0.16543,88.452
0.16764,0.96507,0.15051,88.457
0.11153,0.96902,0.14169,88.462
0.10326,0.97297,0.14872,88.467
0.090985,0.97297,0.15531,88.472
0.098438,0.98086,0.17537,88.477
0.093728,0.98481,0.19811,88.481
0.089942,0.98481,0.19007,88.486
0.10659,0.98086,0.17226,88.491
0.10658,0.98481,0.17234,88.496
0.12231,0.98086,0.18521,88.501
0.12242,0.97691,0.1813,88.506
0.10222,0.98086,0.18341,88.511
0.11852,0.98481,0.17726,88.516
0.11887,0.97297,0.16551,88.521
0.12289,0.97297,0.16587,88.525
0.12311,0.98481,0.15844,88.53
0.13505,0.97691,0.1632,88.535
0.15146,0.97297,0.15306,88.54
0.15124,0.95717,0.16042,88.545
0.14275,0.94532,0.1748,88.55
0.17855,0.95717,0.1898,88.555
0.15915,0.96507,0.16513,88.56
0.13104,0.95322,0.16237,88.564
0.13919,0.95717,0.15933,88.569
0.16685,0.95322,0.17713,88.574
0.13839,0.94137,0.18587,88.579
0.14689,0.93742,0.17117,88.584
0.15114,0.92953,0.1637,88.589
0.15492,0.93742,0.17189,88.594
0.15848,0.93347,0.18752,88.599
0.15412,0.93742,0.19875,88.604
0.1462,0.94137,0.19427,88.608
0.14286,0.95322,0.17112,88.613
0.15044,0.94927,0.18711,88.618
0.16271,0.96902,0.18092,88.623
0.15054,0.96507,0.18359,88.628
0.11084,0.97297,0.16479,88.633
0.1222,0.96902,0.18881,88.638
0.12232,0.94927,0.18458,88.643
0.11462,0.96902,0.17274,88.647
0.12278,0.95717,0.16939,88.652
0.13447,0.97297,0.1823,88.657
0.12634,0.95717,0.1851,88.662
0.13838,0.96112,0.18626,88.667
0.1471,0.96507,0.16405,88.672
0.14262,0.96902,0.17911,88.677
0.15524,0.97691,0.16117,88.682
0.18381,0.98481,0.14851,88.687
0.21937,1.0006,0.17126,88.691
0.22718,1.0006,0.17966,88.696
0.21961,0.98876,0.16336,88.701
0.23649,0.96902,0.13755,88.706
0.27265,0.96112,0.14065,88.711
0.24051,0.96507,0.13784,88.716
0.24074,0.96507,0.13016,88.721
0.26874,0.96507,0.13653,88.726
0.23686,0.94137,0.12549,88.73
0.22517,0.91768,0.11243,88.735
0.18053,0.92163,0.12387,88.74
0.18352,0.89793,0.15829,88.745
0.17858,0.89793,0.18862,88.75
0.18685,0.89003,0.18151,88.755
0.17802,0.88214,0.20749,88.76
0.20154,0.88609,0.22891,88.765
0.20544,0.88214,0.23303,88.77
0.16504,0.88609,0.23717,88.774
0.20474,0.89003,0.25621,88.779
0.23688,0.88214,0.25894,88.784
0.23816,0.86239,0.21635,88.789
0.21945,0.87424,0.16874,88.794
0.22403,0.89398,0.15032,88.799
0.23284,0.94137,0.12513,88.804
0.26106,0.96112,0.12422,88.809
0.25704,0.95717,0.12378,88.813
0.25762,0.95322,0.10452,88.818
0.24536,0.92953,0.11063,88.823
0.22046,0.92163,0.13516,88.828
0.20418,0.89793,0.14092,88.833
0.19179,0.87819,0.15095,88.838
0.16394,0.8229,0.13964,88.843
0.13585,0.79131,0.13648,88.848
0.11934,0.76366,0.14983,88.853
0.11016,0.76366,0.18747,88.857
0.10144,0.74392,0.20937,88.862
0.097436,0.73207,0.20877,88.867
0.081737,0.69653,0.19511,88.872
0.065218,0.68468,0.20877,88.877
0.085082,0.66493,0.21786,88.882
0.08095,0.66493,0.22133,88.887
0.094368,0.68468,0.17677,88.892
0.10194,0.68863,0.19292,88.896
0.10664,0.68863,0.17027,88.901
0.1305,0.71627,0.18066,88.906
0.13083,0.72812,0.16939,88.911
0.14734,0.76761,0.15627,88.916
0.13896,0.76366,0.16698,88.921
0.14665,0.76761,0.17929,88.926
0.15032,0.76366,0.19108,88.931
0.16593,0.75971,0.2078,88.936
0.14125,0.75971,0.22481,88.94
0.096618,0.75181,0.23602,88.945
0.080675,0.73997,0.2305,88.95
0.072638,0.74787,0.22994,88.955
0.052542,0.77156,0.2286,88.96
0.012694,0.8229,0.2145,88.965
-0.022913,0.88214,0.19325,88.97
-0.039011,0.93742,0.19291,88.975
-0.047295,0.97297,0.20056,88.979
-0.027568,0.98876,0.2142,88.984
0.020742,0.98876,0.2147,88.989
0.077431,0.98876,0.20441,88.994
0.10589,0.98086,0.19528,88.999
0.16177,0.98876,0.212,89.004
0.20915,1.0046,0.24351,89.009
0.22041,0.97691,0.2709,89.014
0.21686,0.96902,0.25503,89.019
0.2412,0.95717,0.24929,89.023
0.25889,0.92558,0.1964,89.028
0.20372,0.89793,0.15626,89.033
0.14749,0.89398,0.15112,89.038
0.10721,0.89003,0.15126,89.043
0.065892,0.90583,0.18633,89.048
0.053258,0.92163,0.20474,89.053
0.017208,0.95322,0.19828,89.058
0.0052573,0.98086,0.19391,89.062
-0.015203,1.0362,0.20472,89.067
0.0013135,1.0519,0.19113,89.072
0.014043,1.0677,0.16951,89.077
0.014739,1.0598,0.14634,89.082
0.0071689,1.0559,0.13019,89.087
-0.0091241,1.0519,0.13634,89.092
-0.025408,1.0322,0.14217,89.097
-0.038478,1.0085,0.17514,89.102
-0.031589,0.99666,0.21399,89.106
-0.00013538,0.97297,0.23943,89.111
0.031201,0.95322,0.26878,89.116
-0.00056502,0.92163,0.25375,89.121
0.035006,0.92163,0.27618,89.126
0.087225,0.90978,0.28065,89.131
0.099746,0.89003,0.26599,89.136
0.068553,0.86239,0.23186,89.141
0.04893,0.86634,0.21479,89.146
0.032989,0.85054,0.20919,89.15
0.024736,0.83475,0.21582,89.155
0.01602,0.8229,0.23788,89.16
-0.011752,0.82685,0.22392,89.165
-0.039511,0.81105,0.20957,89.17
-0.076015,0.8308,0.21822,89.175
-0.10047,0.85449,0.22803,89.18
-0.12801,0.85844,0.2064,89.185
-0.16348,0.87029,0.18036,89.189
-0.19929,0.89003,0.16599,89.194
-0.21939,0.91768,0.16474,89.199
-0.23224,0.92163,0.19059,89.204
-0.22008,0.91373,0.18768,89.209
-0.22465,0.89003,0.20602,89.214
-0.21212,0.85449,0.19105,89.219
-0.20004,0.79526,0.19096,89.224
-0.1913,0.76366,0.16803,89.229
-0.17935,0.73997,0.17248,89.233
-0.18829,0.71627,0.20197,89.238
-0.18095,0.72417,0.22587,89.243
-0.17267,0.69653,0.21837,89.248
-0.15731,0.71627,0.24323,89.253
-0.13379,0.72812,0.26482,89.258
-0.11431,0.76366,0.28651,89.263
-0.11847,0.81895,0.29109,89.268
-0.13446,0.88609,0.28715,89.272
-0.14253,0.94137,0.28753,89.277
-0.1663,0.98086,0.27464,89.282
-0.16975,0.99666,0.25541,89.287
-0.18456,1.0046,0.21192,89.292
-0.1763,1.0164,0.20521,89.297
-0.19191,1.0125,0.18834,89.302
-0.19591,0.99666,0.18766,89.307
-0.2209,0.94927,0.21524,89.312
-0.22524,0.90583,0.22552,89.316
-0.25389,0.84659,0.24099,89.321
-0.29369,0.815,0.22524,89.326
-0.3141,0.78341,0.23431,89.331
-0.37465,0.72812,0.23929,89.336
-0.4272,0.71232,0.24579,89.341
-0.50339,0.70048,0.23485,89.346
-0.59979,0.70837,0.22633,89.351
-0.70127,0.77946,0.25324,89.355
-0.84248,0.88214,0.26181,89.36
-0.93133,0.94137,0.27039,89.365
-1.0971,1.1151,0.29356,89.37
-1.2963,1.3402,0.35323,89.375
-1.4544,1.5495,0.38934,89.38
-1.5637,1.6799,0.40904,89.385
-1.5748,1.6443,0.37655,89.39
-1.5804,1.5337,0.29306,89.395
-1.529,1.3481,0.19012,89.399
-1.5236,1.1941,0.14521,89.404
-1.5047,1.0717,0.18677,89.409
-1.3927,1.0046,0.2109,89.414
-1.268,0.94137,0.21701,89.419
-1.1946,0.85449,0.18725,89.424
-1.1422,0.81895,0.18357,89.429
-1.1301,0.815,0.18458,89.434
-1.0901,0.85449,0.19282,89.438
-1.0391,0.90978,0.23698,89.443
-0.98378,0.94532,0.27344,89.448
-0.89508,0.95717,0.27012,89.453
-0.81773,0.95322,0.24238,89.458
-0.74899,0.94927,0.2331,89.463
-0.68368,0.92953,0.20397,89.468
-0.61619,0.89398,0.23626,89.473
-0.55283,0.85054,0.27186,89.478
-0.53318,0.80315,0.28807,89.482
-0.52903,0.77551,0.28405,89.487
-0.49734,0.74392,0.30165,89.492
-0.43376,0.72417,0.33006,89.497
-0.4015,0.70837,0.3288,89.502
-0.33756,0.66888,0.34531,89.507
-0.27317,0.63334,0.34654,89.512
-0.2402,0.57805,0.32148,89.517
-0.17946,0.51487,0.31029,89.521
-0.15109,0.47143,0.30429,89.526
-0.17871,0.42799,0.28554,89.531
-0.21059,0.3885,0.27419,89.536
-0.27059,0.3727,0.26078,89.541
-0.38662,0.39244,0.23535,89.546
-0.49876,0.44378,0.21474,89.551
-0.60583,0.47143,0.1595,89.556
-0.71073,0.48722,0.16576,89.561
-0.79189,0.53461,0.18633,89.565
-0.83093,0.56226,0.27954,89.57
-0.96257,0.6057,0.23778,89.575
-1.0156,0.66888,0.2612,89.58
-1.0478,0.71232,0.25917,89.585
-1.0719,0.72022,0.25716,89.59
-1.0827,0.69258,0.21333,89.595
-1.0819,0.65309,0.18952,89.6
-1.0452,0.60175,0.17257,89.604
-1.0128,0.54251,0.16661,89.609
-0.99256,0.49512,0.16363,89.614
-0.9642,0.46748,0.15794,89.619
-0.94839,0.49907,0.16769,89.624
-0.95069,0.51882,0.11018,89.629
-0.946,0.55436,0.088228,89.634
-0.92961,0.582,0.078717,89.639
-0.90624,0.64124,0.10508,89.644
-0.8739,0.67283,0.10093,89.648
-0.84131,0.67678,0.088559,89.653
-0.83396,0.67283,0.11222,89.658
-0.81433,0.64914,0.1289,89.663
-0.80215,0.62939,0.12576,89.668
-0.82186,0.582,0.11149,89.673
-0.85798,0.53856,0.10737,89.678
-0.87393,0.53461,0.10201,89.683
-0.87898,0.53066,0.1361,89.688
-0.86832,0.54646,0.18354,89.692
-0.88048,0.53461,0.18605,89.697
-0.90056,0.54251,0.1844,89.702
-0.88759,0.54251,0.1548,89.707
-0.86279,0.52671,0.13363,89.712
-0.82228,0.51882,0.12558,89.717
-0.79392,0.48327,0.11973,89.722
-0.76981,0.47538,0.12174,89.727
-0.7651,0.45563,0.098689,89.731
-0.77758,0.41219,0.11208,89.736
-0.81727,0.39244,0.092729,89.741
-0.81714,0.36875,0.08842,89.746
-0.83654,0.3885,0.063989,89.751
-0.87291,0.36875,0.068015,89.756
-0.89276,0.37665,0.058692,89.761
-0.92502,0.39639,0.060031,89.766
-0.95339,0.43194,0.065882,89.771
-1.006,0.45168,0.073086,89.775
-1.0266,0.48722,0.091169,89.78
-1.0556,0.50697,0.11589,89.785
-1.0754,0.53461,0.10696,89.79
-1.0984,0.55831,0.066899,89.795
-1.1135,0.56621,0.03492,89.8
-1.0888,0.56226,0.013992,89.805
-1.0206,0.55041,0.023737,89.81
-0.93529,0.50697,-0.00022913,89.814
-0.85403,0.47143,-0.024399,89.819
-0.82567,0.44378,-0.030093,89.824
-0.80123,0.45563,-0.039197,89.829
-0.78138,0.45168,-0.029796,89.834
-0.76509,0.46353,-0.035786,89.839
-0.78092,0.45563,-0.045062,89.844
-0.79262,0.45168,-0.057734,89.849
-0.82912,0.45958,-0.049321,89.854
-0.87351,0.43983,-0.046018,89.858
-0.94981,0.42404,-0.053201,89.863
-1.0184,0.40824,-0.048152,89.868
-1.0915,0.39244,-0.02812,89.873
-1.1768,0.3648,-0.0055712,89.878
-1.2089,0.33716,-0.0090144,89.883
-1.1686,0.32926,-0.0093935,89.888
-1.1284,0.32531,-0.0058577,89.893
-1.0958,0.33321,-0.018154,89.897
-0.99532,0.33716,-0.012875,89.902
-0.91153,0.29372,0.013031,89.907
-0.86667,0.30556,-0.0057741,89.912
-0.85027,0.32136,-0.015522,89.917
-0.79003,0.32926,-0.0099426,89.922
-0.74113,0.30951,-0.029017,89.927
-0.75695,0.29372,-0.03845,89.932
-0.76531,0.26212,-0.028294,89.937
-0.8136,0.22658,-0.029505,89.941
-0.87727,0.19499,-0.0551,89.946
-0.96158,0.13575,-0.063872,89.951
-1.0585,0.11995,-0.053681,89.956
-1.135,0.11206,-0.05687,89.961
-1.2048,0.11206,-0.0093065,89.966
-1.2551,0.072565,0.054622,89.971
-1.2961,0.080463,0.078019,89.976
-1.2724,0.068616,0.095297,89.98
-1.224,0.04887,0.091568,89.985
-1.0989,0.092311,0.084458,89.99
-0.90833,0.12785,0.040775,89.995
-0.82125,0.1634,-0.042997,90
-0.83998,0.20289,-0.090052,90.005
-0.87649,0.24633,-0.08093,90.01
-0.89397,0.28977,-0.035474,90.015
-0.89292,0.26607,-0.070473,90.02
-0.95646,0.23053,-0.099983,90.024
-0.97582,0.17524,-0.12591,90.029
-1.0328,0.15155,-0.10459,90.034
-1.1425,0.1239,-0.072702,90.039
-1.264,0.09626,-0.04957,90.044
-1.3819,0.072565,-0.01449,90.049
-1.4495,0.056769,-0.043968,90.054
-1.53,0.037023,-0.043918,90.059
-1.4957,0.072565,0.021425,90.063
-1.3164,0.14365,0.085145,90.068
-1.1145,0.17524,0.065485,90.073
-0.9546,0.17919,-0.027756,90.078
-0.84754,0.19499,-0.10628,90.083
-0.75748,0.22263,-0.15532,90.088
-0.70449,0.27397,-0.17645,90.093
-0.67707,0.28582,-0.15067,90.098
-0.71813,0.25028,-0.1243,90.103
-0.75575,0.19894,-0.078704,90.107
-0.82238,0.1239,-0.0054214,90.112
-0.90187,0.05282,0.09371,90.117
-0.92999,0.037023,0.2255,90.122
-1.0147,0.021227,0.2291,90.127
-1.0701,0.056769,0.19789,90.132
-1.0722,0.1239,0.13365,90.137
-1.0196,0.22263,0.12498,90.142
-0.9555,0.30556,0.13625,90.146
-0.88287,0.32926,0.13172,90.151
-0.84522,0.30556,0.08463,90.156
-0.82787,0.27397,0.043246,90.161
-0.83163,0.23053,0.034346,90.166
-0.83596,0.19104,0.044705,90.171
-0.85291,0.1318,0.072768,90.176
-0.89752,0.076514,0.083035,90.181
-0.9465,0.033074,0.10468,90.186
-0.96725,0.00543,0.12534,90.19
-0.99961,-0.0024682,0.12997,90.195
-1.0403,-0.018265,0.14522,90.2
-1.1037,-0.034061,0.10843,90.205
-1.163,-0.026163,0.072475,90.21
-1.2019,-0.049858,0.026189,90.215
-1.2287,-0.026163,-0.018069,90.22
-1.2491,-0.026163,-0.012203,90.225
-1.2137,-0.0024682,0.018377,90.229
-1.1626,0.0093792,0.057839,90.234
-1.1051,0.05282,0.021567,90.239
-1.0552,0.10811,-0.030538,90.244
-1.0384,0.17129,-0.054686,90.249
-0.98192,0.19894,-0.056747,90.254
-0.95406,0.23053,-0.045913,90.259
-0.93044,0.25422,-0.027927,90.264
-0.9075,0.27397,0.012999,90.269
-0.87939,0.28187,0.015687,90.273
-0.83553,0.22658,0.030069,90.278
-0.81544,0.21473,0.03164,90.283
-0.80452,0.18314,0.070457,90.288
-0.80508,0.1634,0.089245,90.293
-0.84969,0.11601,0.099669,90.298
-0.90211,0.076514,0.10185,90.303
-0.95443,0.064667,0.10076,90.308
-0.99781,0.072565,0.070083,90.312
-1.0211,0.068616,0.040981,90.317
-1.0486,0.084413,0.019585,90.322
-1.0771,0.11601,0.029193,90.327
-1.0811,0.11206,0.028753,90.332
-1.0821,0.13575,0.059916,90.337
-1.0625,0.18709,0.078093,90.342
-1.0508,0.23053,0.091553,90.347
-1.0309,0.26607,0.097905,90.352
-1.0099,0.27002,0.069101,90.356
-1.0249,0.27792,0.033286,90.361
-0.97625,0.29372,0.022593,90.366
-0.94804,0.32531,0.021917,90.371
-0.91958,0.32531,0.012939,90.376
-0.85167,0.3569,0.031223,90.381
-0.80693,0.38455,0.016569,90.386
-0.78344,0.43194,0.038864,90.391
-0.75878,0.45958,0.022403,90.396
-0.751,0.49512,0.031507,90.4
-0.747,0.52671,0.032499,90.405
-0.76284,0.53066,0.023459,90.41
-0.7555,0.53461,0.047279,90.415
-0.79566,0.53856,0.043743,90.42
-0.83937,0.52277,0.024106,90.425
-0.83901,0.49907,0.012125,90.43
-0.84692,0.47538,0.007093,90.435
-0.8671,0.44773,0.0085706,90.439
-0.85884,0.45563,0.0017784,90.444
-0.87972,0.43983,0.02651,90.449
-0.90781,0.41219,0.023429,90.454
-0.91654,0.40824,0.045645,90.459
-0.92042,0.3885,0.041053,90.464
-0.92788,0.38455,0.02107,90.469
-0.95232,0.38455,0.03041,90.474
-0.94359,0.37665,0.0079575,90.479
-0.95208,0.36875,0.022422,90.483
-0.94772,0.3648,0.011196,90.488
-0.97561,0.37665,0.0012294,90.493
-0.98376,0.3806,0.0044216,90.498
-0.9918,0.3885,0.0038562,90.503
-1.0038,0.3727,0.0024567,90.508
-0.99559,0.39244,-0.0040991,90.513
-0.99191,0.3885,0.0076925,90.518
-0.99145,0.39244,-0.007574,90.522
-0.97126,0.39244,-0.009603,90.527
-0.97515,0.38455,-0.013958,90.532
-0.96321,0.3727,-0.0092739,90.537
-0.96332,0.35295,-0.0058314,90.542
-0.95907,0.3569,-0.013064,90.547
-0.95103,0.34505,-0.012577,90.552
-0.94311,0.33716,-0.0081755,90.557
-0.94334,0.33321,-0.00058162,90.562
-0.94782,0.33716,0.014481,90.566
-0.95619,0.32136,0.024952,90.571
-0.96042,0.30556,0.031948,90.576
-0.94826,0.30161,0.029117,90.581
-0.9322,0.30951,0.030721,90.586
-0.95181,0.30556,0.013489,90.591
-0.95536,0.28187,-0.00269,90.596
-0.94824,0.27397,0.028566,90.601
-0.97267,0.25817,0.037591,90.605
-0.95627,0.27002,0.027764,90.61
-0.944,0.27792,0.021333,90.615
-0.93149,0.28187,0.0071514,90.62
-0.93172,0.28582,0.014903,90.625
-0.92359,0.30556,0.012183,90.63
-0.91899,0.30161,-0.0067156,90.635
-0.91521,0.30951,0.001476,90.64
-0.91981,0.32531,0.020611,90.645
-0.91603,0.33321,0.028803,90.649
-0.91626,0.32926,0.036397,90.654
-0.92015,0.30951,0.031805,90.659
-0.91211,0.29372,0.032213,90.664
-0.91623,0.28977,0.035609,90.669
-0.91658,0.29372,0.047197,90.674
-0.92484,0.28187,0.05391,90.679
-0.92874,0.27792,0.049634,90.684
-0.93263,0.26212,0.045121,90.688
-0.93261,0.23448,0.044569,90.693
-0.94938,0.25422,0.066535,90.698
-0.95295,0.28187,0.05138,90.703
-0.98129,0.27792,0.056443,90.708
-0.98532,0.28977,0.056318,90.713
-0.96902,0.28187,0.049934,90.718
-0.97279,0.25817,0.041427,90.723
-0.94856,0.23843,0.039366,90.728
-0.95635,0.21078,0.030419,90.732
-0.96406,0.24238,0.018817,90.737
-0.95201,0.25028,0.020059,90.742
-0.95225,0.26212,0.027968,90.747
-0.94422,0.26212,0.028691,90.752
-0.93606,0.25028,0.025341,90.757
-0.9441,0.25817,0.024776,90.762
-0.93996,0.25028,0.021144,90.767
-0.92827,0.26607,0.034052,90.771
-0.9324,0.25817,0.037369,90.776
-0.9324,0.26212,0.037448,90.781
-0.94446,0.28977,0.036915,90.786
-0.96913,0.27792,0.053692,90.791
-0.94836,0.28977,0.032717,90.796
-0.95216,0.31346,0.025156,90.801
-0.94769,0.32136,0.01033,90.806
-0.9392,0.31346,-0.0044503,90.811
-0.93127,0.29372,-0.00028492,90.815
-0.93092,0.28977,-0.011873,90.82
-0.93518,0.31741,-0.0040101,90.825
-0.93945,0.36085,0.0041675,90.83
-0.94758,0.33321,0.0067295,90.835
-0.9673,0.30161,-0.0072169,90.84
-0.96338,0.27002,-0.0036493,90.845
-0.95904,0.30556,-0.014088,90.85
-0.94747,0.32926,0.0028145,90.854
-0.95125,0.31741,-0.0054559,90.859
-0.95103,0.33716,-0.012735,90.864
-0.95538,0.32136,-0.0019023,90.869
-0.95951,0.32136,0.0015725,90.874
-0.97144,0.30556,-0.0036633,90.879
-0.96008,0.30161,0.02036,90.884
-0.95193,0.29767,0.017168,90.889
-0.94767,0.28977,0.0096994,90.894
-0.9479,0.28582,0.017293,90.898
-0.95651,0.27792,0.035594,90.903
-0.94869,0.25422,0.043517,90.908
-0.95614,0.23843,0.023298,90.913
-0.95649,0.25817,0.0352,90.918
-0.94825,0.28582,0.028802,90.923
-0.95192,0.28582,0.016932,90.928
-0.95204,0.29767,0.021004,90.933
-0.97993,0.30161,0.01088,90.938
-0.96789,0.31741,0.01228,90.942
-0.97569,0.31741,0.0038842,90.947
-0.98359,0.28977,-0.0012264,90.952
-0.97176,0.27792,0.0072943,90.957
-0.95158,0.30556,0.0058167,90.962
-0.97211,0.27397,0.018724,90.967
-0.96808,0.25028,0.018613,90.972
-0.97151,0.23448,-0.0012448,90.977
-0.98367,0.22263,0.0012708,90.981
-0.97553,0.23843,-0.0015275,90.986
-0.9714,0.24633,-0.0048448,90.991
-0.95949,0.27792,0.00070605,90.996
-0.94343,0.29372,0.002467,91.001
-0.95984,0.29767,0.012609,91.006
-0.97096,0.27397,-0.019639,91.011
-0.95938,0.28977,-0.002894,91.016
-0.9759,0.28187,0.010848,91.021
-0.97555,0.28187,-0.00066105,91.025
-0.98404,0.27397,0.013804,91.03
-0.98358,0.26607,-0.0016991,91.035
-0.98001,0.24633,0.013614,91.04
-0.9759,0.27792,0.010769,91.045
-0.96373,0.28187,0.008096,91.05
-0.96374,0.28582,0.0081747,91.055
-0.95548,0.30161,0.0015401,91.06
-0.94285,0.29372,-0.016715,91.064
-0.93908,0.31346,-0.0082866,91.069
-0.9471,0.29767,-0.0093246,91.074
-0.95537,0.29767,-0.002375,91.079
-0.9595,0.29767,0.0010999,91.084
-0.96799,0.29372,0.015643,91.089
-0.97981,0.29767,0.0069652,91.094
-0.95571,0.30161,0.0092128,91.099
-0.95594,0.29767,0.016807,91.104
-0.96065,0.29767,0.039463,91.108
-0.96431,0.28977,0.027435,91.113
-0.96007,0.29767,0.020281,91.118
-0.9478,0.30161,0.013772,91.123
-0.95158,0.29767,0.0056591,91.128
-0.95571,0.29372,0.0090552,91.133
-0.93941,0.28187,0.0025921,91.138
-0.9557,0.27792,0.0087401,91.143
-0.94366,0.30161,0.010297,91.147
-0.94803,0.30556,0.021523,91.152
-0.95584,0.31741,0.013364,91.157
-0.93541,0.31346,0.0035838,91.162
-0.94723,0.30951,-0.005252,91.167
-0.94369,0.33716,0.011006,91.172
