time,seconds_elapsed,z,y,x
1685919707714768400,0.252768310546875,0.21152114868164062,-0.0059337615966796875,0.09934920072555542
1685919707724724700,0.262724853515625,0.1959209442138672,0.041927337646484375,0.07901602983474731
1685919707734680800,0.272680908203125,0.1380767822265625,0.057562828063964844,0.07284307479858398
1685919707744637200,0.28263720703125,0.10577964782714844,0.028905868530273438,0.05486077070236206
1685919707754593300,0.29259326171875,0.09638023376464844,0.05160999298095703,0.0137367844581604
1685919707764549600,0.302549560546875,0.12135505676269531,0.013286113739013672,0.008234500885009766
1685919707774505700,0.312505615234375,0.12522125244140625,0.028675079345703125,0.042320311069488525
1685919707784462000,0.322462158203125,0.15421295166015625,0.03151082992553711,0.05755138397216797
1685919707794418200,0.332418212890625,0.13233566284179688,0.014448165893554688,0.0811154842376709
1685919707804374500,0.34237451171875,0.12102127075195312,-0.010151863098144531,0.011753201484680176
1685919707814331000,0.352330810546875,0.15848827362060547,0.009173393249511719,-0.022413253784179688
1685919707824287000,0.362286865234375,0.21042537689208984,0.05939340591430664,-0.055186688899993896
1685919707834243300,0.372243408203125,0.18807125091552734,0.02186727523803711,-0.01264941692352295
1685919707844092200,0.382092041015625,0.05379199981689453,0.025339603424072266,0.01211094856262207
1685919707853854200,0.391854248046875,-0.007932662963867188,0.06483030319213867,0.0009809136390686035
1685919707863615200,0.401615234375,-0.012438774108886719,0.050875186920166016,0.03838157653808594
1685919707873375700,0.411375732421875,0.012708663940429688,0.01772022247314453,0.07439267635345459
1685919707883136800,0.42113671875,0.061873435974121094,-0.015694141387939453,0.04451799392700195
1685919707892898800,0.43089892578125,0.06309890747070312,-0.008608341217041016,0.0958482027053833
1685919707902659800,0.440659912109375,0.06936359405517578,-0.0487828254699707,0.07848018407821655
1685919707912420000,0.450420166015625,0.038649559020996094,0.022977828979492188,0.13086658716201782
1685919707922181400,0.460181396484375,-0.15262889862060547,-0.04772615432739258,0.190893292427063
1685919707931943200,0.469943115234375,-0.13707923889160156,-0.15711641311645508,0.18000483512878418
1685919707941704400,0.479704345703125,0.006267547607421875,-0.05957221984863281,0.03748023509979248
1685919707951464700,0.489464599609375,0.04420661926269531,0.00972604751586914,0.15851712226867676
1685919707961226000,0.49922607421875,-0.14478015899658203,-0.2566657066345215,-0.08250069618225098
1685919707970987800,0.50898779296875,0.25971412658691406,0.012642383575439453,-0.02214592695236206
1685919707980749000,0.5187490234375,0.24834918975830078,-0.03646039962768555,0.26252004504203796
1685919707990509300,0.52850927734375,0.0776681900024414,-0.02683115005493164,0.3135240077972412
1685919708000270300,0.538270263671875,0.31259822845458984,0.0888209342956543,0.08396059274673462
1685919708010032400,0.548032470703125,0.120025634765625,-0.009641170501708984,-0.089263916015625
1685919708019793400,0.55779345703125,0.02872753143310547,-0.02285623550415039,-0.072368323802948
1685919708029554000,0.567553955078125,0.023956298828125,0.09694337844848633,0.028059005737304688
1685919708039315000,0.57731494140625,-0.020438194274902344,0.0949559211730957,0.035848259925842285
1685919708049077000,0.587076904296875,-0.0076274871826171875,0.03469705581665039,-0.09547162055969238
1685919708058838000,0.596838134765625,0.05406951904296875,-0.12500238418579102,-0.2246801257133484
1685919708068598500,0.6065986328125,0.32062816619873047,-0.013123512268066406,0.1453985869884491
1685919708078359600,0.616359619140625,0.11165809631347656,0.005745410919189453,0.13706865906715393
1685919708088121600,0.62612158203125,0.08629417419433594,-0.09467649459838867,0.048213183879852295
1685919708097882600,0.635882568359375,0.033843040466308594,-0.15213966369628906,-0.10375744104385376
1685919708107643100,0.64564306640625,-0.10667133331298828,-0.1408376693725586,-0.14554083347320557
1685919708117404200,0.655404052734375,-0.1533956527709961,-0.08002376556396484,-0.16016846895217896
1685919708127166200,0.665166259765625,-0.11976337432861328,-0.029407978057861328,-0.1557377576828003
1685919708136927200,0.67492724609375,-0.18140792846679688,-0.03478288650512695,-0.17398101091384888
1685919708146687500,0.6846875,-0.17433738708496094,-0.02724599838256836,-0.16458064317703247
1685919708156448800,0.69444873046875,-0.16550159454345703,-0.01194143295288086,-0.14198118448257446
1685919708166210600,0.70421044921875,-0.12695693969726562,0.011462688446044922,-0.22699841856956482
1685919708175971800,0.713971923828125,0.011378288269042969,-0.0066070556640625,-0.25540080666542053
1685919708185732000,0.723732177734375,0.13804340362548828,-0.008104324340820312,-0.2641570568084717
1685919708195493400,0.733493408203125,0.45418453216552734,-0.34075045585632324,-0.08990928530693054
1685919708205255200,0.743255126953125,-0.40402889251708984,-0.02046346664428711,0.041402608156204224
1685919708215016400,0.753016357421875,0.13456058502197266,0.4162297248840332,0.1272582709789276
1685919708224776700,0.762776611328125,-0.09393692016601562,0.10873556137084961,-0.06092631816864014
1685919708234538000,0.7725380859375,-0.23284149169921875,-0.09434700012207031,-0.19359949231147766
1685919708244299800,0.7822998046875,-0.2281503677368164,-0.04685640335083008,-0.1685374677181244
1685919708254061000,0.79206103515625,-0.3230323791503906,0.027180194854736328,-0.05175769329071045
1685919708263821300,0.8018212890625,-0.1486968994140625,0.047196388244628906,-0.005517184734344482
1685919708273582600,0.81158251953125,-0.15210342407226562,-0.014580249786376953,0.03138431906700134
1685919708283344400,0.821344482421875,-0.033878326416015625,-0.010617256164550781,-0.05372881889343262
1685919708293105700,0.831105712890625,-0.10672283172607422,-0.03372526168823242,-0.05871930718421936
1685919708302866000,0.840865966796875,-0.12035179138183594,-0.002998828887939453,-0.016156435012817383
1685919708312627200,0.850627197265625,0.032555580139160156,-0.013495445251464844,-0.039579302072525024
1685919708322389000,0.860388916015625,0.12116718292236328,0.0009589195251464844,-0.03178182244300842
1685919708332150300,0.870150390625,0.2697420120239258,-0.08404254913330078,-0.046377867460250854
1685919708341910500,0.87991064453125,0.3038139343261719,-0.12019920349121094,-0.05724862217903137
1685919708351671800,0.889671875,0.1716156005859375,-0.05274152755737305,0.04511794447898865
1685919708361433600,0.89943359375,0.04767036437988281,-0.026897430419921875,0.140024334192276
1685919708371195000,0.90919482421875,-0.050026893615722656,0.011208534240722656,0.05885094404220581
1685919708380955100,0.918955078125,-0.16034793853759766,0.006455898284912109,0.017701834440231323
1685919708390716400,0.92871630859375,-0.2108135223388672,0.026916980743408203,-0.008966505527496338
1685919708400478200,0.938478271484375,-0.2502565383911133,0.03380393981933594,0.009174108505249023
1685919708410239500,0.948239501953125,-0.12171554565429688,0.0029091835021972656,-0.011759370565414429
1685919708419999700,0.957999755859375,0.1419210433959961,-0.13913822174072266,0.09464138746261597
1685919708429761000,0.967760986328125,0.04788780212402344,0.037210941314697266,0.10235968232154846
1685919708439522800,0.977522705078125,0.2928934097290039,-0.06639957427978516,-0.038485974073410034
1685919708449284000,0.9872841796875,0.28097057342529297,-0.020671844482421875,-0.08235815167427063
1685919708459044400,0.99704443359375,0.11112689971923828,0.012946128845214844,-0.18109363317489624
1685919708468805600,1.0068056640625,0.013555526733398438,-0.06018877029418945,-0.1770355999469757
1685919708478567400,1.0165673828125,-0.15503311157226562,-0.024530887603759766,-0.09507644176483154
1685919708488328700,1.02632861328125,-0.27413177490234375,0.0067005157470703125,-0.007797658443450928
1685919708498089000,1.0360888671875,-0.2372140884399414,0.03561210632324219,-0.003140091896057129
1685919708507850200,1.045850341796875,-0.17196083068847656,-0.052426815032958984,-0.035083264112472534
1685919708517612000,1.055612060546875,-0.017263412475585938,-0.013799905776977539,-0.0018810629844665527
1685919708527373300,1.065373291015625,-0.03990650177001953,-0.007531642913818359,-0.10614433884620667
1685919708537133600,1.075133544921875,0.07215118408203125,0.010151863098144531,-0.1638532280921936
1685919708546894800,1.084894775390625,0.04629802703857422,0.03588366508483887,-0.16396638751029968
1685919708556656600,1.09465673828125,0.09228992462158203,-0.004019737243652344,-0.1697704792022705
1685919708566418000,1.10441796875,0.10539436340332031,-0.04028034210205078,-0.12165755033493042
1685919708576178200,1.11417822265625,0.0885782241821289,-0.06371164321899414,-0.07248911261558533
1685919708585939500,1.123939453125,0.08907890319824219,-0.06670212745666504,-0.10248717665672302
1685919708595701200,1.133701171875,0.09710979461669922,-0.04004359245300293,-0.15210559964179993
1685919708605462500,1.143462646484375,-0.04069805145263672,-0.049712181091308594,-0.1796656847000122
1685919708615222800,1.153222900390625,-0.12448883056640625,0.01383519172668457,-0.22924843430519104
1685919708624984000,1.162984130859375,-0.18150615692138672,0.035041093826293945,-0.20856517553329468
1685919708634745900,1.172745849609375,-0.1302337646484375,0.04630017280578613,-0.32200655341148376
1685919708644507100,1.182507080078125,-0.15607833862304688,0.1065971851348877,-0.345765620470047
1685919708654267400,1.192267333984375,-0.08333683013916016,0.030954599380493164,-0.27289700508117676
1685919708664028700,1.202028564453125,0.07720279693603516,0.03526711463928223,-0.16156205534934998
1685919708673790500,1.21179052734375,0.02103900909423828,-0.0337982177734375,-0.14203932881355286
1685919708683551700,1.2215517578125,-0.05244636535644531,-0.00634455680847168,-0.099609375
1685919708693312000,1.23131201171875,-0.006266593933105469,-0.04458975791931152,-0.11004269123077393
1685919708703073300,1.2410732421875,-0.0077915191650390625,-0.04484367370605469,-0.11999043822288513
1685919708712835000,1.2508349609375,-0.0352783203125,-0.08008599281311035,-0.06705185770988464
1685919708722596400,1.260596435546875,0.08590030670166016,-0.06499290466308594,-0.08712688088417053
1685919708732356600,1.270356689453125,0.2027740478515625,-0.10674691200256348,-0.07789883017539978
1685919708742118000,1.280117919921875,0.19370365142822266,-0.154191255569458,-0.07232126593589783
1685919708751879700,1.289879638671875,0.2659749984741211,-0.1681532859802246,-0.09027445316314697
1685919708761641000,1.299640869140625,0.2157745361328125,-0.13035941123962402,-0.04415518045425415
1685919708771401200,1.309401123046875,0.12056541442871094,-0.14535188674926758,-0.10559332370758057
1685919708781162500,1.31916259765625,0.10788726806640625,-0.14561009407043457,-0.10175210237503052
1685919708790924500,1.328924560546875,-0.07121849060058594,-0.11396503448486328,-0.14643800258636475
1685919708800685600,1.338685546875,-0.08711528778076172,-0.06667160987854004,-0.1389022171497345
1685919708810445800,1.34844580078125,-0.11239814758300781,-0.07857847213745117,-0.13538679480552673
1685919708820207000,1.35820703125,-0.1634817123413086,-0.07786989212036133,-0.06974068284034729
1685919708829969000,1.367968994140625,-0.14588642120361328,-0.05267214775085449,-0.09314250946044922
1685919708839730200,1.377730224609375,-0.20698261260986328,-0.0380861759185791,-0.13080108165740967
1685919708849490400,1.387490478515625,-0.15965747833251953,-0.05950808525085449,-0.09853103756904602
1685919708859251700,1.397251708984375,-0.048126220703125,-0.07395696640014648,-0.14880579710006714
1685919708869013800,1.407013671875,-0.10866165161132812,-0.11964893341064453,-0.16419720649719238
1685919708878774800,1.41677490234375,-0.08139896392822266,-0.12393045425415039,-0.09787750244140625
1685919708888535000,1.42653515625,0.004137992858886719,-0.11144351959228516,-0.012220978736877441
1685919708898296300,1.43629638671875,-0.03868675231933594,-0.11367678642272949,0.015978455543518066
1685919708908058400,1.446058349609375,0.023302078247070312,-0.12169528007507324,0.015975862741470337
1685919708917819400,1.4558193359375,0.051962852478027344,-0.09804916381835938,-0.013798326253890991
1685919708927580000,1.465579833984375,0.000980377197265625,-0.07901263236999512,-0.06994414329528809
1685919708937341000,1.4753408203125,-0.02969646453857422,-0.04520058631896973,-0.04019919037818909
1685919708947103000,1.48510302734375,-0.07603168487548828,0.08392477035522461,0.05782836675643921
1685919708956864000,1.494864013671875,-0.11925983428955078,0.003836393356323242,0.11708566546440125
1685919708966624500,1.50462451171875,-0.20687007904052734,0.0813148021697998,0.16838034987449646
1685919708976385500,1.514385498046875,-0.22060394287109375,0.1374971866607666,0.2365720421075821
1685919708986147600,1.524147705078125,-0.30552196502685547,0.12607049942016602,0.24525883793830872
1685919708995908600,1.53390869140625,-0.33118152618408203,0.11458683013916016,0.3484680652618408
1685919709005669000,1.543669189453125,-0.24460792541503906,0.16241097450256348,0.44684651494026184
1685919709015430100,1.55343017578125,-0.22166824340820312,0.16927456855773926,0.5529940724372864
1685919709025192200,1.563192138671875,-0.2514181137084961,0.17248916625976562,0.6880580186843872
1685919709034953200,1.572953125,-0.09285449981689453,0.1391463279724121,0.7217613458633423
1685919709044713700,1.582713623046875,0.0412750244140625,0.12656378746032715,0.7335192561149597
1685919709054474800,1.592474853515625,0.053008079528808594,0.08853435516357422,0.801295816898346
1685919709064236800,1.60223681640625,0.0935211181640625,0.06361985206604004,0.8365148901939392
1685919709073998000,1.611998046875,0.13875865936279297,0.11524844169616699,0.8963358402252197
1685919709083758300,1.62175830078125,0.18158817291259766,0.07735562324523926,0.8441771268844604
1685919709093519400,1.631519287109375,0.32349586486816406,0.05919361114501953,0.8411426544189453
1685919709103281400,1.641281494140625,0.24729442596435547,0.06060385704040527,0.7119954228401184
1685919709113042700,1.651042724609375,0.1306133270263672,0.055861473083496094,0.6963695287704468
1685919709122803000,1.660802978515625,0.02519512176513672,0.034951210021972656,0.6813982725143433
1685919709132564200,1.670564208984375,0.11139678955078125,0.01628589630126953,0.5416089296340942
1685919709142326000,1.680325927734375,0.1103219985961914,0.07578849792480469,0.6412696838378906
1685919709152087300,1.69008740234375,0.15554141998291016,0.093902587890625,0.7178685069084167
1685919709161847600,1.69984765625,0.14335060119628906,0.09574270248413086,0.7132304906845093
1685919709171608800,1.70960888671875,0.15981197357177734,0.12077212333679199,0.6594850420951843
1685919709181370600,1.71937060546875,0.28229331970214844,0.1823265552520752,0.542658269405365
1685919709191132000,1.7291318359375,0.3704233169555664,0.1307690143585205,0.4466393291950226
1685919709200892200,1.73889208984375,0.48383045196533203,0.2311549186706543,0.2507593035697937
1685919709210653400,1.7486533203125,0.5373439788818359,0.21486401557922363,0.18619483709335327
1685919709220415500,1.75841552734375,0.5507736206054688,0.19923067092895508,0.07386128604412079
1685919709230176500,1.768176513671875,0.5388383865356445,0.17740917205810547,-0.005177989602088928
1685919709239936800,1.777936767578125,0.4385261535644531,0.13987350463867188,-0.023320384323596954
1685919709249698000,1.787697998046875,0.3362846374511719,0.22299575805664062,0.030863866209983826
1685919709259460000,1.797460205078125,0.20582866668701172,0.0773770809173584,0.011433407664299011
1685919709269221000,1.80722119140625,0.16244125366210938,0.12949872016906738,-0.04722873866558075
1685919709278981600,1.816981689453125,0.12729167938232422,0.06938457489013672,0.006070882081985474
1685919709288742700,1.82674267578125,0.039337158203125,0.0348200798034668,0.06640587747097015
1685919709298504700,1.836504638671875,0.20810699462890625,-0.25530338287353516,0.4314655065536499
1685919709308265700,1.846265625,-0.48869895935058594,0.0710287094116211,0.3322749137878418
1685919709318026200,1.856026123046875,-0.14245319366455078,0.4900798797607422,0.03193855285644531
1685919709327787300,1.865787353515625,-0.2305316925048828,0.2577838897705078,0.16373148560523987
1685919709337549300,1.87554931640625,-0.4550943374633789,0.44406986236572266,0.42952850461006165
1685919709347310300,1.885310302734375,-0.1367502212524414,0.5282931327819824,0.2299957573413849
1685919709357070800,1.89507080078125,0.11855602264404297,0.4909963607788086,0.2896482050418854
1685919709366831900,1.904831787109375,0.039420127868652344,0.35839033126831055,0.19499346613883972
1685919709376594000,1.914593994140625,0.10028934478759766,0.15222454071044922,-0.049339503049850464
1685919709386355200,1.924355224609375,0.4893503189086914,0.32250118255615234,-0.24826209247112274
1685919709396115500,1.934115478515625,0.9438352584838867,0.12564897537231445,-0.5995322465896606
1685919709405876700,1.943876708984375,1.0331916809082031,-0.31256961822509766,-0.8456523418426514
1685919709415638500,1.953638427734375,1.308816909790039,-0.3484072685241699,-0.8167746067047119
1685919709425399800,1.96339990234375,1.220846176147461,-0.4418296813964844,-0.7380318641662598
1685919709435160000,1.97316015625,0.8266468048095703,-0.6100025177001953,-0.748035192489624
1685919709444921300,1.98292138671875,0.3351459503173828,-0.6544198989868164,-0.6350312232971191
1685919709454683100,1.99268310546875,-0.2238454818725586,-0.43101978302001953,-0.4575849175453186
1685919709464444400,2.0024443359375,-0.7840175628662109,-0.27727603912353516,-0.340182363986969
1685919709474204700,2.01220458984375,-1.2717838287353516,-0.2546677589416504,-0.19590270519256592
1685919709483966000,2.021966064453125,-1.578801155090332,-0.21174240112304688,-0.014677971601486206
1685919709493728000,2.03172802734375,-1.5878567695617676,-0.17212295532226562,0.1993749737739563
1685919709503489000,2.041489013671875,-1.5227575302124023,-0.19912242889404297,0.35851895809173584
1685919709513249300,2.051249267578125,-1.2792696952819824,-0.1469120979309082,0.389443576335907
1685919709523010600,2.061010498046875,-1.1029868125915527,-0.1550135612487793,0.36438918113708496
1685919709532772600,2.070772705078125,-0.8048944473266602,-0.14732837677001953,0.1989230513572693
1685919709542533600,2.08053369140625,-0.4803905487060547,-0.21248579025268555,0.2451494038105011
1685919709552294100,2.090294189453125,-0.667759895324707,-0.10257816314697266,0.004344254732131958
1685919709562055200,2.10005517578125,-0.5728969573974609,-0.05031156539916992,-0.19072943925857544
1685919709571817200,2.109817138671875,-0.19800567626953125,-0.046149253845214844,-0.36635005474090576
1685919709581578200,2.119578125,-0.0276336669921875,-0.048009395599365234,-0.32551586627960205
1685919709591338800,2.1293388671875,0.13022708892822266,-0.12359237670898438,-0.16157491505146027
1685919709601099800,2.139099853515625,0.3669853210449219,-0.10989904403686523,0.18061789870262146
1685919709610861800,2.14886181640625,0.632904052734375,-0.07093334197998047,0.37421876192092896
1685919709620623000,2.158623046875,0.5310049057006836,-0.18309307098388672,0.6579383611679077
1685919709630383400,2.16838330078125,0.5333614349365234,-0.1284651756286621,0.5918896198272705
1685919709640144400,2.178144287109375,0.6345033645629883,-0.10494518280029297,0.5163161754608154
1685919709649906400,2.187906494140625,0.7369098663330078,-0.08966970443725586,0.32143890857696533
1685919709659667700,2.197667724609375,0.38770580291748047,-0.0465545654296875,0.21154549717903137
1685919709669428000,2.207427978515625,0.33400821685791016,0.0997915267944336,0.041349709033966064
1685919709679189200,2.217189208984375,0.2307281494140625,0.11431169509887695,-0.05278471112251282
1685919709688951000,2.226950927734375,0.04954814910888672,0.1238555908203125,-0.09616713225841522
1685919709698712300,2.23671240234375,-0.05007648468017578,0.2057051658630371,-0.14698559045791626
1685919709708472600,2.24647265625,-0.038066864013671875,0.2818021774291992,-0.12924891710281372
1685919709718233900,2.25623388671875,-0.10995101928710938,0.2608184814453125,-0.15886299312114716
1685919709727995600,2.26599560546875,-0.25079822540283203,0.18558788299560547,-0.003688797354698181
1685919709737757000,2.2757568359375,-0.26491355895996094,0.18033504486083984,0.07575413584709167
1685919709747517200,2.28551708984375,-0.3076143264770508,0.15855932235717773,0.14062809944152832
1685919709757278500,2.295278564453125,-0.2929573059082031,0.15594053268432617,0.03539445996284485
1685919709767040500,2.30504052734375,-0.3996162414550781,0.1573810577392578,0.06451866030693054
1685919709776801500,2.314801513671875,-0.37659549713134766,0.0790562629699707,0.08636224269866943
1685919709786562000,2.32456201171875,-0.36761951446533203,0.1407942771911621,0.16613924503326416
1685919709796323000,2.334322998046875,-0.5062465667724609,0.0037660598754882812,0.29281100630760193
1685919709806085000,2.344085205078125,-0.4607095718383789,0.13166189193725586,0.21928048133850098
1685919709815846100,2.35384619140625,-0.2488574981689453,0.1545701026916504,0.15340551733970642
1685919709825606700,2.363606689453125,-0.4289569854736328,0.12013721466064453,0.1305793821811676
1685919709835367700,2.37336767578125,-0.4205045700073242,0.06289005279541016,0.11600890755653381
1685919709845129700,2.383129638671875,-0.3322639465332031,0.053528785705566406,0.13036255538463593
1685919709854891000,2.39289111328125,-0.3246927261352539,0.08073711395263672,0.14439097046852112
1685919709864651300,2.4026513671875,-0.21796131134033203,0.10724782943725586,0.143791064620018
1685919709874412300,2.412412353515625,-0.08139705657958984,0.1278071403503418,0.19684748351573944
1685919709884174300,2.42217431640625,0.049447059631347656,0.055913448333740234,0.2842474579811096
1685919709893935600,2.431935546875,0.14203834533691406,0.014361858367919922,0.30692920088768005
1685919709903696000,2.44169580078125,0.2288217544555664,0.0363917350769043,0.35054534673690796
1685919709913457200,2.45145703125,0.21509075164794922,0.07769012451171875,0.33443841338157654
1685919709923219000,2.461218994140625,0.019911766052246094,0.021321773529052734,0.3025617301464081
1685919709932980200,2.470980224609375,-0.33296680450439453,0.033956050872802734,0.3056023120880127
1685919709942740500,2.480740478515625,-0.4751920700073242,0.05855607986450195,0.29056739807128906
1685919709952501800,2.490501708984375,-0.5343713760375977,0.07453393936157227,0.22669872641563416
1685919709962263800,2.500263916015625,-0.5385637283325195,0.04106712341308594,0.23926949501037598
1685919709972024800,2.51002490234375,-0.40846824645996094,0.0527191162109375,0.28554683923721313
1685919709981785300,2.519785400390625,-0.2963237762451172,0.05795907974243164,0.2728624939918518
1685919709991546400,2.52954638671875,-0.25272369384765625,0.048099517822265625,0.23117895424365997
1685919710001308400,2.539308349609375,-0.2263164520263672,0.08317041397094727,0.26438045501708984
1685919710011069400,2.5490693359375,-0.21184253692626953,0.020751476287841797,0.2540906071662903
1685919710020830000,2.558829833984375,-0.2368307113647461,0.059317588806152344,0.21203278005123138
1685919710030591000,2.568591064453125,-0.27230072021484375,0.04878425598144531,0.2659807503223419
1685919710040353000,2.57835302734375,-0.33957862854003906,0.09417343139648438,0.18066248297691345
1685919710050114000,2.588114013671875,-0.46462249755859375,0.09680461883544922,0.14085227251052856
1685919710059874600,2.59787451171875,-0.4731426239013672,0.11542177200317383,0.03926205635070801
1685919710069635800,2.6076357421875,-0.45019054412841797,0.12741947174072266,0.04439154267311096
1685919710079397600,2.617397705078125,-0.37775707244873047,0.1428060531616211,-0.013202279806137085
1685919710089159000,2.627158935546875,-0.24224185943603516,0.1303086280822754,-0.010208666324615479
1685919710098919200,2.636919189453125,-0.22298622131347656,0.12927484512329102,-0.0006291866302490234
1685919710108680400,2.646680419921875,-0.1265888214111328,0.043927669525146484,0.06583178043365479
1685919710118442200,2.656442138671875,-0.0006837844848632812,0.06505870819091797,0.14021530747413635
1685919710128203500,2.66620361328125,-0.009953498840332031,0.09102725982666016,0.17028537392616272
1685919710137963800,2.6759638671875,-0.01782703399658203,0.05084800720214844,0.20372247695922852
1685919710147725000,2.68572509765625,-0.05737018585205078,0.05639076232910156,0.11299458146095276
1685919710157487000,2.695487060546875,-0.21541786193847656,0.08609437942504883,0.11328047513961792
1685919710167248100,2.705248046875,-0.2506227493286133,0.1009206771850586,0.054026275873184204
1685919710177008600,2.715008544921875,-0.33287811279296875,0.1612720489501953,0.034486353397369385
1685919710186769700,2.724769775390625,-0.36549949645996094,0.18989849090576172,0.12918075919151306
1685919710196531700,2.73453173828125,-0.22256946563720703,0.15989351272583008,0.0800536572933197
1685919710206292700,2.744292724609375,-0.14894580841064453,0.10418987274169922,0.0783420205116272
1685919710216053200,2.75405322265625,-0.03676128387451172,0.11820030212402344,0.10196343064308167
1685919710225814300,2.763814208984375,-0.06276607513427734,0.1386270523071289,0.09389930963516235
1685919710235576300,2.773576416015625,0.02287578582763672,0.12472915649414062,0.06005221605300903
1685919710245337300,2.78333740234375,0.01823139190673828,0.10532903671264648,0.14497098326683044
1685919710255097900,2.793097900390625,-0.002101898193359375,0.08978414535522461,0.2060348093509674
1685919710264859100,2.802859130859375,-0.007220268249511719,0.11104345321655273,0.18094387650489807
1685919710274621000,2.812620849609375,-0.03976726531982422,0.07677221298217773,0.1373627781867981
1685919710284382200,2.82238232421875,-0.019494056701660156,0.09658622741699219,0.12892544269561768
1685919710294142500,2.832142578125,-0.14487457275390625,0.17160987854003906,0.1643153429031372
1685919710303903700,2.84190380859375,-0.2157459259033203,0.12912750244140625,0.14879924058914185
1685919710313665500,2.85166552734375,-0.27830982208251953,0.13220596313476562,0.11996835470199585
1685919710323426800,2.8614267578125,-0.3332653045654297,0.13392972946166992,0.055569469928741455
1685919710333187000,2.87118701171875,-0.3787717819213867,0.15823936462402344,0.03639566898345947
1685919710342948400,2.8809482421875,-0.3353300094604492,0.2030034065246582,0.051412343978881836
1685919710352710400,2.89071044921875,-0.23756122589111328,0.1648097038269043,0.08679342269897461
1685919710362471400,2.900471435546875,-0.17531108856201172,0.1691451072692871,0.20067989826202393
1685919710372232000,2.91023193359375,-0.1680450439453125,0.15442848205566406,0.12977397441864014
1685919710381993000,2.919992919921875,-0.1647777557373047,0.2259197235107422,0.15883934497833252
1685919710391755000,2.929755126953125,-0.2568826675415039,0.23338890075683594,0.1840328574180603
1685919710401516000,2.93951611328125,-0.36275672912597656,0.18487548828125,0.20933014154434204
1685919710411276500,2.949276611328125,-0.46392154693603516,0.13406705856323242,0.2922366261482239
1685919710421037600,2.95903759765625,-0.5215291976928711,0.19838953018188477,0.2868277430534363
1685919710430799600,2.968799560546875,-0.38892555236816406,0.1516399383544922,0.2781229019165039
1685919710440561000,2.978560791015625,-0.38750171661376953,0.1281585693359375,0.2016235589981079
1685919710450321200,2.988321044921875,-0.17324066162109375,0.21112823486328125,0.2625166177749634
1685919710460082400,2.99808251953125,-0.19149017333984375,0.2655181884765625,0.2736595869064331
1685919710469844200,3.00784423828125,-0.13390731811523438,0.21750664710998535,0.2985682487487793
1685919710479605500,3.01760546875,-0.11409664154052734,0.29169273376464844,0.367887020111084
1685919710489365800,3.02736572265625,-0.10741519927978516,0.23130249977111816,0.37698590755462646
1685919710499127000,3.037126953125,-0.054535865783691406,0.2854883670806885,0.33005499839782715
1685919710508889000,3.04688916015625,-0.09982967376708984,0.2825624942779541,0.30924177169799805
1685919710518650000,3.056650146484375,-0.23961925506591797,0.28717708587646484,0.2201625108718872
1685919710528410600,3.06641064453125,-0.36496543884277344,0.3595311641693115,0.19601070880889893
1685919710538171600,3.076171630859375,-0.30556583404541016,0.293548583984375,0.1368781328201294
1685919710547933700,3.08593359375,-0.3145933151245117,0.32526707649230957,0.2912135124206543
1685919710557694700,3.09569482421875,-0.18838024139404297,0.2925388813018799,0.3134889602661133
1685919710567455200,3.105455322265625,-0.116973876953125,0.25913405418395996,0.346016526222229
1685919710577216300,3.11521630859375,0.004847526550292969,0.2194230556488037,0.3672999143600464
1685919710586978300,3.124978271484375,0.0217437744140625,0.23771452903747559,0.40903520584106445
1685919710596739600,3.134739501953125,-0.08507919311523438,0.2225961685180664,0.33355391025543213
1685919710606499800,3.144499755859375,-0.3605661392211914,0.22844648361206055,0.21543443202972412
1685919710616261000,3.15426123046875,-0.6260471343994141,0.3173680305480957,0.13669955730438232
1685919710626023000,3.16402294921875,-0.9556050300598145,0.3509562015533447,0.09590458869934082
1685919710635784200,3.1737841796875,-1.1726317405700684,0.3582124710083008,0.1931004524230957
1685919710645544400,3.18354443359375,-1.3435144424438477,0.3839900493621826,0.23011457920074463
1685919710655305700,3.1933056640625,-1.2858648300170898,0.306488037109375,0.3204232454299927
1685919710665067800,3.20306787109375,-1.0997872352600098,0.2405099868774414,0.4598097801208496
1685919710674828800,3.212828857421875,-0.8755426406860352,0.13184618949890137,0.5271632671356201
1685919710684589300,3.22258935546875,-0.7296152114868164,0.06031441688537598,0.61585533618927
1685919710694350300,3.232350341796875,-0.7746553421020508,0.04835367202758789,0.5926507711410522
1685919710704112400,3.2421123046875,-1.019014835357666,0.07736778259277344,0.5146756172180176
1685919710713873400,3.251873291015625,-1.3165440559387207,0.1662147045135498,0.4342261552810669
1685919710723634000,3.261634033203125,-1.5734672546386719,0.18193602561950684,0.31631433963775635
1685919710733395000,3.27139501953125,-1.8504433631896973,0.2552943229675293,0.2619593143463135
1685919710743157000,3.281156982421875,-2.103367805480957,0.2855710983276367,0.28692924976348877
1685919710752918300,3.290918212890625,-2.291564464569092,0.3163881301879883,0.2522772550582886
1685919710762678500,3.300678466796875,-2.446258068084717,0.368579626083374,0.4118783473968506
1685919710772439800,3.310439697265625,-2.364626407623291,0.4137413501739502,0.6966134309768677
1685919710782201600,3.32020166015625,-2.182638645172119,0.3894166946411133,0.9659333229064941
1685919710791963000,3.329962890625,-1.8154535293579102,0.4754490852355957,1.114893913269043
1685919710801723100,3.33972314453125,-1.4022531509399414,0.599881649017334,1.2940287590026855
1685919710811484400,3.349484375,-1.0504255294799805,0.7453720569610596,1.2080618143081665
1685919710821246500,3.35924658203125,-0.8844223022460938,0.7817754745483398,0.9248217344284058
1685919710831007500,3.369007568359375,-0.7958412170410156,0.7792356014251709,0.741131067276001
1685919710840768000,3.37876806640625,-0.816439151763916,0.9267148971557617,0.4934968948364258
1685919710850529000,3.388529052734375,-1.0045194625854492,0.9804983139038086,0.10096776485443115
1685919710860291000,3.398291015625,-1.306251049041748,0.9347083568572998,0.13914525508880615
1685919710870052000,3.408052001953125,-1.7798151969909668,1.6507196426391602,0.8900063037872314
1685919710879812600,3.4178125,-2.455293655395508,1.5984899997711182,1.6178102493286133
1685919710889573600,3.42757373046875,-2.9399123191833496,1.2865240573883057,2.4304347038269043
1685919710899335700,3.437335693359375,-3.463573932647705,1.309760332107544,3.3280673027038574
1685919710909097000,3.447096923828125,-4.633341312408447,1.44484281539917,4.233878135681152
1685919710918857200,3.456857177734375,-5.8671770095825195,1.9344351291656494,5.258147239685059
1685919710928618500,3.466618408203125,-7.145748138427734,2.36712908744812,6.36244010925293
1685919710938380300,3.47638037109375,-8.607619285583496,2.607248544692993,8.040224075317383
1685919710948141600,3.4861416015625,-10.245660781860352,3.1518120765686035,10.225020408630371
1685919710957901800,3.49590185546875,-10.77849292755127,2.7330234050750732,12.274967193603516
1685919710967663000,3.5056630859375,-9.907173156738281,1.638826847076416,13.550179481506348
1685919710977425200,3.515425048828125,-8.066499710083008,0.279144287109375,14.120735168457031
1685919710987186200,3.525186279296875,-5.610132217407227,-1.1175427436828613,13.970724105834961
1685919710996946700,3.53494677734375,-4.705356121063232,-2.128875494003296,12.141746520996094
1685919711006707700,3.544707763671875,-6.093541145324707,-3.4534947872161865,9.030679702758789
1685919711016469800,3.5544697265625,-10.336355209350586,-3.7666797637939453,6.464457035064697
1685919711026230800,3.564230712890625,-15.06086254119873,-3.3049843311309814,3.8491592407226562
1685919711035991300,3.5739912109375,-18.441558837890625,-1.8290338516235352,1.3041064739227295
1685919711045752600,3.583752685546875,-19.17603874206543,-0.16636896133422852,-0.6781141757965088
1685919711055514400,3.593514404296875,-17.222270965576172,0.9675760269165039,-0.9741361141204834
1685919711065275600,3.603275634765625,-12.467792510986328,0.6364054679870605,1.1798533201217651
1685919711075036000,3.613035888671875,-5.92421817779541,-1.0593359470367432,4.914997100830078
1685919711084797200,3.622797119140625,-0.9364476203918457,-2.53463077545166,7.835996150970459
1685919711094559200,3.632559326171875,-1.3913159370422363,-4.478976249694824,8.424055099487305
1685919711104320300,3.6423203125,-5.837812900543213,-5.789226055145264,7.09477424621582
1685919711114080500,3.65208056640625,-12.188652038574219,-5.796064853668213,2.7362895011901855
1685919711123841800,3.661841796875,-18.621623992919922,-4.505539894104004,-2.923135280609131
1685919711133603800,3.671603759765625,-23.047880172729492,-3.5147218704223633,-5.300873756408691
1685919711143364900,3.68136474609375,-21.091947555541992,-4.665820121765137,-3.0903806686401367
1685919711153125400,3.69112548828125,-11.403779983520508,-6.204004287719727,2.688870668411255
1685919711162886400,3.700886474609375,4.823726654052734,-8.774473190307617,6.03872013092041
1685919711172648400,3.7106484375,22.043758392333984,-9.292856216430664,7.430299758911133
1685919711182409700,3.72040966796875,31.844409942626953,-7.394553184509277,4.5720744132995605
1685919711192170000,3.730169921875,31.731098175048828,-4.267601013183594,-2.181579113006592
1685919711201931300,3.73993115234375,29.905014038085938,-0.17412877082824707,-7.252251625061035
1685919711211693000,3.749693115234375,31.563560485839844,-0.508059024810791,-16.73755645751953
1685919711221454300,3.759454345703125,28.66280746459961,-0.977475643157959,-26.656654357910156
1685919711231214600,3.769214599609375,21.18947982788086,2.021838903427124,-25.067174911499023
1685919711240976000,3.778975830078125,21.883243560791016,0.4482882022857666,-19.87786293029785
1685919711250738000,3.788738037109375,30.581390380859375,-1.807535171508789,-11.535379409790039
1685919711260499000,3.7984990234375,34.710365295410156,-5.658322334289551,-1.9145851135253906
1685919711270259500,3.808259521484375,33.07007598876953,-4.010013103485107,2.9598424434661865
1685919711280020500,3.8180205078125,23.211271286010742,-0.6480329036712646,3.362107276916504
1685919711289782500,3.827782470703125,10.423418045043945,0.043038368225097656,6.034900188446045
1685919711299543600,3.83754345703125,4.794711112976074,-1.0558233261108398,8.48453140258789
1685919711309304000,3.847303955078125,4.275728225708008,-2.563194990158081,7.5204267501831055
1685919711319065300,3.8570654296875,6.0743255615234375,-3.663177251815796,5.433429718017578
1685919711328827100,3.8668271484375,9.078768730163574,-6.093188762664795,3.728835105895996
1685919711338588400,3.87658837890625,16.71756362915039,-7.6952996253967285,3.483205795288086
1685919711348348700,3.8863486328125,20.733787536621094,-8.487869262695312,4.349547386169434
1685919711358110000,3.89610986328125,15.089082717895508,-8.033334732055664,6.100028991699219
1685919711367872000,3.9058720703125,4.646060466766357,-6.465236663818359,5.745368003845215
1685919711377633000,3.915633056640625,-4.977608680725098,-4.770115375518799,2.660769462585449
1685919711387393500,3.9253935546875,-12.672978401184082,-4.004276275634766,-0.2433174103498459
1685919711397154600,3.935154541015625,-17.745872497558594,-4.519318580627441,-1.1752219200134277
1685919711406916600,3.94491650390625,-16.785579681396484,-6.225971221923828,0.02561904489994049
1685919711416677600,3.954677734375,-11.075108528137207,-8.115797996520996,0.6087007522583008
1685919711426438100,3.964438232421875,-5.029326438903809,-8.165506362915039,-0.22690430283546448
1685919711436199200,3.97419921875,-0.936798095703125,-5.609798431396484,-0.6883493065834045
1685919711445961200,3.983961181640625,4.0504069328308105,-6.34684944152832,-3.978912591934204
1685919711455722500,3.993722412109375,7.63987398147583,-6.074110507965088,-8.31777286529541
1685919711465482800,4.003482666015625,5.104700088500977,-4.779698848724365,-11.997648239135742
1685919711475244000,4.013244140625,-1.003857135772705,-1.4243755340576172,-10.337080955505371
1685919711485005800,4.023005859375,-5.388063430786133,1.0924153327941895,-8.438495635986328
1685919711494767000,4.03276708984375,-4.768918514251709,2.415910243988037,-7.123011112213135
1685919711504527600,4.042527587890625,-2.8326539993286133,1.0180306434631348,-4.049890518188477
1685919711514288600,4.05228857421875,-2.479862689971924,-1.2703030109405518,0.889080286026001
1685919711524050700,4.06205078125,-2.8487205505371094,-3.0837535858154297,4.834484577178955
1685919711533811700,4.071811767578125,-1.765052318572998,-3.0877866744995117,7.121716022491455
1685919711543572200,4.081572265625,0.6980476379394531,-3.7299110889434814,8.014143943786621
1685919711553333200,4.091333251953125,4.6531476974487305,-4.279321670532227,7.832914352416992
1685919711563095300,4.10109521484375,8.066123008728027,-4.776474952697754,7.005453586578369
1685919711572856600,4.110856689453125,10.844476699829102,-4.9157257080078125,6.058127403259277
1685919711582616800,4.120616943359375,12.256768226623535,-4.022030830383301,3.686656951904297
1685919711592378000,4.130378173828125,11.583497047424316,-2.5849766731262207,-0.031658172607421875
1685919711602140000,4.140139892578125,8.283905982971191,-1.5083839893341064,-2.725464344024658
1685919711611901200,4.149901123046875,4.163113594055176,-0.9265686869621277,-4.813876152038574
1685919711621661700,4.15966162109375,7.430713653564453,6.37851619720459,-15.01668643951416
1685919711631422700,4.169422607421875,32.1927604675293,15.133993148803711,-20.299158096313477
1685919711641184800,4.179184814453125,27.10590362548828,1.5195434093475342,-16.47669792175293
1685919711650945800,4.18894580078125,13.489912033081055,-2.727876663208008,-7.5409111976623535
1685919711660706300,4.198706298828125,-0.5573091506958008,-3.1287193298339844,3.0256752967834473
1685919711670467300,4.20846728515625,-13.99033260345459,-5.128739356994629,8.391597747802734
1685919711680229400,4.2182294921875,-17.474796295166016,-5.404839515686035,8.76602554321289
1685919711689990700,4.22799072265625,-13.801338195800781,-4.839258193969727,5.409739017486572
1685919711699751000,4.2377509765625,-7.76525354385376,-3.025953769683838,2.0910332202911377
1685919711709512200,4.24751220703125,-1.7401328086853027,0.08010423183441162,-2.3922407627105713
1685919711719274000,4.25727392578125,6.939852714538574,3.757516622543335,-6.725645065307617
1685919711729035300,4.26703515625,13.080599784851074,4.3194990158081055,-8.361282348632812
1685919711738795500,4.27679541015625,10.838912963867188,3.5108895301818848,-5.730045318603516
1685919711748556800,4.286556884765625,3.4034852981567383,2.1034133434295654,-1.4471615552902222
1685919711758318800,4.29631884765625,-3.385838508605957,0.814983606338501,1.4473776817321777
1685919711768080000,4.306079833984375,-5.828865051269531,-0.6526283025741577,2.2611355781555176
1685919711777840400,4.31584033203125,-4.541745185852051,-1.1587004661560059,2.4997801780700684
1685919711787601400,4.325601318359375,-1.207845687866211,-0.7912010550498962,2.20353102684021
1685919711797363500,4.335363525390625,2.48671817779541,-0.35788875818252563,1.525944709777832
1685919711807124700,4.345124755859375,5.117369651794434,-0.07656699419021606,0.985136091709137
1685919711816885000,4.354885009765625,4.973273277282715,-0.2693234086036682,0.9117289185523987
1685919711826646300,4.364646240234375,2.5651302337646484,-0.4886903166770935,0.8772618770599365
1685919711836408000,4.374407958984375,-0.2064056396484375,-0.7166337966918945,0.43248438835144043
1685919711846169300,4.38416943359375,-1.6584486961364746,-0.8390772342681885,-0.25539064407348633
1685919711855929600,4.3939296875,-1.8126754760742188,-0.8841838240623474,-1.0696941614151
1685919711865691000,4.40369091796875,-1.330413818359375,-0.7648850679397583,-1.7570229768753052
1685919711875453000,4.413452880859375,-0.71185302734375,-0.42173463106155396,-2.053471803665161
1685919711885214000,4.4232138671875,-0.1877765655517578,-0.2718891501426697,-2.039125442504883
1685919711894974500,4.432974365234375,0.35560035705566406,-0.2848464846611023,-1.7982256412506104
1685919711904735500,4.442735595703125,0.5158166885375977,-0.5322338938713074,-1.149976134300232
1685919711914497500,4.45249755859375,0.3992452621459961,-0.7439565062522888,-0.3007073402404785
1685919711924258800,4.4622587890625,0.21898937225341797,-0.8362625241279602,0.22536218166351318
1685919711934019000,4.47201904296875,0.039615631103515625,-0.7098129987716675,0.3227747678756714
1685919711943780400,4.4817802734375,0.11393928527832031,-0.632081151008606,0.06450843811035156
1685919711953542100,4.491542236328125,0.32656192779541016,-0.4419335126876831,-0.11414778232574463
1685919711963303400,4.501303466796875,0.5792684555053711,-0.3199983239173889,0.017332792282104492
1685919711973064000,4.51106396484375,0.7263431549072266,-0.15522396564483643,0.24949395656585693
1685919711982825000,4.520824951171875,0.9024648666381836,-0.22464698553085327,0.42538511753082275
1685919711992587000,4.5305869140625,0.9052009582519531,-0.3753700852394104,0.7360575199127197
1685919712002348000,4.54034814453125,0.901885986328125,-0.4228934645652771,1.0430222749710083
1685919712012108500,4.550108642578125,0.8279800415039062,-0.2816060185432434,0.8317686319351196
1685919712021869600,4.55986962890625,0.37853145599365234,-0.3080218434333801,0.19814884662628174
1685919712031631600,4.569631591796875,-0.07854270935058594,-0.13723838329315186,-0.24128270149230957
1685919712041393000,4.579392822265625,-0.3172626495361328,-0.0631105899810791,-0.6848969459533691
1685919712051153200,4.589153076171875,-0.36687755584716797,0.0845334529876709,-1.0010040998458862
1685919712060914400,4.59891455078125,0.09209728240966797,-0.22963190078735352,-0.968071460723877
1685919712070676200,4.60867626953125,0.5734710693359375,-0.6040450930595398,-0.37610554695129395
1685919712080437500,4.6184375,0.969818115234375,-0.7261986136436462,0.23618996143341064
1685919712090197800,4.62819775390625,1.2655324935913086,-0.7855041027069092,0.7505507469177246
1685919712099959000,4.637958984375,1.0535249710083008,-0.7571872472763062,0.7618645429611206
1685919712109721000,4.64772119140625,0.5428667068481445,-0.5929129719734192,0.3529554605484009
1685919712119482000,4.657482177734375,0.1756753921508789,-0.31655144691467285,-0.11758661270141602
1685919712129242600,4.66724267578125,-0.06586360931396484,-0.06637001037597656,-0.26733553409576416
1685919712139003600,4.677003662109375,-0.27309608459472656,0.03824496269226074,-0.5119251012802124
1685919712148765700,4.686765625,-0.5653867721557617,-0.061121225357055664,-0.5215737819671631
1685919712158527000,4.69652685546875,-0.5569267272949219,-0.049204111099243164,-0.31686556339263916
1685919712168287200,4.706287353515625,-0.8510246276855469,-0.12869739532470703,-0.818748950958252
1685919712178048500,4.716048583984375,0.14720630645751953,0.19422829151153564,-2.2761788368225098
1685919712187810300,4.725810302734375,-1.1644163131713867,-0.04646956920623779,-1.2086315155029297
1685919712197571600,4.735571533203125,-0.8988246917724609,-0.30457258224487305,0.1116797924041748
1685919712207332000,4.74533203125,-0.2618684768676758,-0.5341194868087769,0.6576428413391113
1685919712217093000,4.755093017578125,0.9998102188110352,-0.5441014766693115,1.0029311180114746
1685919712226855200,4.764855224609375,1.9298410415649414,-0.41858792304992676,0.8786559104919434
1685919712236616200,4.7746162109375,1.717254638671875,-0.43000900745391846,0.3714315891265869
1685919712246376700,4.784376708984375,1.2443618774414062,-0.3461616039276123,0.16541385650634766
1685919712256137700,4.7941376953125,0.6897735595703125,-0.3122825622558594,-0.2487480640411377
1685919712265899800,4.803899658203125,0.03785514831542969,-0.2899818420410156,-0.5257328748703003
1685919712275661000,4.8136611328125,-0.6744022369384766,-0.125635027885437,-0.35821712017059326
1685919712285421300,4.82342138671875,-1.075636863708496,-0.05962061882019043,-0.14396512508392334
1685919712295182600,4.8331826171875,-1.033914566040039,-0.1225733757019043,-0.17283642292022705
1685919712304944600,4.842944580078125,-0.37694740295410156,-0.11128044128417969,-0.20013296604156494
1685919712314705700,4.85270556640625,0.35471153259277344,-0.1619431972503662,-0.08660876750946045
1685919712324466200,4.862466064453125,0.7447042465209961,-0.14236092567443848,0.06410300731658936
1685919712334227200,4.872227294921875,0.7140684127807617,-0.2951362133026123,0.1811234951019287
1685919712343989200,4.8819892578125,0.31211376190185547,-0.20798778533935547,0.284759521484375
1685919712353750300,4.891750244140625,0.12683963775634766,-0.2166426181793213,0.11919558048248291
1685919712363510800,4.9015107421875,0.14004230499267578,-0.22196125984191895,0.027987241744995117
1685919712373272000,4.91127197265625,0.12892532348632812,-0.18831801414489746,-0.0597149133682251
1685919712383033900,4.921033935546875,0.04608631134033203,-0.07927393913269043,-0.00834512710571289
1685919712392795100,4.930795166015625,0.04925346374511719,-0.11782073974609375,0.04515409469604492
1685919712402555400,4.940555419921875,0.016323089599609375,-0.1759660243988037,0.05633962154388428
1685919712412316700,4.950316650390625,-0.1433706283569336,-0.14146137237548828,-0.0010017156600952148
1685919712422078700,4.96007861328125,-0.12199211120605469,-0.1382312774658203,-0.09574317932128906
1685919712431839700,4.96983984375,-0.05389976501464844,-0.16585659980773926,-0.18765199184417725
1685919712441600300,4.979600341796875,0.1303548812866211,-0.145949125289917,-0.2827796936035156
1685919712451361300,4.989361328125,0.22536945343017578,-0.15619564056396484,-0.28806376457214355
1685919712461123300,4.999123291015625,0.3487091064453125,-0.30571651458740234,-0.12787985801696777
1685919712470884600,5.008884521484375,0.4025850296020508,-0.30339646339416504,-0.03401374816894531
1685919712480644900,5.018644775390625,0.3492307662963867,-0.35524463653564453,-0.07913327217102051
1685919712490406100,5.02840625,0.25109100341796875,-0.3110384941101074,-0.11727118492126465
1685919712500168000,5.03816796875,0.2870950698852539,-0.34382176399230957,-0.061983585357666016
1685919712509929200,5.04792919921875,0.3112506866455078,-0.24295425415039062,-0.09684264659881592
1685919712519689500,5.057689453125,0.1376018524169922,-0.15797829627990723,-0.17383229732513428
1685919712529450800,5.06745068359375,-0.04974651336669922,-0.143035888671875,-0.19550740718841553
1685919712539212800,5.077212890625,0.044701576232910156,-0.19824838638305664,-0.10076093673706055
1685919712548973800,5.086973876953125,0.21712589263916016,-0.21041631698608398,-0.08524537086486816
1685919712558734300,5.096734375,0.159698486328125,-0.17388296127319336,-0.143471360206604
1685919712568495400,5.106495361328125,0.12862300872802734,-0.19469761848449707,-0.1016075611114502
1685919712578257400,5.11625732421875,0.05678272247314453,-0.21512532234191895,0.008310437202453613
1685919712588018700,5.126018798828125,-0.0030889511108398438,-0.1366589069366455,-0.015317440032958984
1685919712597779000,5.135779052734375,0.15430355072021484,-0.2356424331665039,-0.1590428352355957
1685919712607540200,5.145540283203125,0.31573486328125,-0.20149850845336914,-0.22572147846221924
1685919712617302000,5.155302001953125,0.2976264953613281,-0.220475435256958,-0.21924686431884766
1685919712627063300,5.165063232421875,0.3324317932128906,-0.15538859367370605,-0.1590125560760498
1685919712636823600,5.174823486328125,0.24086666107177734,-0.2109849452972412,-0.17781639099121094
1685919712646584800,5.184584716796875,0.20215797424316406,-0.20278525352478027,-0.11866605281829834
1685919712656347000,5.194346923828125,0.14446449279785156,-0.2596137523651123,0.05411827564239502
1685919712666108000,5.20410791015625,0.10838031768798828,-0.24415230751037598,0.09328591823577881
1685919712675868400,5.213868408203125,0.047911643981933594,-0.1656358242034912,0.05740928649902344
1685919712685629400,5.22362939453125,0.06844902038574219,-0.18799304962158203,-0.06714498996734619
1685919712695391500,5.2333916015625,0.10245132446289062,-0.1935572624206543,-0.06063210964202881
1685919712705152800,5.24315283203125,0.23918533325195312,-0.21889376640319824,-0.09151756763458252
1685919712714913000,5.2529130859375,0.37114715576171875,-0.21727895736694336,-0.022847652435302734
1685919712724674300,5.26267431640625,0.3340482711791992,-0.24664902687072754,-0.01285696029663086
1685919712734436000,5.27243603515625,0.2132282257080078,-0.20812129974365234,-0.032346367835998535
1685919712744197400,5.282197265625,0.16302108764648438,-0.20842719078063965,-0.0855027437210083
